#2026 07 30 02:49:54.231#Z#DEBUG#3ed74488-8bc1-11f1-85f0-eeee0a91cfe7.myfranchise-db-deployer#flowable-async-job-executor-thread-62830#
[PollStageAppStatusExecution] 29787a82-7f21-42fb-b29e-68fef013f5a1 [2026-07-30T02:27:42.447086] Precompiling "src/gen/myfranchise.NotificacoesCompliance.hdbtable"... (STDOUT, APP/TASK/deploy)#
#2026 07 30 02:49:54.231#Z#DEBUG#3ed74488-8bc1-11f1-85f0-eeee0a91cfe7.myfranchise-db-deployer#flowable-async-job-executor-thread-62830#
[PollStageAppStatusExecution] 29787a82-7f21-42fb-b29e-68fef013f5a1 [2026-07-30T02:27:42.447120] Precompiling "src/gen/myfranchise.ItensCatalogo.hdbtable"... ok (0s 9ms) (STDOUT, APP/TASK/deploy)#
#2026 07 30 02:49:54.231#Z#DEBUG#3ed74488-8bc1-11f1-85f0-eeee0a91cfe7.myfranchise-db-deployer#flowable-async-job-executor-thread-62830#
[PollStageAppStatusExecution] 29787a82-7f21-42fb-b29e-68fef013f5a1 [2026-07-30T02:27:42.447123] Precompiling "src/gen/myfranchise.Prioridade.hdbtable"... (STDOUT, APP/TASK/deploy)#
#2026 07 30 02:49:54.231#Z#DEBUG#3ed74488-8bc1-11f1-85f0-eeee0a91cfe7.myfranchise-db-deployer#flowable-async-job-executor-thread-62830#
[PollStageAppStatusExecution] 29787a82-7f21-42fb-b29e-68fef013f5a1 [2026-07-30T02:27:42.447125] Precompiling "src/gen/myfranchise.Franqueados.hdbtable"... ok (0s 11ms) (STDOUT, APP/TASK/deploy)#
#2026 07 30 02:49:54.231#Z#DEBUG#3ed74488-8bc1-11f1-85f0-eeee0a91cfe7.myfranchise-db-deployer#flowable-async-job-executor-thread-62830#
[PollStageAppStatusExecution] 29787a82-7f21-42fb-b29e-68fef013f5a1 [2026-07-30T02:27:42.447127] Precompiling "src/gen/myfranchise.Prioridade_texts.hdbtable"... (STDOUT, APP/TASK/deploy)#
#2026 07 30 02:49:54.231#Z#DEBUG#3ed74488-8bc1-11f1-85f0-eeee0a91cfe7.myfranchise-db-deployer#flowable-async-job-executor-thread-62830#
[PollStageAppStatusExecution] 29787a82-7f21-42fb-b29e-68fef013f5a1 [2026-07-30T02:27:42.447128] Precompiling "src/gen/myfranchise.KPI_Unidade.hdbtable"... ok (0s 10ms) (STDOUT, APP/TASK/deploy)#
#2026 07 30 02:49:54.231#Z#DEBUG#3ed74488-8bc1-11f1-85f0-eeee0a91cfe7.myfranchise-db-deployer#flowable-async-job-executor-thread-62830#
[PollStageAppStatusExecution] 29787a82-7f21-42fb-b29e-68fef013f5a1 [2026-07-30T02:27:42.447130] Precompiling "src/gen/myfranchise.ProcessosOnboarding.hdbtable"... (STDOUT, APP/TASK/deploy)#
#2026 07 30 02:49:54.231#Z#DEBUG#3ed74488-8bc1-11f1-85f0-eeee0a91cfe7.myfranchise-db-deployer#flowable-async-job-executor-thread-62830#
[PollStageAppStatusExecution] 29787a82-7f21-42fb-b29e-68fef013f5a1 [2026-07-30T02:27:42.447131] Precompiling "src/gen/myfranchise.NotificacoesCompliance.hdbtable"... ok (0s 9ms) (STDOUT, APP/TASK/deploy)#
#2026 07 30 02:49:54.231#Z#DEBUG#3ed74488-8bc1-11f1-85f0-eeee0a91cfe7.myfranchise-db-deployer#flowable-async-job-executor-thread-62830#
[PollStageAppStatusExecution] 29787a82-7f21-42fb-b29e-68fef013f5a1 [2026-07-30T02:27:42.447134] Precompiling "src/gen/myfranchise.Recomendacoes.hdbtable"... (STDOUT, APP/TASK/deploy)#
#2026 07 30 02:49:54.231#Z#DEBUG#3ed74488-8bc1-11f1-85f0-eeee0a91cfe7.myfranchise-db-deployer#flowable-async-job-executor-thread-62830#
[PollStageAppStatusExecution] 29787a82-7f21-42fb-b29e-68fef013f5a1 [2026-07-30T02:27:42.447136] Precompiling "src/gen/myfranchise.Prioridade.hdbtable"... ok (0s 8ms) (STDOUT, APP/TASK/deploy)#
#2026 07 30 02:49:54.231#Z#DEBUG#3ed74488-8bc1-11f1-85f0-eeee0a91cfe7.myfranchise-db-deployer#flowable-async-job-executor-thread-62830#
[PollStageAppStatusExecution] 29787a82-7f21-42fb-b29e-68fef013f5a1 [2026-07-30T02:27:42.447137] Precompiling "src/gen/myfranchise.Regiao.hdbtable"... (STDOUT, APP/TASK/deploy)#
#2026 07 30 02:49:54.231#Z#DEBUG#3ed74488-8bc1-11f1-85f0-eeee0a91cfe7.myfranchise-db-deployer#flowable-async-job-executor-thread-62830#
[PollStageAppStatusExecution] 29787a82-7f21-42fb-b29e-68fef013f5a1 [2026-07-30T02:27:42.447139] Precompiling "src/gen/myfranchise.Prioridade_texts.hdbtable"... ok (0s 8ms) (STDOUT, APP/TASK/deploy)#
#2026 07 30 02:49:54.231#Z#DEBUG#3ed74488-8bc1-11f1-85f0-eeee0a91cfe7.myfranchise-db-deployer#flowable-async-job-executor-thread-62830#
[PollStageAppStatusExecution] 29787a82-7f21-42fb-b29e-68fef013f5a1 [2026-07-30T02:27:42.447142] Precompiling "src/gen/myfranchise.Regiao_texts.hdbtable"... (STDOUT, APP/TASK/deploy)#
#2026 07 30 02:49:54.231#Z#DEBUG#3ed74488-8bc1-11f1-85f0-eeee0a91cfe7.myfranchise-db-deployer#flowable-async-job-executor-thread-62830#
[PollStageAppStatusExecution] 29787a82-7f21-42fb-b29e-68fef013f5a1 [2026-07-30T02:27:42.447143] Precompiling "src/gen/myfranchise.ProcessosOnboarding.hdbtable"... ok (0s 8ms) (STDOUT, APP/TASK/deploy)#
#2026 07 30 02:49:54.231#Z#DEBUG#3ed74488-8bc1-11f1-85f0-eeee0a91cfe7.myfranchise-db-deployer#flowable-async-job-executor-thread-62830#
[PollStageAppStatusExecution] 29787a82-7f21-42fb-b29e-68fef013f5a1 [2026-07-30T02:27:42.447145] Precompiling "src/gen/myfranchise.RegrasCompliance.hdbtable"... (STDOUT, APP/TASK/deploy)#
#2026 07 30 02:49:54.231#Z#DEBUG#3ed74488-8bc1-11f1-85f0-eeee0a91cfe7.myfranchise-db-deployer#flowable-async-job-executor-thread-62830#
[PollStageAppStatusExecution] 29787a82-7f21-42fb-b29e-68fef013f5a1 [2026-07-30T02:27:42.447146] Precompiling "src/gen/myfranchise.Recomendacoes.hdbtable"... ok (0s 9ms) (STDOUT, APP/TASK/deploy)#
#2026 07 30 02:49:54.231#Z#DEBUG#3ed74488-8bc1-11f1-85f0-eeee0a91cfe7.myfranchise-db-deployer#flowable-async-job-executor-thread-62830#
[PollStageAppStatusExecution] 29787a82-7f21-42fb-b29e-68fef013f5a1 [2026-07-30T02:27:42.447148] Precompiling "src/gen/myfranchise.Saude_Unidade.hdbtable"... (STDOUT, APP/TASK/deploy)#
#2026 07 30 02:49:54.231#Z#DEBUG#3ed74488-8bc1-11f1-85f0-eeee0a91cfe7.myfranchise-db-deployer#flowable-async-job-executor-thread-62830#
[PollStageAppStatusExecution] 29787a82-7f21-42fb-b29e-68fef013f5a1 [2026-07-30T02:27:42.447149] Precompiling "src/gen/myfranchise.Regiao.hdbtable"... ok (0s 8ms) (STDOUT, APP/TASK/deploy)#
#2026 07 30 02:49:54.231#Z#DEBUG#3ed74488-8bc1-11f1-85f0-eeee0a91cfe7.myfranchise-db-deployer#flowable-async-job-executor-thread-62830#
[PollStageAppStatusExecution] 29787a82-7f21-42fb-b29e-68fef013f5a1 [2026-07-30T02:27:42.447151] Precompiling "src/gen/myfranchise.Severidade.hdbtable"... (STDOUT, APP/TASK/deploy)#
#2026 07 30 02:49:54.231#Z#DEBUG#3ed74488-8bc1-11f1-85f0-eeee0a91cfe7.myfranchise-db-deployer#flowable-async-job-executor-thread-62830#
[PollStageAppStatusExecution] 29787a82-7f21-42fb-b29e-68fef013f5a1 [2026-07-30T02:27:42.447152] Precompiling "src/gen/myfranchise.Regiao_texts.hdbtable"... ok (0s 9ms) (STDOUT, APP/TASK/deploy)#
#2026 07 30 02:49:54.231#Z#DEBUG#3ed74488-8bc1-11f1-85f0-eeee0a91cfe7.myfranchise-db-deployer#flowable-async-job-executor-thread-62830#
[PollStageAppStatusExecution] 29787a82-7f21-42fb-b29e-68fef013f5a1 [2026-07-30T02:27:42.447154] Precompiling "src/gen/myfranchise.Severidade_texts.hdbtable"... (STDOUT, APP/TASK/deploy)#
#2026 07 30 02:49:54.231#Z#DEBUG#3ed74488-8bc1-11f1-85f0-eeee0a91cfe7.myfranchise-db-deployer#flowable-async-job-executor-thread-62830#
[PollStageAppStatusExecution] 29787a82-7f21-42fb-b29e-68fef013f5a1 [2026-07-30T02:27:42.447155] Precompiling "src/gen/myfranchise.RegrasCompliance.hdbtable"... ok (0s 9ms) (STDOUT, APP/TASK/deploy)#
#2026 07 30 02:49:54.231#Z#DEBUG#3ed74488-8bc1-11f1-85f0-eeee0a91cfe7.myfranchise-db-deployer#flowable-async-job-executor-thread-62830#
[PollStageAppStatusExecution] 29787a82-7f21-42fb-b29e-68fef013f5a1 [2026-07-30T02:27:42.447159] Precompiling "src/gen/myfranchise.StatusAlerta.hdbtable"... (STDOUT, APP/TASK/deploy)#
#2026 07 30 02:49:54.231#Z#DEBUG#3ed74488-8bc1-11f1-85f0-eeee0a91cfe7.myfranchise-db-deployer#flowable-async-job-executor-thread-62830#
[PollStageAppStatusExecution] 29787a82-7f21-42fb-b29e-68fef013f5a1 [2026-07-30T02:27:42.447161] Precompiling "src/gen/myfranchise.Saude_Unidade.hdbtable"... ok (0s 9ms) (STDOUT, APP/TASK/deploy)#
#2026 07 30 02:49:54.231#Z#DEBUG#3ed74488-8bc1-11f1-85f0-eeee0a91cfe7.myfranchise-db-deployer#flowable-async-job-executor-thread-62830#
[PollStageAppStatusExecution] 29787a82-7f21-42fb-b29e-68fef013f5a1 [2026-07-30T02:27:42.447163] Precompiling "src/gen/myfranchise.StatusAlerta_texts.hdbtable"... (STDOUT, APP/TASK/deploy)#
#2026 07 30 02:49:54.231#Z#DEBUG#3ed74488-8bc1-11f1-85f0-eeee0a91cfe7.myfranchise-db-deployer#flowable-async-job-executor-thread-62830#
[PollStageAppStatusExecution] 29787a82-7f21-42fb-b29e-68fef013f5a1 [2026-07-30T02:27:42.447165] Precompiling "src/gen/myfranchise.Severidade.hdbtable"... ok (0s 8ms) (STDOUT, APP/TASK/deploy)#
#2026 07 30 02:49:54.231#Z#DEBUG#3ed74488-8bc1-11f1-85f0-eeee0a91cfe7.myfranchise-db-deployer#flowable-async-job-executor-thread-62830#
[PollStageAppStatusExecution] 29787a82-7f21-42fb-b29e-68fef013f5a1 [2026-07-30T02:27:42.447167] Precompiling "src/gen/myfranchise.StatusAprovacao.hdbtable"... (STDOUT, APP/TASK/deploy)#
#2026 07 30 02:49:54.231#Z#DEBUG#3ed74488-8bc1-11f1-85f0-eeee0a91cfe7.myfranchise-db-deployer#flowable-async-job-executor-thread-62830#
[PollStageAppStatusExecution] 29787a82-7f21-42fb-b29e-68fef013f5a1 [2026-07-30T02:27:42.447169] Precompiling "src/gen/myfranchise.Severidade_texts.hdbtable"... ok (0s 7ms) (STDOUT, APP/TASK/deploy)#
#2026 07 30 02:49:54.231#Z#DEBUG#3ed74488-8bc1-11f1-85f0-eeee0a91cfe7.myfranchise-db-deployer#flowable-async-job-executor-thread-62830#
[PollStageAppStatusExecution] 29787a82-7f21-42fb-b29e-68fef013f5a1 [2026-07-30T02:27:42.447170] Precompiling "src/gen/myfranchise.StatusAprovacao_texts.hdbtable"... (STDOUT, APP/TASK/deploy)#
#2026 07 30 02:49:54.231#Z#DEBUG#3ed74488-8bc1-11f1-85f0-eeee0a91cfe7.myfranchise-db-deployer#flowable-async-job-executor-thread-62830#
[PollStageAppStatusExecution] 29787a82-7f21-42fb-b29e-68fef013f5a1 [2026-07-30T02:27:42.447172] Precompiling "src/gen/myfranchise.StatusAlerta.hdbtable"... ok (0s 8ms) (STDOUT, APP/TASK/deploy)#
#2026 07 30 02:49:54.231#Z#DEBUG#3ed74488-8bc1-11f1-85f0-eeee0a91cfe7.myfranchise-db-deployer#flowable-async-job-executor-thread-62830#
[PollStageAppStatusExecution] 29787a82-7f21-42fb-b29e-68fef013f5a1 [2026-07-30T02:27:42.447173] Precompiling "src/gen/myfranchise.StatusCatalogo.hdbtable"... (STDOUT, APP/TASK/deploy)#
#2026 07 30 02:49:54.231#Z#DEBUG#3ed74488-8bc1-11f1-85f0-eeee0a91cfe7.myfranchise-db-deployer#flowable-async-job-executor-thread-62830#
[PollStageAppStatusExecution] 29787a82-7f21-42fb-b29e-68fef013f5a1 [2026-07-30T02:27:42.447174] Precompiling "src/gen/myfranchise.StatusAlerta_texts.hdbtable"... ok (0s 7ms) (STDOUT, APP/TASK/deploy)#
#2026 07 30 02:49:54.231#Z#DEBUG#3ed74488-8bc1-11f1-85f0-eeee0a91cfe7.myfranchise-db-deployer#flowable-async-job-executor-thread-62830#
[PollStageAppStatusExecution] 29787a82-7f21-42fb-b29e-68fef013f5a1 [2026-07-30T02:27:42.447176] Precompiling "src/gen/myfranchise.StatusCatalogo_texts.hdbtable"... (STDOUT, APP/TASK/deploy)#
#2026 07 30 02:49:54.231#Z#DEBUG#3ed74488-8bc1-11f1-85f0-eeee0a91cfe7.myfranchise-db-deployer#flowable-async-job-executor-thread-62830#
[PollStageAppStatusExecution] 29787a82-7f21-42fb-b29e-68fef013f5a1 [2026-07-30T02:27:42.447177] Precompiling "src/gen/myfranchise.StatusAprovacao.hdbtable"... ok (0s 8ms) (STDOUT, APP/TASK/deploy)#
#2026 07 30 02:49:54.231#Z#DEBUG#3ed74488-8bc1-11f1-85f0-eeee0a91cfe7.myfranchise-db-deployer#flowable-async-job-executor-thread-62830#
[PollStageAppStatusExecution] 29787a82-7f21-42fb-b29e-68fef013f5a1 [2026-07-30T02:27:42.447179] Precompiling "src/gen/myfranchise.StatusContrato.hdbtable"... (STDOUT, APP/TASK/deploy)#
#2026 07 30 02:49:54.231#Z#DEBUG#3ed74488-8bc1-11f1-85f0-eeee0a91cfe7.myfranchise-db-deployer#flowable-async-job-executor-thread-62830#
[PollStageAppStatusExecution] 29787a82-7f21-42fb-b29e-68fef013f5a1 [2026-07-30T02:27:42.447180] Precompiling "src/gen/myfranchise.StatusAprovacao_texts.hdbtable"... ok (0s 8ms) (STDOUT, APP/TASK/deploy)#
#2026 07 30 02:49:54.231#Z#DEBUG#3ed74488-8bc1-11f1-85f0-eeee0a91cfe7.myfranchise-db-deployer#flowable-async-job-executor-thread-62830#
[PollStageAppStatusExecution] 29787a82-7f21-42fb-b29e-68fef013f5a1 [2026-07-30T02:27:42.447183] Precompiling "src/gen/myfranchise.StatusContrato_texts.hdbtable"... (STDOUT, APP/TASK/deploy)#
#2026 07 30 02:49:54.231#Z#DEBUG#3ed74488-8bc1-11f1-85f0-eeee0a91cfe7.myfranchise-db-deployer#flowable-async-job-executor-thread-62830#
[PollStageAppStatusExecution] 29787a82-7f21-42fb-b29e-68fef013f5a1 [2026-07-30T02:27:42.447184] Precompiling "src/gen/myfranchise.StatusCatalogo.hdbtable"... ok (0s 7ms) (STDOUT, APP/TASK/deploy)#
#2026 07 30 02:49:54.231#Z#DEBUG#3ed74488-8bc1-11f1-85f0-eeee0a91cfe7.myfranchise-db-deployer#flowable-async-job-executor-thread-62830#
[PollStageAppStatusExecution] 29787a82-7f21-42fb-b29e-68fef013f5a1 [2026-07-30T02:27:42.447185] Precompiling "src/gen/myfranchise.StatusDesvio.hdbtable"... (STDOUT, APP/TASK/deploy)#
#2026 07 30 02:49:54.231#Z#DEBUG#3ed74488-8bc1-11f1-85f0-eeee0a91cfe7.myfranchise-db-deployer#flowable-async-job-executor-thread-62830#
[PollStageAppStatusExecution] 29787a82-7f21-42fb-b29e-68fef013f5a1 [2026-07-30T02:27:42.447187] Precompiling "src/gen/myfranchise.StatusCatalogo_texts.hdbtable"... ok (0s 8ms) (STDOUT, APP/TASK/deploy)#
#2026 07 30 02:49:54.231#Z#DEBUG#3ed74488-8bc1-11f1-85f0-eeee0a91cfe7.myfranchise-db-deployer#flowable-async-job-executor-thread-62830#
[PollStageAppStatusExecution] 29787a82-7f21-42fb-b29e-68fef013f5a1 [2026-07-30T02:27:42.447188] Precompiling "src/gen/myfranchise.StatusDesvio_texts.hdbtable"... (STDOUT, APP/TASK/deploy)#
#2026 07 30 02:49:54.231#Z#DEBUG#3ed74488-8bc1-11f1-85f0-eeee0a91cfe7.myfranchise-db-deployer#flowable-async-job-executor-thread-62830#
[PollStageAppStatusExecution] 29787a82-7f21-42fb-b29e-68fef013f5a1 [2026-07-30T02:27:42.447190] Precompiling "src/gen/myfranchise.StatusContrato.hdbtable"... ok (0s 8ms) (STDOUT, APP/TASK/deploy)#
#2026 07 30 02:49:54.231#Z#DEBUG#3ed74488-8bc1-11f1-85f0-eeee0a91cfe7.myfranchise-db-deployer#flowable-async-job-executor-thread-62830#
[PollStageAppStatusExecution] 29787a82-7f21-42fb-b29e-68fef013f5a1 [2026-07-30T02:27:42.447192] Precompiling "src/gen/myfranchise.StatusDocumento.hdbtable"... (STDOUT, APP/TASK/deploy)#
#2026 07 30 02:49:54.231#Z#DEBUG#3ed74488-8bc1-11f1-85f0-eeee0a91cfe7.myfranchise-db-deployer#flowable-async-job-executor-thread-62830#
[PollStageAppStatusExecution] 29787a82-7f21-42fb-b29e-68fef013f5a1 [2026-07-30T02:27:42.447194] Precompiling "src/gen/myfranchise.StatusContrato_texts.hdbtable"... ok (0s 7ms) (STDOUT, APP/TASK/deploy)#
#2026 07 30 02:49:54.231#Z#DEBUG#3ed74488-8bc1-11f1-85f0-eeee0a91cfe7.myfranchise-db-deployer#flowable-async-job-executor-thread-62830#
[PollStageAppStatusExecution] 29787a82-7f21-42fb-b29e-68fef013f5a1 [2026-07-30T02:27:42.447195] Precompiling "src/gen/myfranchise.StatusDocumento_texts.hdbtable"... (STDOUT, APP/TASK/deploy)#
#2026 07 30 02:49:54.231#Z#DEBUG#3ed74488-8bc1-11f1-85f0-eeee0a91cfe7.myfranchise-db-deployer#flowable-async-job-executor-thread-62830#
[PollStageAppStatusExecution] 29787a82-7f21-42fb-b29e-68fef013f5a1 [2026-07-30T02:27:42.447197] Precompiling "src/gen/myfranchise.StatusDesvio.hdbtable"... ok (0s 8ms) (STDOUT, APP/TASK/deploy)#
#2026 07 30 02:49:54.231#Z#DEBUG#3ed74488-8bc1-11f1-85f0-eeee0a91cfe7.myfranchise-db-deployer#flowable-async-job-executor-thread-62830#
[PollStageAppStatusExecution] 29787a82-7f21-42fb-b29e-68fef013f5a1 [2026-07-30T02:27:42.447198] Precompiling "src/gen/myfranchise.StatusFranqueado.hdbtable"... (STDOUT, APP/TASK/deploy)#
#2026 07 30 02:49:54.231#Z#DEBUG#3ed74488-8bc1-11f1-85f0-eeee0a91cfe7.myfranchise-db-deployer#flowable-async-job-executor-thread-62830#
[PollStageAppStatusExecution] 29787a82-7f21-42fb-b29e-68fef013f5a1 [2026-07-30T02:27:42.447200] Precompiling "src/gen/myfranchise.StatusDesvio_texts.hdbtable"... ok (0s 9ms) (STDOUT, APP/TASK/deploy)#
#2026 07 30 02:49:54.231#Z#DEBUG#3ed74488-8bc1-11f1-85f0-eeee0a91cfe7.myfranchise-db-deployer#flowable-async-job-executor-thread-62830#
[PollStageAppStatusExecution] 29787a82-7f21-42fb-b29e-68fef013f5a1 [2026-07-30T02:27:42.447203] Precompiling "src/gen/myfranchise.StatusFranqueado_texts.hdbtable"... (STDOUT, APP/TASK/deploy)#
#2026 07 30 02:49:54.231#Z#DEBUG#3ed74488-8bc1-11f1-85f0-eeee0a91cfe7.myfranchise-db-deployer#flowable-async-job-executor-thread-62830#
[PollStageAppStatusExecution] 29787a82-7f21-42fb-b29e-68fef013f5a1 [2026-07-30T02:27:42.447205] Precompiling "src/gen/myfranchise.StatusDocumento.hdbtable"... ok (0s 8ms) (STDOUT, APP/TASK/deploy)#
#2026 07 30 02:49:54.231#Z#DEBUG#3ed74488-8bc1-11f1-85f0-eeee0a91cfe7.myfranchise-db-deployer#flowable-async-job-executor-thread-62830#
[PollStageAppStatusExecution] 29787a82-7f21-42fb-b29e-68fef013f5a1 [2026-07-30T02:27:42.447208] Precompiling "src/gen/myfranchise.StatusKPI.hdbtable"... (STDOUT, APP/TASK/deploy)#
#2026 07 30 02:49:54.231#Z#DEBUG#3ed74488-8bc1-11f1-85f0-eeee0a91cfe7.myfranchise-db-deployer#flowable-async-job-executor-thread-62830#
[PollStageAppStatusExecution] 29787a82-7f21-42fb-b29e-68fef013f5a1 [2026-07-30T02:27:42.447211] Precompiling "src/gen/myfranchise.StatusDocumento_texts.hdbtable"... ok (0s 9ms) (STDOUT, APP/TASK/deploy)#
#2026 07 30 02:49:54.231#Z#DEBUG#3ed74488-8bc1-11f1-85f0-eeee0a91cfe7.myfranchise-db-deployer#flowable-async-job-executor-thread-62830#
[PollStageAppStatusExecution] 29787a82-7f21-42fb-b29e-68fef013f5a1 [2026-07-30T02:27:42.447212] Precompiling "src/gen/myfranchise.StatusKPI_texts.hdbtable"... (STDOUT, APP/TASK/deploy)#
#2026 07 30 02:49:54.231#Z#DEBUG#3ed74488-8bc1-11f1-85f0-eeee0a91cfe7.myfranchise-db-deployer#flowable-async-job-executor-thread-62830#
[PollStageAppStatusExecution] 29787a82-7f21-42fb-b29e-68fef013f5a1 [2026-07-30T02:27:42.447213] Precompiling "src/gen/myfranchise.StatusFranqueado.hdbtable"... ok (0s 8ms) (STDOUT, APP/TASK/deploy)#
#2026 07 30 02:49:54.231#Z#DEBUG#3ed74488-8bc1-11f1-85f0-eeee0a91cfe7.myfranchise-db-deployer#flowable-async-job-executor-thread-62830#
[PollStageAppStatusExecution] 29787a82-7f21-42fb-b29e-68fef013f5a1 [2026-07-30T02:27:42.447215] Precompiling "src/gen/myfranchise.StatusNotificacao.hdbtable"... (STDOUT, APP/TASK/deploy)#
#2026 07 30 02:49:54.231#Z#DEBUG#3ed74488-8bc1-11f1-85f0-eeee0a91cfe7.myfranchise-db-deployer#flowable-async-job-executor-thread-62830#
[PollStageAppStatusExecution] 29787a82-7f21-42fb-b29e-68fef013f5a1 [2026-07-30T02:27:42.447216] Precompiling "src/gen/myfranchise.StatusFranqueado_texts.hdbtable"... ok (0s 9ms) (STDOUT, APP/TASK/deploy)#
#2026 07 30 02:49:54.231#Z#DEBUG#3ed74488-8bc1-11f1-85f0-eeee0a91cfe7.myfranchise-db-deployer#flowable-async-job-executor-thread-62830#
[PollStageAppStatusExecution] 29787a82-7f21-42fb-b29e-68fef013f5a1 [2026-07-30T02:27:42.447260] Precompiling "src/gen/myfranchise.StatusNotificacao_texts.hdbtable"... (STDOUT, APP/TASK/deploy)#
#2026 07 30 02:49:54.231#Z#DEBUG#3ed74488-8bc1-11f1-85f0-eeee0a91cfe7.myfranchise-db-deployer#flowable-async-job-executor-thread-62830#
[PollStageAppStatusExecution] 29787a82-7f21-42fb-b29e-68fef013f5a1 [2026-07-30T02:27:42.447263] Precompiling "src/gen/myfranchise.StatusKPI.hdbtable"... ok (0s 9ms) (STDOUT, APP/TASK/deploy)#
#2026 07 30 02:49:54.231#Z#DEBUG#3ed74488-8bc1-11f1-85f0-eeee0a91cfe7.myfranchise-db-deployer#flowable-async-job-executor-thread-62830#
[PollStageAppStatusExecution] 29787a82-7f21-42fb-b29e-68fef013f5a1 [2026-07-30T02:27:42.447266] Precompiling "src/gen/myfranchise.StatusOnboarding.hdbtable"... (STDOUT, APP/TASK/deploy)#
#2026 07 30 02:49:54.231#Z#DEBUG#3ed74488-8bc1-11f1-85f0-eeee0a91cfe7.myfranchise-db-deployer#flowable-async-job-executor-thread-62830#
[PollStageAppStatusExecution] 29787a82-7f21-42fb-b29e-68fef013f5a1 [2026-07-30T02:27:42.447268] Precompiling "src/gen/myfranchise.StatusKPI_texts.hdbtable"... ok (0s 8ms) (STDOUT, APP/TASK/deploy)#
#2026 07 30 02:49:54.231#Z#DEBUG#3ed74488-8bc1-11f1-85f0-eeee0a91cfe7.myfranchise-db-deployer#flowable-async-job-executor-thread-62830#
[PollStageAppStatusExecution] 29787a82-7f21-42fb-b29e-68fef013f5a1 [2026-07-30T02:27:42.447271] Precompiling "src/gen/myfranchise.StatusOnboarding_texts.hdbtable"... (STDOUT, APP/TASK/deploy)#
#2026 07 30 02:49:54.231#Z#DEBUG#3ed74488-8bc1-11f1-85f0-eeee0a91cfe7.myfranchise-db-deployer#flowable-async-job-executor-thread-62830#
[PollStageAppStatusExecution] 29787a82-7f21-42fb-b29e-68fef013f5a1 [2026-07-30T02:27:42.447273] Precompiling "src/gen/myfranchise.StatusNotificacao.hdbtable"... ok (0s 11ms) (STDOUT, APP/TASK/deploy)#
#2026 07 30 02:49:54.231#Z#DEBUG#3ed74488-8bc1-11f1-85f0-eeee0a91cfe7.myfranchise-db-deployer#flowable-async-job-executor-thread-62830#
[PollStageAppStatusExecution] 29787a82-7f21-42fb-b29e-68fef013f5a1 [2026-07-30T02:27:42.447276] Precompiling "src/gen/myfranchise.StatusRecomendacao.hdbtable"... (STDOUT, APP/TASK/deploy)#
#2026 07 30 02:49:54.231#Z#DEBUG#3ed74488-8bc1-11f1-85f0-eeee0a91cfe7.myfranchise-db-deployer#flowable-async-job-executor-thread-62830#
[PollStageAppStatusExecution] 29787a82-7f21-42fb-b29e-68fef013f5a1 [2026-07-30T02:27:42.447279] Precompiling "src/gen/myfranchise.StatusOnboarding.hdbtable"... ok (0s 9ms) (STDOUT, APP/TASK/deploy)#
#2026 07 30 02:49:54.231#Z#DEBUG#3ed74488-8bc1-11f1-85f0-eeee0a91cfe7.myfranchise-db-deployer#flowable-async-job-executor-thread-62830#
[PollStageAppStatusExecution] 29787a82-7f21-42fb-b29e-68fef013f5a1 [2026-07-30T02:27:42.447283] Precompiling "src/gen/myfranchise.StatusNotificacao_texts.hdbtable"... ok (0s 10ms) (STDOUT, APP/TASK/deploy)#
#2026 07 30 02:49:54.231#Z#DEBUG#3ed74488-8bc1-11f1-85f0-eeee0a91cfe7.myfranchise-db-deployer#flowable-async-job-executor-thread-62830#
[PollStageAppStatusExecution] 29787a82-7f21-42fb-b29e-68fef013f5a1 [2026-07-30T02:27:42.447286] Precompiling "src/gen/myfranchise.StatusTarefa.hdbtable"... (STDOUT, APP/TASK/deploy)#
#2026 07 30 02:49:54.231#Z#DEBUG#3ed74488-8bc1-11f1-85f0-eeee0a91cfe7.myfranchise-db-deployer#flowable-async-job-executor-thread-62830#
[PollStageAppStatusExecution] 29787a82-7f21-42fb-b29e-68fef013f5a1 [2026-07-30T02:27:42.447288] Precompiling "src/gen/myfranchise.StatusRecomendacao_texts.hdbtable"... (STDOUT, APP/TASK/deploy)#
#2026 07 30 02:49:54.231#Z#DEBUG#3ed74488-8bc1-11f1-85f0-eeee0a91cfe7.myfranchise-db-deployer#flowable-async-job-executor-thread-62830#
[PollStageAppStatusExecution] 29787a82-7f21-42fb-b29e-68fef013f5a1 [2026-07-30T02:27:42.447291] Precompiling "src/gen/myfranchise.StatusOnboarding_texts.hdbtable"... ok (0s 8ms) (STDOUT, APP/TASK/deploy)#
#2026 07 30 02:49:54.231#Z#DEBUG#3ed74488-8bc1-11f1-85f0-eeee0a91cfe7.myfranchise-db-deployer#flowable-async-job-executor-thread-62830#
[PollStageAppStatusExecution] 29787a82-7f21-42fb-b29e-68fef013f5a1 [2026-07-30T02:27:42.447294] Precompiling "src/gen/myfranchise.StatusTarefa_texts.hdbtable"... (STDOUT, APP/TASK/deploy)#
#2026 07 30 02:49:54.231#Z#DEBUG#3ed74488-8bc1-11f1-85f0-eeee0a91cfe7.myfranchise-db-deployer#flowable-async-job-executor-thread-62830#
[PollStageAppStatusExecution] 29787a82-7f21-42fb-b29e-68fef013f5a1 [2026-07-30T02:27:42.447296] Precompiling "src/gen/myfranchise.StatusRecomendacao.hdbtable"... ok (0s 8ms) (STDOUT, APP/TASK/deploy)#
#2026 07 30 02:49:54.231#Z#DEBUG#3ed74488-8bc1-11f1-85f0-eeee0a91cfe7.myfranchise-db-deployer#flowable-async-job-executor-thread-62830#
[PollStageAppStatusExecution] 29787a82-7f21-42fb-b29e-68fef013f5a1 [2026-07-30T02:27:42.447299] Precompiling "src/gen/myfranchise.StatusUnidade.hdbtable"... (STDOUT, APP/TASK/deploy)#
#2026 07 30 02:49:54.231#Z#DEBUG#3ed74488-8bc1-11f1-85f0-eeee0a91cfe7.myfranchise-db-deployer#flowable-async-job-executor-thread-62830#
[PollStageAppStatusExecution] 29787a82-7f21-42fb-b29e-68fef013f5a1 [2026-07-30T02:27:42.447301] Precompiling "src/gen/myfranchise.StatusRecomendacao_texts.hdbtable"... ok (0s 8ms) (STDOUT, APP/TASK/deploy)#
#2026 07 30 02:49:54.231#Z#DEBUG#3ed74488-8bc1-11f1-85f0-eeee0a91cfe7.myfranchise-db-deployer#flowable-async-job-executor-thread-62830#
[PollStageAppStatusExecution] 29787a82-7f21-42fb-b29e-68fef013f5a1 [2026-07-30T02:27:42.447303] Precompiling "src/gen/myfranchise.StatusUnidade_texts.hdbtable"... (STDOUT, APP/TASK/deploy)#
#2026 07 30 02:49:54.231#Z#DEBUG#3ed74488-8bc1-11f1-85f0-eeee0a91cfe7.myfranchise-db-deployer#flowable-async-job-executor-thread-62830#
[PollStageAppStatusExecution] 29787a82-7f21-42fb-b29e-68fef013f5a1 [2026-07-30T02:27:42.447307] Precompiling "src/gen/myfranchise.StatusTarefa.hdbtable"... ok (0s 9ms) (STDOUT, APP/TASK/deploy)#
#2026 07 30 02:49:54.231#Z#DEBUG#3ed74488-8bc1-11f1-85f0-eeee0a91cfe7.myfranchise-db-deployer#flowable-async-job-executor-thread-62830#
[PollStageAppStatusExecution] 29787a82-7f21-42fb-b29e-68fef013f5a1 [2026-07-30T02:27:42.447309] Precompiling "src/gen/myfranchise.TarefasOnboarding.hdbtable"... (STDOUT, APP/TASK/deploy)#
#2026 07 30 02:49:54.231#Z#DEBUG#3ed74488-8bc1-11f1-85f0-eeee0a91cfe7.myfranchise-db-deployer#flowable-async-job-executor-thread-62830#
[PollStageAppStatusExecution] 29787a82-7f21-42fb-b29e-68fef013f5a1 [2026-07-30T02:27:42.447311] Precompiling "src/gen/myfranchise.StatusTarefa_texts.hdbtable"... ok (0s 10ms) (STDOUT, APP/TASK/deploy)#
#2026 07 30 02:49:54.231#Z#DEBUG#3ed74488-8bc1-11f1-85f0-eeee0a91cfe7.myfranchise-db-deployer#flowable-async-job-executor-thread-62830#
[PollStageAppStatusExecution] 29787a82-7f21-42fb-b29e-68fef013f5a1 [2026-07-30T02:27:42.447313] Precompiling "src/gen/myfranchise.TipoAlerta.hdbtable"... (STDOUT, APP/TASK/deploy)#
#2026 07 30 02:49:54.231#Z#DEBUG#3ed74488-8bc1-11f1-85f0-eeee0a91cfe7.myfranchise-db-deployer#flowable-async-job-executor-thread-62830#
[PollStageAppStatusExecution] 29787a82-7f21-42fb-b29e-68fef013f5a1 [2026-07-30T02:27:42.447315] Precompiling "src/gen/myfranchise.StatusUnidade.hdbtable"... ok (0s 9ms) (STDOUT, APP/TASK/deploy)#
#2026 07 30 02:49:54.231#Z#DEBUG#3ed74488-8bc1-11f1-85f0-eeee0a91cfe7.myfranchise-db-deployer#flowable-async-job-executor-thread-62830#
[PollStageAppStatusExecution] 29787a82-7f21-42fb-b29e-68fef013f5a1 [2026-07-30T02:27:42.447321] Precompiling "src/gen/myfranchise.TipoAlerta_texts.hdbtable"... (STDOUT, APP/TASK/deploy)#
#2026 07 30 02:49:54.231#Z#DEBUG#3ed74488-8bc1-11f1-85f0-eeee0a91cfe7.myfranchise-db-deployer#flowable-async-job-executor-thread-62830#
[PollStageAppStatusExecution] 29787a82-7f21-42fb-b29e-68fef013f5a1 [2026-07-30T02:27:42.447324] Precompiling "src/gen/myfranchise.StatusUnidade_texts.hdbtable"... ok (0s 10ms) (STDOUT, APP/TASK/deploy)#
#2026 07 30 02:49:54.231#Z#DEBUG#3ed74488-8bc1-11f1-85f0-eeee0a91cfe7.myfranchise-db-deployer#flowable-async-job-executor-thread-62830#
[PollStageAppStatusExecution] 29787a82-7f21-42fb-b29e-68fef013f5a1 [2026-07-30T02:27:42.447326] Precompiling "src/gen/myfranchise.TipoDesvio.hdbtable"... (STDOUT, APP/TASK/deploy)#
#2026 07 30 02:49:54.231#Z#DEBUG#3ed74488-8bc1-11f1-85f0-eeee0a91cfe7.myfranchise-db-deployer#flowable-async-job-executor-thread-62830#
[PollStageAppStatusExecution] 29787a82-7f21-42fb-b29e-68fef013f5a1 [2026-07-30T02:27:42.447328] Precompiling "src/gen/myfranchise.TarefasOnboarding.hdbtable"... ok (0s 11ms) (STDOUT, APP/TASK/deploy)#
#2026 07 30 02:49:54.231#Z#DEBUG#3ed74488-8bc1-11f1-85f0-eeee0a91cfe7.myfranchise-db-deployer#flowable-async-job-executor-thread-62830#
[PollStageAppStatusExecution] 29787a82-7f21-42fb-b29e-68fef013f5a1 [2026-07-30T02:27:42.447331] Precompiling "src/gen/myfranchise.TipoAlerta.hdbtable"... ok (0s 9ms) (STDOUT, APP/TASK/deploy)#
#2026 07 30 02:49:54.231#Z#DEBUG#3ed74488-8bc1-11f1-85f0-eeee0a91cfe7.myfranchise-db-deployer#flowable-async-job-executor-thread-62830#
[PollStageAppStatusExecution] 29787a82-7f21-42fb-b29e-68fef013f5a1 [2026-07-30T02:27:42.447333] Precompiling "src/gen/myfranchise.TipoDesvio_texts.hdbtable"... (STDOUT, APP/TASK/deploy)#
#2026 07 30 02:49:54.231#Z#DEBUG#3ed74488-8bc1-11f1-85f0-eeee0a91cfe7.myfranchise-db-deployer#flowable-async-job-executor-thread-62830#
[PollStageAppStatusExecution] 29787a82-7f21-42fb-b29e-68fef013f5a1 [2026-07-30T02:27:42.447334] Precompiling "src/gen/myfranchise.TipoDocumento.hdbtable"... (STDOUT, APP/TASK/deploy)#
#2026 07 30 02:49:54.231#Z#DEBUG#3ed74488-8bc1-11f1-85f0-eeee0a91cfe7.myfranchise-db-deployer#flowable-async-job-executor-thread-62830#
[PollStageAppStatusExecution] 29787a82-7f21-42fb-b29e-68fef013f5a1 [2026-07-30T02:27:42.447335] Precompiling "src/gen/myfranchise.TipoAlerta_texts.hdbtable"... ok (0s 10ms) (STDOUT, APP/TASK/deploy)#
#2026 07 30 02:49:54.231#Z#DEBUG#3ed74488-8bc1-11f1-85f0-eeee0a91cfe7.myfranchise-db-deployer#flowable-async-job-executor-thread-62830#
[PollStageAppStatusExecution] 29787a82-7f21-42fb-b29e-68fef013f5a1 [2026-07-30T02:27:42.447337] Precompiling "src/gen/myfranchise.TipoDocumento_texts.hdbtable"... (STDOUT, APP/TASK/deploy)#
#2026 07 30 02:49:54.231#Z#DEBUG#3ed74488-8bc1-11f1-85f0-eeee0a91cfe7.myfranchise-db-deployer#flowable-async-job-executor-thread-62830#
[PollStageAppStatusExecution] 29787a82-7f21-42fb-b29e-68fef013f5a1 [2026-07-30T02:27:42.447338] Precompiling "src/gen/myfranchise.TipoDesvio.hdbtable"... ok (0s 9ms) (STDOUT, APP/TASK/deploy)#
#2026 07 30 02:49:54.231#Z#DEBUG#3ed74488-8bc1-11f1-85f0-eeee0a91cfe7.myfranchise-db-deployer#flowable-async-job-executor-thread-62830#
[PollStageAppStatusExecution] 29787a82-7f21-42fb-b29e-68fef013f5a1 [2026-07-30T02:27:42.447340] Precompiling "src/gen/myfranchise.TipoRecomendacao.hdbtable"... (STDOUT, APP/TASK/deploy)#
#2026 07 30 02:49:54.231#Z#DEBUG#3ed74488-8bc1-11f1-85f0-eeee0a91cfe7.myfranchise-db-deployer#flowable-async-job-executor-thread-62830#
[PollStageAppStatusExecution] 29787a82-7f21-42fb-b29e-68fef013f5a1 [2026-07-30T02:27:42.447342] Precompiling "src/gen/myfranchise.TipoDocumento.hdbtable"... ok (0s 9ms) (STDOUT, APP/TASK/deploy)#
#2026 07 30 02:49:54.231#Z#DEBUG#3ed74488-8bc1-11f1-85f0-eeee0a91cfe7.myfranchise-db-deployer#flowable-async-job-executor-thread-62830#
[PollStageAppStatusExecution] 29787a82-7f21-42fb-b29e-68fef013f5a1 [2026-07-30T02:27:42.447343] Precompiling "src/gen/myfranchise.TipoRecomendacao_texts.hdbtable"... (STDOUT, APP/TASK/deploy)#
#2026 07 30 02:49:54.231#Z#DEBUG#3ed74488-8bc1-11f1-85f0-eeee0a91cfe7.myfranchise-db-deployer#flowable-async-job-executor-thread-62830#
[PollStageAppStatusExecution] 29787a82-7f21-42fb-b29e-68fef013f5a1 [2026-07-30T02:27:42.447346] Precompiling "src/gen/myfranchise.TipoDesvio_texts.hdbtable"... ok (0s 9ms) (STDOUT, APP/TASK/deploy)#
#2026 07 30 02:49:54.231#Z#DEBUG#3ed74488-8bc1-11f1-85f0-eeee0a91cfe7.myfranchise-db-deployer#flowable-async-job-executor-thread-62830#
[PollStageAppStatusExecution] 29787a82-7f21-42fb-b29e-68fef013f5a1 [2026-07-30T02:27:42.447348] Precompiling "src/gen/myfranchise.Unidades.hdbtable"... (STDOUT, APP/TASK/deploy)#
#2026 07 30 02:49:54.231#Z#DEBUG#3ed74488-8bc1-11f1-85f0-eeee0a91cfe7.myfranchise-db-deployer#flowable-async-job-executor-thread-62830#
[PollStageAppStatusExecution] 29787a82-7f21-42fb-b29e-68fef013f5a1 [2026-07-30T02:27:42.447350] Precompiling "src/gen/myfranchise.TipoDocumento_texts.hdbtable"... ok (0s 8ms) (STDOUT, APP/TASK/deploy)#
#2026 07 30 02:49:54.231#Z#DEBUG#3ed74488-8bc1-11f1-85f0-eeee0a91cfe7.myfranchise-db-deployer#flowable-async-job-executor-thread-62830#
[PollStageAppStatusExecution] 29787a82-7f21-42fb-b29e-68fef013f5a1 [2026-07-30T02:27:42.447351] Precompiling "src/gen/myfranchise.VendaPraticada.hdbtable"... (STDOUT, APP/TASK/deploy)#
#2026 07 30 02:49:54.231#Z#DEBUG#3ed74488-8bc1-11f1-85f0-eeee0a91cfe7.myfranchise-db-deployer#flowable-async-job-executor-thread-62830#
[PollStageAppStatusExecution] 29787a82-7f21-42fb-b29e-68fef013f5a1 [2026-07-30T02:27:42.447353] Precompiling "src/gen/myfranchise.TipoRecomendacao.hdbtable"... ok (0s 8ms) (STDOUT, APP/TASK/deploy)#
#2026 07 30 02:49:54.231#Z#DEBUG#3ed74488-8bc1-11f1-85f0-eeee0a91cfe7.myfranchise-db-deployer#flowable-async-job-executor-thread-62830#
[PollStageAppStatusExecution] 29787a82-7f21-42fb-b29e-68fef013f5a1 [2026-07-30T02:27:42.447354] Precompiling "src/gen/myfranchise.TipoRecomendacao_texts.hdbtable"... ok (0s 7ms) (STDOUT, APP/TASK/deploy)#
#2026 07 30 02:49:54.231#Z#DEBUG#3ed74488-8bc1-11f1-85f0-eeee0a91cfe7.myfranchise-db-deployer#flowable-async-job-executor-thread-62830#
[PollStageAppStatusExecution] 29787a82-7f21-42fb-b29e-68fef013f5a1 [2026-07-30T02:27:42.447357] Precompiling "src/gen/myfranchise.Unidades.hdbtable"... ok (0s 8ms) (STDOUT, APP/TASK/deploy)#
#2026 07 30 02:49:54.231#Z#DEBUG#3ed74488-8bc1-11f1-85f0-eeee0a91cfe7.myfranchise-db-deployer#flowable-async-job-executor-thread-62830#
[PollStageAppStatusExecution] 29787a82-7f21-42fb-b29e-68fef013f5a1 [2026-07-30T02:27:42.447358] Precompiling "src/gen/myfranchise.VendaPraticada.hdbtable"... ok (0s 7ms) (STDOUT, APP/TASK/deploy)#
#2026 07 30 02:49:54.231#Z#DEBUG#3ed74488-8bc1-11f1-85f0-eeee0a91cfe7.myfranchise-db-deployer#flowable-async-job-executor-thread-62830#
[PollStageAppStatusExecution] 29787a82-7f21-42fb-b29e-68fef013f5a1 [2026-07-30T02:27:42.447831] Precompiling... ok (0s 549ms) (STDOUT, APP/TASK/deploy)#
#2026 07 30 02:49:54.231#Z#DEBUG#3ed74488-8bc1-11f1-85f0-eeee0a91cfe7.myfranchise-db-deployer#flowable-async-job-executor-thread-62830#
[PollStageAppStatusExecution] 29787a82-7f21-42fb-b29e-68fef013f5a1 [2026-07-30T02:27:42.447841] Merging... (STDOUT, APP/TASK/deploy)#
#2026 07 30 02:49:54.231#Z#DEBUG#3ed74488-8bc1-11f1-85f0-eeee0a91cfe7.myfranchise-db-deployer#flowable-async-job-executor-thread-62830#
[PollStageAppStatusExecution] 29787a82-7f21-42fb-b29e-68fef013f5a1 [2026-07-30T02:27:42.447845] Merging... ok (0s 27ms) (STDOUT, APP/TASK/deploy)#
#2026 07 30 02:49:54.231#Z#DEBUG#3ed74488-8bc1-11f1-85f0-eeee0a91cfe7.myfranchise-db-deployer#flowable-async-job-executor-thread-62830#
[PollStageAppStatusExecution] 29787a82-7f21-42fb-b29e-68fef013f5a1 [2026-07-30T02:27:42.447848] Calculating dependencies... ok (1s 196ms) (STDOUT, APP/TASK/deploy)#
#2026 07 30 02:49:54.231#Z#DEBUG#3ed74488-8bc1-11f1-85f0-eeee0a91cfe7.myfranchise-db-deployer#flowable-async-job-executor-thread-62830#
[PollStageAppStatusExecution] 29787a82-7f21-42fb-b29e-68fef013f5a1 [2026-07-30T02:27:42.447852] Processing work list... (STDOUT, APP/TASK/deploy)#
#2026 07 30 02:49:54.231#Z#DEBUG#3ed74488-8bc1-11f1-85f0-eeee0a91cfe7.myfranchise-db-deployer#flowable-async-job-executor-thread-62830#
[PollStageAppStatusExecution] 29787a82-7f21-42fb-b29e-68fef013f5a1 [2026-07-30T02:27:42.447856] Deploying "src/gen/DRAFT.DraftAdministrativeData.hdbtable"... (STDOUT, APP/TASK/deploy)#
#2026 07 30 02:49:54.231#Z#DEBUG#3ed74488-8bc1-11f1-85f0-eeee0a91cfe7.myfranchise-db-deployer#flowable-async-job-executor-thread-62830#
[PollStageAppStatusExecution] 29787a82-7f21-42fb-b29e-68fef013f5a1 [2026-07-30T02:27:42.447860] Deploying "src/gen/FranqueadoraService.AprovacoesOnboarding_drafts.hdbtable"... (STDOUT, APP/TASK/deploy)#
#2026 07 30 02:49:54.231#Z#DEBUG#3ed74488-8bc1-11f1-85f0-eeee0a91cfe7.myfranchise-db-deployer#flowable-async-job-executor-thread-62830#
[PollStageAppStatusExecution] 29787a82-7f21-42fb-b29e-68fef013f5a1 [2026-07-30T02:27:42.447862] Deploying "src/gen/FranqueadoraService.DocumentosOnboarding_drafts.hdbtable"... (STDOUT, APP/TASK/deploy)#
#2026 07 30 02:49:54.231#Z#DEBUG#3ed74488-8bc1-11f1-85f0-eeee0a91cfe7.myfranchise-db-deployer#flowable-async-job-executor-thread-62830#
[PollStageAppStatusExecution] 29787a82-7f21-42fb-b29e-68fef013f5a1 [2026-07-30T02:27:42.447866] Deploying "src/gen/DRAFT.DraftAdministrativeData.hdbtable"... ok (0s 36ms) (STDOUT, APP/TASK/deploy)#
#2026 07 30 02:49:54.231#Z#DEBUG#3ed74488-8bc1-11f1-85f0-eeee0a91cfe7.myfranchise-db-deployer#flowable-async-job-executor-thread-62830#
[PollStageAppStatusExecution] 29787a82-7f21-42fb-b29e-68fef013f5a1 [2026-07-30T02:27:42.447867] Deploying "src/gen/FranqueadoraService.ProcessosOnboarding_drafts.hdbtable"... (STDOUT, APP/TASK/deploy)#
#2026 07 30 02:49:54.231#Z#DEBUG#3ed74488-8bc1-11f1-85f0-eeee0a91cfe7.myfranchise-db-deployer#flowable-async-job-executor-thread-62830#
[PollStageAppStatusExecution] 29787a82-7f21-42fb-b29e-68fef013f5a1 [2026-07-30T02:27:42.447869] Deploying "src/gen/FranqueadoraService.AprovacoesOnboarding_drafts.hdbtable"... ok (0s 40ms) (STDOUT, APP/TASK/deploy)#
#2026 07 30 02:49:54.231#Z#DEBUG#3ed74488-8bc1-11f1-85f0-eeee0a91cfe7.myfranchise-db-deployer#flowable-async-job-executor-thread-62830#
[PollStageAppStatusExecution] 29787a82-7f21-42fb-b29e-68fef013f5a1 [2026-07-30T02:27:42.447872] Deploying "src/gen/FranqueadoraService.TarefasOnboarding_drafts.hdbtable"... (STDOUT, APP/TASK/deploy)#
#2026 07 30 02:49:54.231#Z#DEBUG#3ed74488-8bc1-11f1-85f0-eeee0a91cfe7.myfranchise-db-deployer#flowable-async-job-executor-thread-62830#
[PollStageAppStatusExecution] 29787a82-7f21-42fb-b29e-68fef013f5a1 [2026-07-30T02:27:42.447874] Deploying "src/gen/FranqueadoraService.DocumentosOnboarding_drafts.hdbtable"... ok (0s 42ms) (STDOUT, APP/TASK/deploy)#
#2026 07 30 02:49:54.231#Z#DEBUG#3ed74488-8bc1-11f1-85f0-eeee0a91cfe7.myfranchise-db-deployer#flowable-async-job-executor-thread-62830#
[PollStageAppStatusExecution] 29787a82-7f21-42fb-b29e-68fef013f5a1 [2026-07-30T02:27:42.447923] Deploying "src/gen/cds.outbox.Messages.hdbtable"... (STDOUT, APP/TASK/deploy)#
#2026 07 30 02:49:54.231#Z#DEBUG#3ed74488-8bc1-11f1-85f0-eeee0a91cfe7.myfranchise-db-deployer#flowable-async-job-executor-thread-62830#
[PollStageAppStatusExecution] 29787a82-7f21-42fb-b29e-68fef013f5a1 [2026-07-30T02:27:42.447926] Deploying "src/gen/FranqueadoraService.ProcessosOnboarding_drafts.hdbtable"... ok (0s 27ms) (STDOUT, APP/TASK/deploy)#
#2026 07 30 02:49:54.231#Z#DEBUG#3ed74488-8bc1-11f1-85f0-eeee0a91cfe7.myfranchise-db-deployer#flowable-async-job-executor-thread-62830#
[PollStageAppStatusExecution] 29787a82-7f21-42fb-b29e-68fef013f5a1 [2026-07-30T02:27:42.447927] Deploying "src/gen/FranqueadoraService.TarefasOnboarding_drafts.hdbtable"... ok (0s 21ms) (STDOUT, APP/TASK/deploy)#
#2026 07 30 02:49:54.231#Z#DEBUG#3ed74488-8bc1-11f1-85f0-eeee0a91cfe7.myfranchise-db-deployer#flowable-async-job-executor-thread-62830#
[PollStageAppStatusExecution] 29787a82-7f21-42fb-b29e-68fef013f5a1 [2026-07-30T02:27:42.447929] Deploying "src/gen/data/myfranchise-Alertas.csv"... (STDOUT, APP/TASK/deploy)#
#2026 07 30 02:49:54.231#Z#DEBUG#3ed74488-8bc1-11f1-85f0-eeee0a91cfe7.myfranchise-db-deployer#flowable-async-job-executor-thread-62830#
[PollStageAppStatusExecution] 29787a82-7f21-42fb-b29e-68fef013f5a1 [2026-07-30T02:27:42.447930] Deploying "src/gen/data/myfranchise-Alertas.hdbtabledata"... (STDOUT, APP/TASK/deploy)#
#2026 07 30 02:49:54.231#Z#DEBUG#3ed74488-8bc1-11f1-85f0-eeee0a91cfe7.myfranchise-db-deployer#flowable-async-job-executor-thread-62830#
[PollStageAppStatusExecution] 29787a82-7f21-42fb-b29e-68fef013f5a1 [2026-07-30T02:27:42.447932] Deploying "src/gen/data/myfranchise-Alertas.hdbtabledata"... ok (0s 0ms) (STDOUT, APP/TASK/deploy)#
#2026 07 30 02:49:54.231#Z#DEBUG#3ed74488-8bc1-11f1-85f0-eeee0a91cfe7.myfranchise-db-deployer#flowable-async-job-executor-thread-62830#
[PollStageAppStatusExecution] 29787a82-7f21-42fb-b29e-68fef013f5a1 [2026-07-30T02:27:42.447934] Deploying "src/gen/data/myfranchise-Benchmark_Cluster.csv"... (STDOUT, APP/TASK/deploy)#
#2026 07 30 02:49:54.231#Z#DEBUG#3ed74488-8bc1-11f1-85f0-eeee0a91cfe7.myfranchise-db-deployer#flowable-async-job-executor-thread-62830#
[PollStageAppStatusExecution] 29787a82-7f21-42fb-b29e-68fef013f5a1 [2026-07-30T02:27:42.447936] Deploying "src/gen/cds.outbox.Messages.hdbtable"... ok (0s 30ms) (STDOUT, APP/TASK/deploy)#
#2026 07 30 02:49:54.231#Z#DEBUG#3ed74488-8bc1-11f1-85f0-eeee0a91cfe7.myfranchise-db-deployer#flowable-async-job-executor-thread-62830#
[PollStageAppStatusExecution] 29787a82-7f21-42fb-b29e-68fef013f5a1 [2026-07-30T02:27:42.447938] Deploying "src/gen/data/myfranchise-Benchmark_Cluster.hdbtabledata"... (STDOUT, APP/TASK/deploy)#
#2026 07 30 02:49:54.231#Z#DEBUG#3ed74488-8bc1-11f1-85f0-eeee0a91cfe7.myfranchise-db-deployer#flowable-async-job-executor-thread-62830#
[PollStageAppStatusExecution] 29787a82-7f21-42fb-b29e-68fef013f5a1 [2026-07-30T02:27:42.447941] Deploying "src/gen/data/myfranchise-Benchmark_Cluster.hdbtabledata"... ok (0s 0ms) (STDOUT, APP/TASK/deploy)#
#2026 07 30 02:49:54.231#Z#DEBUG#3ed74488-8bc1-11f1-85f0-eeee0a91cfe7.myfranchise-db-deployer#flowable-async-job-executor-thread-62830#
[PollStageAppStatusExecution] 29787a82-7f21-42fb-b29e-68fef013f5a1 [2026-07-30T02:27:42.447944] Deploying "src/gen/data/myfranchise-Catalogos.csv"... (STDOUT, APP/TASK/deploy)#
#2026 07 30 02:49:54.231#Z#DEBUG#3ed74488-8bc1-11f1-85f0-eeee0a91cfe7.myfranchise-db-deployer#flowable-async-job-executor-thread-62830#
[PollStageAppStatusExecution] 29787a82-7f21-42fb-b29e-68fef013f5a1 [2026-07-30T02:27:42.447947] Deploying "src/gen/data/myfranchise-Alertas.csv"... ok (0s 14ms) (STDOUT, APP/TASK/deploy)#
#2026 07 30 02:49:54.231#Z#DEBUG#3ed74488-8bc1-11f1-85f0-eeee0a91cfe7.myfranchise-db-deployer#flowable-async-job-executor-thread-62830#
[PollStageAppStatusExecution] 29787a82-7f21-42fb-b29e-68fef013f5a1 [2026-07-30T02:27:42.447949] Deploying "src/gen/data/myfranchise-Catalogos.hdbtabledata"... (STDOUT, APP/TASK/deploy)#
#2026 07 30 02:49:54.231#Z#DEBUG#3ed74488-8bc1-11f1-85f0-eeee0a91cfe7.myfranchise-db-deployer#flowable-async-job-executor-thread-62830#
[PollStageAppStatusExecution] 29787a82-7f21-42fb-b29e-68fef013f5a1 [2026-07-30T02:27:42.447954] Deploying "src/gen/data/myfranchise-Catalogos.hdbtabledata"... ok (0s 0ms) (STDOUT, APP/TASK/deploy)#
#2026 07 30 02:49:54.231#Z#DEBUG#3ed74488-8bc1-11f1-85f0-eeee0a91cfe7.myfranchise-db-deployer#flowable-async-job-executor-thread-62830#
[PollStageAppStatusExecution] 29787a82-7f21-42fb-b29e-68fef013f5a1 [2026-07-30T02:27:42.447956] Deploying "src/gen/data/myfranchise-Cluster.csv"... (STDOUT, APP/TASK/deploy)#
#2026 07 30 02:49:54.231#Z#DEBUG#3ed74488-8bc1-11f1-85f0-eeee0a91cfe7.myfranchise-db-deployer#flowable-async-job-executor-thread-62830#
[PollStageAppStatusExecution] 29787a82-7f21-42fb-b29e-68fef013f5a1 [2026-07-30T02:27:42.447959] Deploying "src/gen/data/myfranchise-Benchmark_Cluster.csv"... ok (0s 14ms) (STDOUT, APP/TASK/deploy)#
#2026 07 30 02:49:54.231#Z#DEBUG#3ed74488-8bc1-11f1-85f0-eeee0a91cfe7.myfranchise-db-deployer#flowable-async-job-executor-thread-62830#
[PollStageAppStatusExecution] 29787a82-7f21-42fb-b29e-68fef013f5a1 [2026-07-30T02:27:42.447962] Deploying "src/gen/data/myfranchise-Cluster.hdbtabledata"... (STDOUT, APP/TASK/deploy)#
#2026 07 30 02:49:54.231#Z#DEBUG#3ed74488-8bc1-11f1-85f0-eeee0a91cfe7.myfranchise-db-deployer#flowable-async-job-executor-thread-62830#
[PollStageAppStatusExecution] 29787a82-7f21-42fb-b29e-68fef013f5a1 [2026-07-30T02:27:42.447965] Deploying "src/gen/data/myfranchise-Cluster.hdbtabledata"... ok (0s 0ms) (STDOUT, APP/TASK/deploy)#
#2026 07 30 02:49:54.231#Z#DEBUG#3ed74488-8bc1-11f1-85f0-eeee0a91cfe7.myfranchise-db-deployer#flowable-async-job-executor-thread-62830#
[PollStageAppStatusExecution] 29787a82-7f21-42fb-b29e-68fef013f5a1 [2026-07-30T02:27:42.447970] Deploying "src/gen/data/myfranchise-Contratos_Franquia.csv"... (STDOUT, APP/TASK/deploy)#
#2026 07 30 02:49:54.231#Z#DEBUG#3ed74488-8bc1-11f1-85f0-eeee0a91cfe7.myfranchise-db-deployer#flowable-async-job-executor-thread-62830#
[PollStageAppStatusExecution] 29787a82-7f21-42fb-b29e-68fef013f5a1 [2026-07-30T02:27:42.447972] Deploying "src/gen/data/myfranchise-Catalogos.csv"... ok (0s 3ms) (STDOUT, APP/TASK/deploy)#
#2026 07 30 02:49:54.231#Z#DEBUG#3ed74488-8bc1-11f1-85f0-eeee0a91cfe7.myfranchise-db-deployer#flowable-async-job-executor-thread-62830#
[PollStageAppStatusExecution] 29787a82-7f21-42fb-b29e-68fef013f5a1 [2026-07-30T02:27:42.447975] Deploying "src/gen/data/myfranchise-Contratos_Franquia.hdbtabledata"... (STDOUT, APP/TASK/deploy)#
#2026 07 30 02:49:54.231#Z#DEBUG#3ed74488-8bc1-11f1-85f0-eeee0a91cfe7.myfranchise-db-deployer#flowable-async-job-executor-thread-62830#
[PollStageAppStatusExecution] 29787a82-7f21-42fb-b29e-68fef013f5a1 [2026-07-30T02:27:42.447979] Deploying "src/gen/data/myfranchise-Contratos_Franquia.hdbtabledata"... ok (0s 0ms) (STDOUT, APP/TASK/deploy)#
#2026 07 30 02:49:54.231#Z#DEBUG#3ed74488-8bc1-11f1-85f0-eeee0a91cfe7.myfranchise-db-deployer#flowable-async-job-executor-thread-62830#
[PollStageAppStatusExecution] 29787a82-7f21-42fb-b29e-68fef013f5a1 [2026-07-30T02:27:42.447981] Deploying "src/gen/data/myfranchise-Desvios.csv"... (STDOUT, APP/TASK/deploy)#
#2026 07 30 02:49:54.231#Z#DEBUG#3ed74488-8bc1-11f1-85f0-eeee0a91cfe7.myfranchise-db-deployer#flowable-async-job-executor-thread-62830#
[PollStageAppStatusExecution] 29787a82-7f21-42fb-b29e-68fef013f5a1 [2026-07-30T02:27:42.447984] Deploying "src/gen/data/myfranchise-Cluster.csv"... ok (0s 3ms) (STDOUT, APP/TASK/deploy)#
#2026 07 30 02:49:54.231#Z#DEBUG#3ed74488-8bc1-11f1-85f0-eeee0a91cfe7.myfranchise-db-deployer#flowable-async-job-executor-thread-62830#
[PollStageAppStatusExecution] 29787a82-7f21-42fb-b29e-68fef013f5a1 [2026-07-30T02:27:42.447985] Deploying "src/gen/data/myfranchise-Desvios.hdbtabledata"... (STDOUT, APP/TASK/deploy)#
#2026 07 30 02:49:54.231#Z#DEBUG#3ed74488-8bc1-11f1-85f0-eeee0a91cfe7.myfranchise-db-deployer#flowable-async-job-executor-thread-62830#
[PollStageAppStatusExecution] 29787a82-7f21-42fb-b29e-68fef013f5a1 [2026-07-30T02:27:42.447986] Deploying "src/gen/data/myfranchise-Desvios.hdbtabledata"... ok (0s 0ms) (STDOUT, APP/TASK/deploy)#
#2026 07 30 02:49:54.231#Z#DEBUG#3ed74488-8bc1-11f1-85f0-eeee0a91cfe7.myfranchise-db-deployer#flowable-async-job-executor-thread-62830#
[PollStageAppStatusExecution] 29787a82-7f21-42fb-b29e-68fef013f5a1 [2026-07-30T02:27:42.447988] Deploying "src/gen/data/myfranchise-Franqueados.csv"... (STDOUT, APP/TASK/deploy)#
#2026 07 30 02:49:54.231#Z#DEBUG#3ed74488-8bc1-11f1-85f0-eeee0a91cfe7.myfranchise-db-deployer#flowable-async-job-executor-thread-62830#
[PollStageAppStatusExecution] 29787a82-7f21-42fb-b29e-68fef013f5a1 [2026-07-30T02:27:42.447990] Deploying "src/gen/data/myfranchise-Contratos_Franquia.csv"... ok (0s 2ms) (STDOUT, APP/TASK/deploy)#
#2026 07 30 02:49:54.231#Z#DEBUG#3ed74488-8bc1-11f1-85f0-eeee0a91cfe7.myfranchise-db-deployer#flowable-async-job-executor-thread-62830#
[PollStageAppStatusExecution] 29787a82-7f21-42fb-b29e-68fef013f5a1 [2026-07-30T02:27:42.447991] Deploying "src/gen/data/myfranchise-Franqueados.hdbtabledata"... (STDOUT, APP/TASK/deploy)#
#2026 07 30 02:49:54.231#Z#DEBUG#3ed74488-8bc1-11f1-85f0-eeee0a91cfe7.myfranchise-db-deployer#flowable-async-job-executor-thread-62830#
[PollStageAppStatusExecution] 29787a82-7f21-42fb-b29e-68fef013f5a1 [2026-07-30T02:27:42.447994] Deploying "src/gen/data/myfranchise-Franqueados.hdbtabledata"... ok (0s 0ms) (STDOUT, APP/TASK/deploy)#
#2026 07 30 02:49:54.231#Z#DEBUG#3ed74488-8bc1-11f1-85f0-eeee0a91cfe7.myfranchise-db-deployer#flowable-async-job-executor-thread-62830#
[PollStageAppStatusExecution] 29787a82-7f21-42fb-b29e-68fef013f5a1 [2026-07-30T02:27:42.447995] Deploying "src/gen/data/myfranchise-ItensCatalogo.csv"... (STDOUT, APP/TASK/deploy)#
#2026 07 30 02:49:54.231#Z#DEBUG#3ed74488-8bc1-11f1-85f0-eeee0a91cfe7.myfranchise-db-deployer#flowable-async-job-executor-thread-62830#
[PollStageAppStatusExecution] 29787a82-7f21-42fb-b29e-68fef013f5a1 [2026-07-30T02:27:42.447997] Deploying "src/gen/data/myfranchise-Desvios.csv"... ok (0s 3ms) (STDOUT, APP/TASK/deploy)#
#2026 07 30 02:49:54.231#Z#DEBUG#3ed74488-8bc1-11f1-85f0-eeee0a91cfe7.myfranchise-db-deployer#flowable-async-job-executor-thread-62830#
[PollStageAppStatusExecution] 29787a82-7f21-42fb-b29e-68fef013f5a1 [2026-07-30T02:27:42.447998] Deploying "src/gen/data/myfranchise-ItensCatalogo.hdbtabledata"... (STDOUT, APP/TASK/deploy)#
#2026 07 30 02:49:54.231#Z#DEBUG#3ed74488-8bc1-11f1-85f0-eeee0a91cfe7.myfranchise-db-deployer#flowable-async-job-executor-thread-62830#
[PollStageAppStatusExecution] 29787a82-7f21-42fb-b29e-68fef013f5a1 [2026-07-30T02:27:42.448] Deploying "src/gen/data/myfranchise-ItensCatalogo.hdbtabledata"... ok (0s 0ms) (STDOUT, APP/TASK/deploy)#
#2026 07 30 02:49:54.231#Z#DEBUG#3ed74488-8bc1-11f1-85f0-eeee0a91cfe7.myfranchise-db-deployer#flowable-async-job-executor-thread-62830#
[PollStageAppStatusExecution] 29787a82-7f21-42fb-b29e-68fef013f5a1 [2026-07-30T02:27:42.448001] Deploying "src/gen/data/myfranchise-KPI_Unidade.csv"... (STDOUT, APP/TASK/deploy)#
#2026 07 30 02:49:54.231#Z#DEBUG#3ed74488-8bc1-11f1-85f0-eeee0a91cfe7.myfranchise-db-deployer#flowable-async-job-executor-thread-62830#
[PollStageAppStatusExecution] 29787a82-7f21-42fb-b29e-68fef013f5a1 [2026-07-30T02:27:42.448002] Deploying "src/gen/data/myfranchise-Franqueados.csv"... ok (0s 2ms) (STDOUT, APP/TASK/deploy)#
#2026 07 30 02:49:54.231#Z#DEBUG#3ed74488-8bc1-11f1-85f0-eeee0a91cfe7.myfranchise-db-deployer#flowable-async-job-executor-thread-62830#
[PollStageAppStatusExecution] 29787a82-7f21-42fb-b29e-68fef013f5a1 [2026-07-30T02:27:42.448005] Deploying "src/gen/data/myfranchise-KPI_Unidade.hdbtabledata"... (STDOUT, APP/TASK/deploy)#
#2026 07 30 02:49:54.231#Z#DEBUG#3ed74488-8bc1-11f1-85f0-eeee0a91cfe7.myfranchise-db-deployer#flowable-async-job-executor-thread-62830#
[PollStageAppStatusExecution] 29787a82-7f21-42fb-b29e-68fef013f5a1 [2026-07-30T02:27:42.448007] Deploying "src/gen/data/myfranchise-KPI_Unidade.hdbtabledata"... ok (0s 1ms) (STDOUT, APP/TASK/deploy)#
#2026 07 30 02:49:54.231#Z#DEBUG#3ed74488-8bc1-11f1-85f0-eeee0a91cfe7.myfranchise-db-deployer#flowable-async-job-executor-thread-62830#
[PollStageAppStatusExecution] 29787a82-7f21-42fb-b29e-68fef013f5a1 [2026-07-30T02:27:42.448008] Deploying "src/gen/data/myfranchise-NotificacoesCompliance.csv"... (STDOUT, APP/TASK/deploy)#
#2026 07 30 02:49:54.231#Z#DEBUG#3ed74488-8bc1-11f1-85f0-eeee0a91cfe7.myfranchise-db-deployer#flowable-async-job-executor-thread-62830#
[PollStageAppStatusExecution] 29787a82-7f21-42fb-b29e-68fef013f5a1 [2026-07-30T02:27:42.448010] Deploying "src/gen/data/myfranchise-ItensCatalogo.csv"... ok (0s 2ms) (STDOUT, APP/TASK/deploy)#
#2026 07 30 02:49:54.231#Z#DEBUG#3ed74488-8bc1-11f1-85f0-eeee0a91cfe7.myfranchise-db-deployer#flowable-async-job-executor-thread-62830#
[PollStageAppStatusExecution] 29787a82-7f21-42fb-b29e-68fef013f5a1 [2026-07-30T02:27:42.448012] Deploying "src/gen/data/myfranchise-NotificacoesCompliance.hdbtabledata"... (STDOUT, APP/TASK/deploy)#
#2026 07 30 02:49:54.231#Z#DEBUG#3ed74488-8bc1-11f1-85f0-eeee0a91cfe7.myfranchise-db-deployer#flowable-async-job-executor-thread-62830#
[PollStageAppStatusExecution] 29787a82-7f21-42fb-b29e-68fef013f5a1 [2026-07-30T02:27:42.448013] Deploying "src/gen/data/myfranchise-NotificacoesCompliance.hdbtabledata"... ok (0s 0ms) (STDOUT, APP/TASK/deploy)#
#2026 07 30 02:49:54.231#Z#DEBUG#3ed74488-8bc1-11f1-85f0-eeee0a91cfe7.myfranchise-db-deployer#flowable-async-job-executor-thread-62830#
[PollStageAppStatusExecution] 29787a82-7f21-42fb-b29e-68fef013f5a1 [2026-07-30T02:27:42.448016] Deploying "src/gen/data/myfranchise-Prioridade.csv"... (STDOUT, APP/TASK/deploy)#
#2026 07 30 02:49:54.231#Z#DEBUG#3ed74488-8bc1-11f1-85f0-eeee0a91cfe7.myfranchise-db-deployer#flowable-async-job-executor-thread-62830#
[PollStageAppStatusExecution] 29787a82-7f21-42fb-b29e-68fef013f5a1 [2026-07-30T02:27:42.448018] Deploying "src/gen/data/myfranchise-NotificacoesCompliance.csv"... ok (0s 2ms) (STDOUT, APP/TASK/deploy)#
#2026 07 30 02:49:54.231#Z#DEBUG#3ed74488-8bc1-11f1-85f0-eeee0a91cfe7.myfranchise-db-deployer#flowable-async-job-executor-thread-62830#
[PollStageAppStatusExecution] 29787a82-7f21-42fb-b29e-68fef013f5a1 [2026-07-30T02:27:42.448021] Deploying "src/gen/data/myfranchise-Prioridade.hdbtabledata"... (STDOUT, APP/TASK/deploy)#
#2026 07 30 02:49:54.231#Z#DEBUG#3ed74488-8bc1-11f1-85f0-eeee0a91cfe7.myfranchise-db-deployer#flowable-async-job-executor-thread-62830#
[PollStageAppStatusExecution] 29787a82-7f21-42fb-b29e-68fef013f5a1 [2026-07-30T02:27:42.448025] Deploying "src/gen/data/myfranchise-Prioridade.hdbtabledata"... ok (0s 0ms) (STDOUT, APP/TASK/deploy)#
#2026 07 30 02:49:54.231#Z#DEBUG#3ed74488-8bc1-11f1-85f0-eeee0a91cfe7.myfranchise-db-deployer#flowable-async-job-executor-thread-62830#
[PollStageAppStatusExecution] 29787a82-7f21-42fb-b29e-68fef013f5a1 [2026-07-30T02:27:42.448027] Deploying "src/gen/data/myfranchise-Recomendacoes.csv"... (STDOUT, APP/TASK/deploy)#
#2026 07 30 02:49:54.231#Z#DEBUG#3ed74488-8bc1-11f1-85f0-eeee0a91cfe7.myfranchise-db-deployer#flowable-async-job-executor-thread-62830#
[PollStageAppStatusExecution] 29787a82-7f21-42fb-b29e-68fef013f5a1 [2026-07-30T02:27:42.448030] Deploying "src/gen/data/myfranchise-KPI_Unidade.csv"... ok (0s 3ms) (STDOUT, APP/TASK/deploy)#
#2026 07 30 02:49:54.231#Z#DEBUG#3ed74488-8bc1-11f1-85f0-eeee0a91cfe7.myfranchise-db-deployer#flowable-async-job-executor-thread-62830#
[PollStageAppStatusExecution] 29787a82-7f21-42fb-b29e-68fef013f5a1 [2026-07-30T02:27:42.448033] Deploying "src/gen/data/myfranchise-Recomendacoes.hdbtabledata"... (STDOUT, APP/TASK/deploy)#
#2026 07 30 02:49:54.231#Z#DEBUG#3ed74488-8bc1-11f1-85f0-eeee0a91cfe7.myfranchise-db-deployer#flowable-async-job-executor-thread-62830#
[PollStageAppStatusExecution] 29787a82-7f21-42fb-b29e-68fef013f5a1 [2026-07-30T02:27:42.448035] Deploying "src/gen/data/myfranchise-Recomendacoes.hdbtabledata"... ok (0s 1ms) (STDOUT, APP/TASK/deploy)#
#2026 07 30 02:49:54.231#Z#DEBUG#3ed74488-8bc1-11f1-85f0-eeee0a91cfe7.myfranchise-db-deployer#flowable-async-job-executor-thread-62830#
[PollStageAppStatusExecution] 29787a82-7f21-42fb-b29e-68fef013f5a1 [2026-07-30T02:27:42.448037] Deploying "src/gen/data/myfranchise-Regiao.csv"... (STDOUT, APP/TASK/deploy)#
#2026 07 30 02:49:54.231#Z#DEBUG#3ed74488-8bc1-11f1-85f0-eeee0a91cfe7.myfranchise-db-deployer#flowable-async-job-executor-thread-62830#
[PollStageAppStatusExecution] 29787a82-7f21-42fb-b29e-68fef013f5a1 [2026-07-30T02:27:42.448041] Deploying "src/gen/data/myfranchise-Prioridade.csv"... ok (0s 3ms) (STDOUT, APP/TASK/deploy)#
#2026 07 30 02:49:54.231#Z#DEBUG#3ed74488-8bc1-11f1-85f0-eeee0a91cfe7.myfranchise-db-deployer#flowable-async-job-executor-thread-62830#
[PollStageAppStatusExecution] 29787a82-7f21-42fb-b29e-68fef013f5a1 [2026-07-30T02:27:42.448043] Deploying "src/gen/data/myfranchise-Regiao.hdbtabledata"... (STDOUT, APP/TASK/deploy)#
#2026 07 30 02:49:54.231#Z#DEBUG#3ed74488-8bc1-11f1-85f0-eeee0a91cfe7.myfranchise-db-deployer#flowable-async-job-executor-thread-62830#
[PollStageAppStatusExecution] 29787a82-7f21-42fb-b29e-68fef013f5a1 [2026-07-30T02:27:42.448046] Deploying "src/gen/data/myfranchise-Regiao.hdbtabledata"... ok (0s 0ms) (STDOUT, APP/TASK/deploy)#
#2026 07 30 02:49:54.231#Z#DEBUG#3ed74488-8bc1-11f1-85f0-eeee0a91cfe7.myfranchise-db-deployer#flowable-async-job-executor-thread-62830#
[PollStageAppStatusExecution] 29787a82-7f21-42fb-b29e-68fef013f5a1 [2026-07-30T02:27:42.448049] Deploying "src/gen/data/myfranchise-RegrasCompliance.csv"... (STDOUT, APP/TASK/deploy)#
#2026 07 30 02:49:54.231#Z#DEBUG#3ed74488-8bc1-11f1-85f0-eeee0a91cfe7.myfranchise-db-deployer#flowable-async-job-executor-thread-62830#
[PollStageAppStatusExecution] 29787a82-7f21-42fb-b29e-68fef013f5a1 [2026-07-30T02:27:42.448051] Deploying "src/gen/data/myfranchise-Recomendacoes.csv"... ok (0s 2ms) (STDOUT, APP/TASK/deploy)#
#2026 07 30 02:49:54.231#Z#DEBUG#3ed74488-8bc1-11f1-85f0-eeee0a91cfe7.myfranchise-db-deployer#flowable-async-job-executor-thread-62830#
[PollStageAppStatusExecution] 29787a82-7f21-42fb-b29e-68fef013f5a1 [2026-07-30T02:27:42.448054] Deploying "src/gen/data/myfranchise-RegrasCompliance.hdbtabledata"... (STDOUT, APP/TASK/deploy)#
#2026 07 30 02:49:54.231#Z#DEBUG#3ed74488-8bc1-11f1-85f0-eeee0a91cfe7.myfranchise-db-deployer#flowable-async-job-executor-thread-62830#
[PollStageAppStatusExecution] 29787a82-7f21-42fb-b29e-68fef013f5a1 [2026-07-30T02:27:42.448079] Deploying "src/gen/data/myfranchise-RegrasCompliance.hdbtabledata"... ok (0s 0ms) (STDOUT, APP/TASK/deploy)#
#2026 07 30 02:49:54.231#Z#DEBUG#3ed74488-8bc1-11f1-85f0-eeee0a91cfe7.myfranchise-db-deployer#flowable-async-job-executor-thread-62830#
[PollStageAppStatusExecution] 29787a82-7f21-42fb-b29e-68fef013f5a1 [2026-07-30T02:27:42.448083] Deploying "src/gen/data/myfranchise-Saude_Unidade.csv"... (STDOUT, APP/TASK/deploy)#
#2026 07 30 02:49:54.231#Z#DEBUG#3ed74488-8bc1-11f1-85f0-eeee0a91cfe7.myfranchise-db-deployer#flowable-async-job-executor-thread-62830#
[PollStageAppStatusExecution] 29787a82-7f21-42fb-b29e-68fef013f5a1 [2026-07-30T02:27:42.448086] Deploying "src/gen/data/myfranchise-Regiao.csv"... ok (0s 2ms) (STDOUT, APP/TASK/deploy)#
#2026 07 30 02:49:54.231#Z#DEBUG#3ed74488-8bc1-11f1-85f0-eeee0a91cfe7.myfranchise-db-deployer#flowable-async-job-executor-thread-62830#
[PollStageAppStatusExecution] 29787a82-7f21-42fb-b29e-68fef013f5a1 [2026-07-30T02:27:42.448088] Deploying "src/gen/data/myfranchise-Saude_Unidade.hdbtabledata"... (STDOUT, APP/TASK/deploy)#
#2026 07 30 02:49:54.231#Z#DEBUG#3ed74488-8bc1-11f1-85f0-eeee0a91cfe7.myfranchise-db-deployer#flowable-async-job-executor-thread-62830#
[PollStageAppStatusExecution] 29787a82-7f21-42fb-b29e-68fef013f5a1 [2026-07-30T02:27:42.448090] Deploying "src/gen/data/myfranchise-Saude_Unidade.hdbtabledata"... ok (0s 0ms) (STDOUT, APP/TASK/deploy)#
#2026 07 30 02:49:54.231#Z#DEBUG#3ed74488-8bc1-11f1-85f0-eeee0a91cfe7.myfranchise-db-deployer#flowable-async-job-executor-thread-62830#
[PollStageAppStatusExecution] 29787a82-7f21-42fb-b29e-68fef013f5a1 [2026-07-30T02:27:42.448092] Deploying "src/gen/data/myfranchise-Severidade.csv"... (STDOUT, APP/TASK/deploy)#
#2026 07 30 02:49:54.231#Z#DEBUG#3ed74488-8bc1-11f1-85f0-eeee0a91cfe7.myfranchise-db-deployer#flowable-async-job-executor-thread-62830#
[PollStageAppStatusExecution] 29787a82-7f21-42fb-b29e-68fef013f5a1 [2026-07-30T02:27:42.448094] Deploying "src/gen/data/myfranchise-RegrasCompliance.csv"... ok (0s 3ms) (STDOUT, APP/TASK/deploy)#
#2026 07 30 02:49:54.231#Z#DEBUG#3ed74488-8bc1-11f1-85f0-eeee0a91cfe7.myfranchise-db-deployer#flowable-async-job-executor-thread-62830#
[PollStageAppStatusExecution] 29787a82-7f21-42fb-b29e-68fef013f5a1 [2026-07-30T02:27:42.448097] Deploying "src/gen/data/myfranchise-Severidade.hdbtabledata"... (STDOUT, APP/TASK/deploy)#
#2026 07 30 02:49:54.231#Z#DEBUG#3ed74488-8bc1-11f1-85f0-eeee0a91cfe7.myfranchise-db-deployer#flowable-async-job-executor-thread-62830#
[PollStageAppStatusExecution] 29787a82-7f21-42fb-b29e-68fef013f5a1 [2026-07-30T02:27:42.448100] Deploying "src/gen/data/myfranchise-Severidade.hdbtabledata"... ok (0s 0ms) (STDOUT, APP/TASK/deploy)#
#2026 07 30 02:49:54.231#Z#DEBUG#3ed74488-8bc1-11f1-85f0-eeee0a91cfe7.myfranchise-db-deployer#flowable-async-job-executor-thread-62830#
[PollStageAppStatusExecution] 29787a82-7f21-42fb-b29e-68fef013f5a1 [2026-07-30T02:27:42.448102] Deploying "src/gen/data/myfranchise-StatusAlerta.csv"... (STDOUT, APP/TASK/deploy)#
#2026 07 30 02:49:54.231#Z#DEBUG#3ed74488-8bc1-11f1-85f0-eeee0a91cfe7.myfranchise-db-deployer#flowable-async-job-executor-thread-62830#
[PollStageAppStatusExecution] 29787a82-7f21-42fb-b29e-68fef013f5a1 [2026-07-30T02:27:42.448105] Deploying "src/gen/data/myfranchise-Saude_Unidade.csv"... ok (0s 3ms) (STDOUT, APP/TASK/deploy)#
#2026 07 30 02:49:54.231#Z#DEBUG#3ed74488-8bc1-11f1-85f0-eeee0a91cfe7.myfranchise-db-deployer#flowable-async-job-executor-thread-62830#
[PollStageAppStatusExecution] 29787a82-7f21-42fb-b29e-68fef013f5a1 [2026-07-30T02:27:42.448107] Deploying "src/gen/data/myfranchise-StatusAlerta.hdbtabledata"... (STDOUT, APP/TASK/deploy)#
#2026 07 30 02:49:54.231#Z#DEBUG#3ed74488-8bc1-11f1-85f0-eeee0a91cfe7.myfranchise-db-deployer#flowable-async-job-executor-thread-62830#
[PollStageAppStatusExecution] 29787a82-7f21-42fb-b29e-68fef013f5a1 [2026-07-30T02:27:42.448109] Deploying "src/gen/data/myfranchise-StatusAlerta.hdbtabledata"... ok (0s 0ms) (STDOUT, APP/TASK/deploy)#
#2026 07 30 02:49:54.231#Z#DEBUG#3ed74488-8bc1-11f1-85f0-eeee0a91cfe7.myfranchise-db-deployer#flowable-async-job-executor-thread-62830#
[PollStageAppStatusExecution] 29787a82-7f21-42fb-b29e-68fef013f5a1 [2026-07-30T02:27:42.448111] Deploying "src/gen/data/myfranchise-StatusAprovacao.csv"... (STDOUT, APP/TASK/deploy)#
#2026 07 30 02:49:54.231#Z#DEBUG#3ed74488-8bc1-11f1-85f0-eeee0a91cfe7.myfranchise-db-deployer#flowable-async-job-executor-thread-62830#
[PollStageAppStatusExecution] 29787a82-7f21-42fb-b29e-68fef013f5a1 [2026-07-30T02:27:42.448113] Deploying "src/gen/data/myfranchise-Severidade.csv"... ok (0s 3ms) (STDOUT, APP/TASK/deploy)#
#2026 07 30 02:49:54.231#Z#DEBUG#3ed74488-8bc1-11f1-85f0-eeee0a91cfe7.myfranchise-db-deployer#flowable-async-job-executor-thread-62830#
[PollStageAppStatusExecution] 29787a82-7f21-42fb-b29e-68fef013f5a1 [2026-07-30T02:27:42.448116] Deploying "src/gen/data/myfranchise-StatusAprovacao.hdbtabledata"... (STDOUT, APP/TASK/deploy)#
#2026 07 30 02:49:54.231#Z#DEBUG#3ed74488-8bc1-11f1-85f0-eeee0a91cfe7.myfranchise-db-deployer#flowable-async-job-executor-thread-62830#
[PollStageAppStatusExecution] 29787a82-7f21-42fb-b29e-68fef013f5a1 [2026-07-30T02:27:42.448118] Deploying "src/gen/data/myfranchise-StatusAprovacao.hdbtabledata"... ok (0s 0ms) (STDOUT, APP/TASK/deploy)#
#2026 07 30 02:49:54.231#Z#DEBUG#3ed74488-8bc1-11f1-85f0-eeee0a91cfe7.myfranchise-db-deployer#flowable-async-job-executor-thread-62830#
[PollStageAppStatusExecution] 29787a82-7f21-42fb-b29e-68fef013f5a1 [2026-07-30T02:27:42.448120] Deploying "src/gen/data/myfranchise-StatusCatalogo.csv"... (STDOUT, APP/TASK/deploy)#
#2026 07 30 02:49:54.231#Z#DEBUG#3ed74488-8bc1-11f1-85f0-eeee0a91cfe7.myfranchise-db-deployer#flowable-async-job-executor-thread-62830#
[PollStageAppStatusExecution] 29787a82-7f21-42fb-b29e-68fef013f5a1 [2026-07-30T02:27:42.448123] Deploying "src/gen/data/myfranchise-StatusAlerta.csv"... ok (0s 3ms) (STDOUT, APP/TASK/deploy)#
#2026 07 30 02:49:54.231#Z#DEBUG#3ed74488-8bc1-11f1-85f0-eeee0a91cfe7.myfranchise-db-deployer#flowable-async-job-executor-thread-62830#
[PollStageAppStatusExecution] 29787a82-7f21-42fb-b29e-68fef013f5a1 [2026-07-30T02:27:42.448125] Deploying "src/gen/data/myfranchise-StatusCatalogo.hdbtabledata"... (STDOUT, APP/TASK/deploy)#
#2026 07 30 02:49:54.231#Z#DEBUG#3ed74488-8bc1-11f1-85f0-eeee0a91cfe7.myfranchise-db-deployer#flowable-async-job-executor-thread-62830#
[PollStageAppStatusExecution] 29787a82-7f21-42fb-b29e-68fef013f5a1 [2026-07-30T02:27:42.448127] Deploying "src/gen/data/myfranchise-StatusCatalogo.hdbtabledata"... ok (0s 0ms) (STDOUT, APP/TASK/deploy)#
#2026 07 30 02:49:54.231#Z#DEBUG#3ed74488-8bc1-11f1-85f0-eeee0a91cfe7.myfranchise-db-deployer#flowable-async-job-executor-thread-62830#
[PollStageAppStatusExecution] 29787a82-7f21-42fb-b29e-68fef013f5a1 [2026-07-30T02:27:42.448129] Deploying "src/gen/data/myfranchise-StatusContrato.csv"... (STDOUT, APP/TASK/deploy)#
#2026 07 30 02:49:54.231#Z#DEBUG#3ed74488-8bc1-11f1-85f0-eeee0a91cfe7.myfranchise-db-deployer#flowable-async-job-executor-thread-62830#
[PollStageAppStatusExecution] 29787a82-7f21-42fb-b29e-68fef013f5a1 [2026-07-30T02:27:42.448132] Deploying "src/gen/data/myfranchise-StatusAprovacao.csv"... ok (0s 2ms) (STDOUT, APP/TASK/deploy)#
#2026 07 30 02:49:54.231#Z#DEBUG#3ed74488-8bc1-11f1-85f0-eeee0a91cfe7.myfranchise-db-deployer#flowable-async-job-executor-thread-62830#
[PollStageAppStatusExecution] 29787a82-7f21-42fb-b29e-68fef013f5a1 [2026-07-30T02:27:42.448150] Deploying "src/gen/data/myfranchise-StatusContrato.hdbtabledata"... (STDOUT, APP/TASK/deploy)#
#2026 07 30 02:49:54.231#Z#DEBUG#3ed74488-8bc1-11f1-85f0-eeee0a91cfe7.myfranchise-db-deployer#flowable-async-job-executor-thread-62830#
[PollStageAppStatusExecution] 29787a82-7f21-42fb-b29e-68fef013f5a1 [2026-07-30T02:27:42.448153] Deploying "src/gen/data/myfranchise-StatusContrato.hdbtabledata"... ok (0s 0ms) (STDOUT, APP/TASK/deploy)#
#2026 07 30 02:49:54.231#Z#DEBUG#3ed74488-8bc1-11f1-85f0-eeee0a91cfe7.myfranchise-db-deployer#flowable-async-job-executor-thread-62830#
[PollStageAppStatusExecution] 29787a82-7f21-42fb-b29e-68fef013f5a1 [2026-07-30T02:27:42.448156] Deploying "src/gen/data/myfranchise-StatusDesvio.csv"... (STDOUT, APP/TASK/deploy)#
#2026 07 30 02:49:54.231#Z#DEBUG#3ed74488-8bc1-11f1-85f0-eeee0a91cfe7.myfranchise-db-deployer#flowable-async-job-executor-thread-62830#
[PollStageAppStatusExecution] 29787a82-7f21-42fb-b29e-68fef013f5a1 [2026-07-30T02:27:42.448159] Deploying "src/gen/data/myfranchise-StatusCatalogo.csv"... ok (0s 3ms) (STDOUT, APP/TASK/deploy)#
#2026 07 30 02:49:54.231#Z#DEBUG#3ed74488-8bc1-11f1-85f0-eeee0a91cfe7.myfranchise-db-deployer#flowable-async-job-executor-thread-62830#
[PollStageAppStatusExecution] 29787a82-7f21-42fb-b29e-68fef013f5a1 [2026-07-30T02:27:42.448161] Deploying "src/gen/data/myfranchise-StatusDesvio.hdbtabledata"... (STDOUT, APP/TASK/deploy)#
#2026 07 30 02:49:54.231#Z#DEBUG#3ed74488-8bc1-11f1-85f0-eeee0a91cfe7.myfranchise-db-deployer#flowable-async-job-executor-thread-62830#
[PollStageAppStatusExecution] 29787a82-7f21-42fb-b29e-68fef013f5a1 [2026-07-30T02:27:42.448165] Deploying "src/gen/data/myfranchise-StatusDesvio.hdbtabledata"... ok (0s 0ms) (STDOUT, APP/TASK/deploy)#
#2026 07 30 02:49:54.231#Z#DEBUG#3ed74488-8bc1-11f1-85f0-eeee0a91cfe7.myfranchise-db-deployer#flowable-async-job-executor-thread-62830#
[PollStageAppStatusExecution] 29787a82-7f21-42fb-b29e-68fef013f5a1 [2026-07-30T02:27:42.448168] Deploying "src/gen/data/myfranchise-StatusDocumento.csv"... (STDOUT, APP/TASK/deploy)#
#2026 07 30 02:49:54.231#Z#DEBUG#3ed74488-8bc1-11f1-85f0-eeee0a91cfe7.myfranchise-db-deployer#flowable-async-job-executor-thread-62830#
[PollStageAppStatusExecution] 29787a82-7f21-42fb-b29e-68fef013f5a1 [2026-07-30T02:27:42.448607] Deploying "src/gen/data/myfranchise-StatusContrato.csv"... ok (0s 2ms) (STDOUT, APP/TASK/deploy)#
#2026 07 30 02:49:54.231#Z#DEBUG#3ed74488-8bc1-11f1-85f0-eeee0a91cfe7.myfranchise-db-deployer#flowable-async-job-executor-thread-62830#
[PollStageAppStatusExecution] 29787a82-7f21-42fb-b29e-68fef013f5a1 [2026-07-30T02:27:42.448614] Deploying "src/gen/data/myfranchise-StatusDocumento.hdbtabledata"... (STDOUT, APP/TASK/deploy)#
#2026 07 30 02:49:54.231#Z#DEBUG#3ed74488-8bc1-11f1-85f0-eeee0a91cfe7.myfranchise-db-deployer#flowable-async-job-executor-thread-62830#
[PollStageAppStatusExecution] 29787a82-7f21-42fb-b29e-68fef013f5a1 [2026-07-30T02:27:42.448617] Deploying "src/gen/data/myfranchise-StatusDocumento.hdbtabledata"... ok (0s 0ms) (STDOUT, APP/TASK/deploy)#
#2026 07 30 02:49:54.231#Z#DEBUG#3ed74488-8bc1-11f1-85f0-eeee0a91cfe7.myfranchise-db-deployer#flowable-async-job-executor-thread-62830#
[PollStageAppStatusExecution] 29787a82-7f21-42fb-b29e-68fef013f5a1 [2026-07-30T02:27:42.448620] Deploying "src/gen/data/myfranchise-StatusFranqueado.csv"... (STDOUT, APP/TASK/deploy)#
#2026 07 30 02:49:54.231#Z#DEBUG#3ed74488-8bc1-11f1-85f0-eeee0a91cfe7.myfranchise-db-deployer#flowable-async-job-executor-thread-62830#
[PollStageAppStatusExecution] 29787a82-7f21-42fb-b29e-68fef013f5a1 [2026-07-30T02:27:42.448657] Deploying "src/gen/data/myfranchise-StatusDesvio.csv"... ok (0s 2ms) (STDOUT, APP/TASK/deploy)#
#2026 07 30 02:49:54.231#Z#DEBUG#3ed74488-8bc1-11f1-85f0-eeee0a91cfe7.myfranchise-db-deployer#flowable-async-job-executor-thread-62830#
[PollStageAppStatusExecution] 29787a82-7f21-42fb-b29e-68fef013f5a1 [2026-07-30T02:27:42.448659] Deploying "src/gen/data/myfranchise-StatusFranqueado.hdbtabledata"... (STDOUT, APP/TASK/deploy)#
#2026 07 30 02:49:54.231#Z#DEBUG#3ed74488-8bc1-11f1-85f0-eeee0a91cfe7.myfranchise-db-deployer#flowable-async-job-executor-thread-62830#
[PollStageAppStatusExecution] 29787a82-7f21-42fb-b29e-68fef013f5a1 [2026-07-30T02:27:42.448660] Deploying "src/gen/data/myfranchise-StatusFranqueado.hdbtabledata"... ok (0s 0ms) (STDOUT, APP/TASK/deploy)#
#2026 07 30 02:49:54.231#Z#DEBUG#3ed74488-8bc1-11f1-85f0-eeee0a91cfe7.myfranchise-db-deployer#flowable-async-job-executor-thread-62830#
[PollStageAppStatusExecution] 29787a82-7f21-42fb-b29e-68fef013f5a1 [2026-07-30T02:27:42.448666] Deploying "src/gen/data/myfranchise-StatusKPI.csv"... (STDOUT, APP/TASK/deploy)#
#2026 07 30 02:49:54.231#Z#DEBUG#3ed74488-8bc1-11f1-85f0-eeee0a91cfe7.myfranchise-db-deployer#flowable-async-job-executor-thread-62830#
[PollStageAppStatusExecution] 29787a82-7f21-42fb-b29e-68fef013f5a1 [2026-07-30T02:27:42.448667] Deploying "src/gen/data/myfranchise-StatusDocumento.csv"... ok (0s 2ms) (STDOUT, APP/TASK/deploy)#
#2026 07 30 02:49:54.231#Z#DEBUG#3ed74488-8bc1-11f1-85f0-eeee0a91cfe7.myfranchise-db-deployer#flowable-async-job-executor-thread-62830#
[PollStageAppStatusExecution] 29787a82-7f21-42fb-b29e-68fef013f5a1 [2026-07-30T02:27:42.448670] Deploying "src/gen/data/myfranchise-StatusKPI.hdbtabledata"... (STDOUT, APP/TASK/deploy)#
#2026 07 30 02:49:54.231#Z#DEBUG#3ed74488-8bc1-11f1-85f0-eeee0a91cfe7.myfranchise-db-deployer#flowable-async-job-executor-thread-62830#
[PollStageAppStatusExecution] 29787a82-7f21-42fb-b29e-68fef013f5a1 [2026-07-30T02:27:42.448672] Deploying "src/gen/data/myfranchise-StatusKPI.hdbtabledata"... ok (0s 0ms) (STDOUT, APP/TASK/deploy)#
#2026 07 30 02:49:54.231#Z#DEBUG#3ed74488-8bc1-11f1-85f0-eeee0a91cfe7.myfranchise-db-deployer#flowable-async-job-executor-thread-62830#
[PollStageAppStatusExecution] 29787a82-7f21-42fb-b29e-68fef013f5a1 [2026-07-30T02:27:42.448674] Deploying "src/gen/data/myfranchise-StatusNotificacao.csv"... (STDOUT, APP/TASK/deploy)#
#2026 07 30 02:49:54.231#Z#DEBUG#3ed74488-8bc1-11f1-85f0-eeee0a91cfe7.myfranchise-db-deployer#flowable-async-job-executor-thread-62830#
[PollStageAppStatusExecution] 29787a82-7f21-42fb-b29e-68fef013f5a1 [2026-07-30T02:27:42.448675] Deploying "src/gen/data/myfranchise-StatusFranqueado.csv"... ok (0s 2ms) (STDOUT, APP/TASK/deploy)#
#2026 07 30 02:49:54.231#Z#DEBUG#3ed74488-8bc1-11f1-85f0-eeee0a91cfe7.myfranchise-db-deployer#flowable-async-job-executor-thread-62830#
[PollStageAppStatusExecution] 29787a82-7f21-42fb-b29e-68fef013f5a1 [2026-07-30T02:27:42.448677] Deploying "src/gen/data/myfranchise-StatusNotificacao.hdbtabledata"... (STDOUT, APP/TASK/deploy)#
#2026 07 30 02:49:54.231#Z#DEBUG#3ed74488-8bc1-11f1-85f0-eeee0a91cfe7.myfranchise-db-deployer#flowable-async-job-executor-thread-62830#
[PollStageAppStatusExecution] 29787a82-7f21-42fb-b29e-68fef013f5a1 [2026-07-30T02:27:42.448678] Deploying "src/gen/data/myfranchise-StatusNotificacao.hdbtabledata"... ok (0s 0ms) (STDOUT, APP/TASK/deploy)#
#2026 07 30 02:49:54.231#Z#DEBUG#3ed74488-8bc1-11f1-85f0-eeee0a91cfe7.myfranchise-db-deployer#flowable-async-job-executor-thread-62830#
[PollStageAppStatusExecution] 29787a82-7f21-42fb-b29e-68fef013f5a1 [2026-07-30T02:27:42.448680] Deploying "src/gen/data/myfranchise-StatusOnboarding.csv"... (STDOUT, APP/TASK/deploy)#
#2026 07 30 02:49:54.231#Z#DEBUG#3ed74488-8bc1-11f1-85f0-eeee0a91cfe7.myfranchise-db-deployer#flowable-async-job-executor-thread-62830#
[PollStageAppStatusExecution] 29787a82-7f21-42fb-b29e-68fef013f5a1 [2026-07-30T02:27:42.448681] Deploying "src/gen/data/myfranchise-StatusKPI.csv"... ok (0s 2ms) (STDOUT, APP/TASK/deploy)#
#2026 07 30 02:49:54.231#Z#DEBUG#3ed74488-8bc1-11f1-85f0-eeee0a91cfe7.myfranchise-db-deployer#flowable-async-job-executor-thread-62830#
[PollStageAppStatusExecution] 29787a82-7f21-42fb-b29e-68fef013f5a1 [2026-07-30T02:27:42.448682] Deploying "src/gen/data/myfranchise-StatusOnboarding.hdbtabledata"... (STDOUT, APP/TASK/deploy)#
#2026 07 30 02:49:54.231#Z#DEBUG#3ed74488-8bc1-11f1-85f0-eeee0a91cfe7.myfranchise-db-deployer#flowable-async-job-executor-thread-62830#
[PollStageAppStatusExecution] 29787a82-7f21-42fb-b29e-68fef013f5a1 [2026-07-30T02:27:42.448685] Deploying "src/gen/data/myfranchise-StatusOnboarding.hdbtabledata"... ok (0s 0ms) (STDOUT, APP/TASK/deploy)#
#2026 07 30 02:49:54.231#Z#DEBUG#3ed74488-8bc1-11f1-85f0-eeee0a91cfe7.myfranchise-db-deployer#flowable-async-job-executor-thread-62830#
[PollStageAppStatusExecution] 29787a82-7f21-42fb-b29e-68fef013f5a1 [2026-07-30T02:27:42.448686] Deploying "src/gen/data/myfranchise-StatusRecomendacao.csv"... (STDOUT, APP/TASK/deploy)#
#2026 07 30 02:49:54.231#Z#DEBUG#3ed74488-8bc1-11f1-85f0-eeee0a91cfe7.myfranchise-db-deployer#flowable-async-job-executor-thread-62830#
[PollStageAppStatusExecution] 29787a82-7f21-42fb-b29e-68fef013f5a1 [2026-07-30T02:27:42.448689] Deploying "src/gen/data/myfranchise-StatusNotificacao.csv"... ok (0s 3ms) (STDOUT, APP/TASK/deploy)#
#2026 07 30 02:49:54.231#Z#DEBUG#3ed74488-8bc1-11f1-85f0-eeee0a91cfe7.myfranchise-db-deployer#flowable-async-job-executor-thread-62830#
[PollStageAppStatusExecution] 29787a82-7f21-42fb-b29e-68fef013f5a1 [2026-07-30T02:27:42.448692] Deploying "src/gen/data/myfranchise-StatusRecomendacao.hdbtabledata"... (STDOUT, APP/TASK/deploy)#
#2026 07 30 02:49:54.231#Z#DEBUG#3ed74488-8bc1-11f1-85f0-eeee0a91cfe7.myfranchise-db-deployer#flowable-async-job-executor-thread-62830#
[PollStageAppStatusExecution] 29787a82-7f21-42fb-b29e-68fef013f5a1 [2026-07-30T02:27:42.448695] Deploying "src/gen/data/myfranchise-StatusRecomendacao.hdbtabledata"... ok (0s 0ms) (STDOUT, APP/TASK/deploy)#
#2026 07 30 02:49:54.231#Z#DEBUG#3ed74488-8bc1-11f1-85f0-eeee0a91cfe7.myfranchise-db-deployer#flowable-async-job-executor-thread-62830#
[PollStageAppStatusExecution] 29787a82-7f21-42fb-b29e-68fef013f5a1 [2026-07-30T02:27:42.448696] Deploying "src/gen/data/myfranchise-StatusTarefa.csv"... (STDOUT, APP/TASK/deploy)#
#2026 07 30 02:49:54.231#Z#DEBUG#3ed74488-8bc1-11f1-85f0-eeee0a91cfe7.myfranchise-db-deployer#flowable-async-job-executor-thread-62830#
[PollStageAppStatusExecution] 29787a82-7f21-42fb-b29e-68fef013f5a1 [2026-07-30T02:27:42.448698] Deploying "src/gen/data/myfranchise-StatusOnboarding.csv"... ok (0s 3ms) (STDOUT, APP/TASK/deploy)#
#2026 07 30 02:49:54.231#Z#DEBUG#3ed74488-8bc1-11f1-85f0-eeee0a91cfe7.myfranchise-db-deployer#flowable-async-job-executor-thread-62830#
[PollStageAppStatusExecution] 29787a82-7f21-42fb-b29e-68fef013f5a1 [2026-07-30T02:27:42.448700] Deploying "src/gen/data/myfranchise-StatusTarefa.hdbtabledata"... (STDOUT, APP/TASK/deploy)#
#2026 07 30 02:49:54.231#Z#DEBUG#3ed74488-8bc1-11f1-85f0-eeee0a91cfe7.myfranchise-db-deployer#flowable-async-job-executor-thread-62830#
[PollStageAppStatusExecution] 29787a82-7f21-42fb-b29e-68fef013f5a1 [2026-07-30T02:27:42.448701] Deploying "src/gen/data/myfranchise-StatusTarefa.hdbtabledata"... ok (0s 0ms) (STDOUT, APP/TASK/deploy)#
#2026 07 30 02:49:54.231#Z#DEBUG#3ed74488-8bc1-11f1-85f0-eeee0a91cfe7.myfranchise-db-deployer#flowable-async-job-executor-thread-62830#
[PollStageAppStatusExecution] 29787a82-7f21-42fb-b29e-68fef013f5a1 [2026-07-30T02:27:42.448702] Deploying "src/gen/data/myfranchise-StatusUnidade.csv"... (STDOUT, APP/TASK/deploy)#
#2026 07 30 02:49:54.231#Z#DEBUG#3ed74488-8bc1-11f1-85f0-eeee0a91cfe7.myfranchise-db-deployer#flowable-async-job-executor-thread-62830#
[PollStageAppStatusExecution] 29787a82-7f21-42fb-b29e-68fef013f5a1 [2026-07-30T02:27:42.448704] Deploying "src/gen/data/myfranchise-StatusRecomendacao.csv"... ok (0s 2ms) (STDOUT, APP/TASK/deploy)#
#2026 07 30 02:49:54.231#Z#DEBUG#3ed74488-8bc1-11f1-85f0-eeee0a91cfe7.myfranchise-db-deployer#flowable-async-job-executor-thread-62830#
[PollStageAppStatusExecution] 29787a82-7f21-42fb-b29e-68fef013f5a1 [2026-07-30T02:27:42.448706] Deploying "src/gen/data/myfranchise-StatusUnidade.hdbtabledata"... (STDOUT, APP/TASK/deploy)#
#2026 07 30 02:49:54.231#Z#DEBUG#3ed74488-8bc1-11f1-85f0-eeee0a91cfe7.myfranchise-db-deployer#flowable-async-job-executor-thread-62830#
[PollStageAppStatusExecution] 29787a82-7f21-42fb-b29e-68fef013f5a1 [2026-07-30T02:27:42.448707] Deploying "src/gen/data/myfranchise-StatusUnidade.hdbtabledata"... ok (0s 0ms) (STDOUT, APP/TASK/deploy)#
#2026 07 30 02:49:54.231#Z#DEBUG#3ed74488-8bc1-11f1-85f0-eeee0a91cfe7.myfranchise-db-deployer#flowable-async-job-executor-thread-62830#
[PollStageAppStatusExecution] 29787a82-7f21-42fb-b29e-68fef013f5a1 [2026-07-30T02:27:42.448708] Deploying "src/gen/data/myfranchise-TipoAlerta.csv"... (STDOUT, APP/TASK/deploy)#
#2026 07 30 02:49:54.231#Z#DEBUG#3ed74488-8bc1-11f1-85f0-eeee0a91cfe7.myfranchise-db-deployer#flowable-async-job-executor-thread-62830#
[PollStageAppStatusExecution] 29787a82-7f21-42fb-b29e-68fef013f5a1 [2026-07-30T02:27:42.448710] Deploying "src/gen/data/myfranchise-StatusTarefa.csv"... ok (0s 2ms) (STDOUT, APP/TASK/deploy)#
#2026 07 30 02:49:54.231#Z#DEBUG#3ed74488-8bc1-11f1-85f0-eeee0a91cfe7.myfranchise-db-deployer#flowable-async-job-executor-thread-62830#
[PollStageAppStatusExecution] 29787a82-7f21-42fb-b29e-68fef013f5a1 [2026-07-30T02:27:42.448711] Deploying "src/gen/data/myfranchise-TipoAlerta.hdbtabledata"... (STDOUT, APP/TASK/deploy)#
#2026 07 30 02:49:54.231#Z#DEBUG#3ed74488-8bc1-11f1-85f0-eeee0a91cfe7.myfranchise-db-deployer#flowable-async-job-executor-thread-62830#
[PollStageAppStatusExecution] 29787a82-7f21-42fb-b29e-68fef013f5a1 [2026-07-30T02:27:42.448713] Deploying "src/gen/data/myfranchise-TipoAlerta.hdbtabledata"... ok (0s 0ms) (STDOUT, APP/TASK/deploy)#
#2026 07 30 02:49:54.231#Z#DEBUG#3ed74488-8bc1-11f1-85f0-eeee0a91cfe7.myfranchise-db-deployer#flowable-async-job-executor-thread-62830#
[PollStageAppStatusExecution] 29787a82-7f21-42fb-b29e-68fef013f5a1 [2026-07-30T02:27:42.448715] Deploying "src/gen/data/myfranchise-TipoDesvio.csv"... (STDOUT, APP/TASK/deploy)#
#2026 07 30 02:49:54.231#Z#DEBUG#3ed74488-8bc1-11f1-85f0-eeee0a91cfe7.myfranchise-db-deployer#flowable-async-job-executor-thread-62830#
[PollStageAppStatusExecution] 29787a82-7f21-42fb-b29e-68fef013f5a1 [2026-07-30T02:27:42.448716] Deploying "src/gen/data/myfranchise-TipoAlerta.csv"... ok (0s 2ms) (STDOUT, APP/TASK/deploy)#
#2026 07 30 02:49:54.231#Z#DEBUG#3ed74488-8bc1-11f1-85f0-eeee0a91cfe7.myfranchise-db-deployer#flowable-async-job-executor-thread-62830#
[PollStageAppStatusExecution] 29787a82-7f21-42fb-b29e-68fef013f5a1 [2026-07-30T02:27:42.448718] Deploying "src/gen/data/myfranchise-TipoDesvio.hdbtabledata"... (STDOUT, APP/TASK/deploy)#
#2026 07 30 02:49:54.231#Z#DEBUG#3ed74488-8bc1-11f1-85f0-eeee0a91cfe7.myfranchise-db-deployer#flowable-async-job-executor-thread-62830#
[PollStageAppStatusExecution] 29787a82-7f21-42fb-b29e-68fef013f5a1 [2026-07-30T02:27:42.448720] Deploying "src/gen/data/myfranchise-TipoDesvio.hdbtabledata"... ok (0s 0ms) (STDOUT, APP/TASK/deploy)#
#2026 07 30 02:49:54.231#Z#DEBUG#3ed74488-8bc1-11f1-85f0-eeee0a91cfe7.myfranchise-db-deployer#flowable-async-job-executor-thread-62830#
[PollStageAppStatusExecution] 29787a82-7f21-42fb-b29e-68fef013f5a1 [2026-07-30T02:27:42.448722] Deploying "src/gen/data/myfranchise-TipoDocumento.csv"... (STDOUT, APP/TASK/deploy)#
#2026 07 30 02:49:54.231#Z#DEBUG#3ed74488-8bc1-11f1-85f0-eeee0a91cfe7.myfranchise-db-deployer#flowable-async-job-executor-thread-62830#
[PollStageAppStatusExecution] 29787a82-7f21-42fb-b29e-68fef013f5a1 [2026-07-30T02:27:42.448723] Deploying "src/gen/data/myfranchise-StatusUnidade.csv"... ok (0s 3ms) (STDOUT, APP/TASK/deploy)#
#2026 07 30 02:49:54.231#Z#DEBUG#3ed74488-8bc1-11f1-85f0-eeee0a91cfe7.myfranchise-db-deployer#flowable-async-job-executor-thread-62830#
[PollStageAppStatusExecution] 29787a82-7f21-42fb-b29e-68fef013f5a1 [2026-07-30T02:27:42.448724] Deploying "src/gen/data/myfranchise-TipoDocumento.hdbtabledata"... (STDOUT, APP/TASK/deploy)#
#2026 07 30 02:49:54.231#Z#DEBUG#3ed74488-8bc1-11f1-85f0-eeee0a91cfe7.myfranchise-db-deployer#flowable-async-job-executor-thread-62830#
[PollStageAppStatusExecution] 29787a82-7f21-42fb-b29e-68fef013f5a1 [2026-07-30T02:27:42.448726] Deploying "src/gen/data/myfranchise-TipoDocumento.hdbtabledata"... ok (0s 0ms) (STDOUT, APP/TASK/deploy)#
#2026 07 30 02:49:54.231#Z#DEBUG#3ed74488-8bc1-11f1-85f0-eeee0a91cfe7.myfranchise-db-deployer#flowable-async-job-executor-thread-62830#
[PollStageAppStatusExecution] 29787a82-7f21-42fb-b29e-68fef013f5a1 [2026-07-30T02:27:42.448728] Deploying "src/gen/data/myfranchise-TipoRecomendacao.csv"... (STDOUT, APP/TASK/deploy)#
#2026 07 30 02:49:54.231#Z#DEBUG#3ed74488-8bc1-11f1-85f0-eeee0a91cfe7.myfranchise-db-deployer#flowable-async-job-executor-thread-62830#
[PollStageAppStatusExecution] 29787a82-7f21-42fb-b29e-68fef013f5a1 [2026-07-30T02:27:42.448730] Deploying "src/gen/data/myfranchise-TipoDesvio.csv"... ok (0s 2ms) (STDOUT, APP/TASK/deploy)#
#2026 07 30 02:49:54.231#Z#DEBUG#3ed74488-8bc1-11f1-85f0-eeee0a91cfe7.myfranchise-db-deployer#flowable-async-job-executor-thread-62830#
[PollStageAppStatusExecution] 29787a82-7f21-42fb-b29e-68fef013f5a1 [2026-07-30T02:27:42.448732] Deploying "src/gen/data/myfranchise-TipoRecomendacao.hdbtabledata"... (STDOUT, APP/TASK/deploy)#
#2026 07 30 02:49:54.231#Z#DEBUG#3ed74488-8bc1-11f1-85f0-eeee0a91cfe7.myfranchise-db-deployer#flowable-async-job-executor-thread-62830#
[PollStageAppStatusExecution] 29787a82-7f21-42fb-b29e-68fef013f5a1 [2026-07-30T02:27:42.448734] Deploying "src/gen/data/myfranchise-TipoRecomendacao.hdbtabledata"... ok (0s 1ms) (STDOUT, APP/TASK/deploy)#
#2026 07 30 02:49:54.231#Z#DEBUG#3ed74488-8bc1-11f1-85f0-eeee0a91cfe7.myfranchise-db-deployer#flowable-async-job-executor-thread-62830#
[PollStageAppStatusExecution] 29787a82-7f21-42fb-b29e-68fef013f5a1 [2026-07-30T02:27:42.448735] Deploying "src/gen/data/myfranchise-Unidades.csv"... (STDOUT, APP/TASK/deploy)#
#2026 07 30 02:49:54.231#Z#DEBUG#3ed74488-8bc1-11f1-85f0-eeee0a91cfe7.myfranchise-db-deployer#flowable-async-job-executor-thread-62830#
[PollStageAppStatusExecution] 29787a82-7f21-42fb-b29e-68fef013f5a1 [2026-07-30T02:27:42.448737] Deploying "src/gen/data/myfranchise-TipoDocumento.csv"... ok (0s 3ms) (STDOUT, APP/TASK/deploy)#
#2026 07 30 02:49:54.231#Z#DEBUG#3ed74488-8bc1-11f1-85f0-eeee0a91cfe7.myfranchise-db-deployer#flowable-async-job-executor-thread-62830#
[PollStageAppStatusExecution] 29787a82-7f21-42fb-b29e-68fef013f5a1 [2026-07-30T02:27:42.448739] Deploying "src/gen/data/myfranchise-Unidades.hdbtabledata"... (STDOUT, APP/TASK/deploy)#
#2026 07 30 02:49:54.231#Z#DEBUG#3ed74488-8bc1-11f1-85f0-eeee0a91cfe7.myfranchise-db-deployer#flowable-async-job-executor-thread-62830#
[PollStageAppStatusExecution] 29787a82-7f21-42fb-b29e-68fef013f5a1 [2026-07-30T02:27:42.448751] Deploying "src/gen/data/myfranchise-Unidades.hdbtabledata"... ok (0s 0ms) (STDOUT, APP/TASK/deploy)#
#2026 07 30 02:49:54.231#Z#DEBUG#3ed74488-8bc1-11f1-85f0-eeee0a91cfe7.myfranchise-db-deployer#flowable-async-job-executor-thread-62830#
[PollStageAppStatusExecution] 29787a82-7f21-42fb-b29e-68fef013f5a1 [2026-07-30T02:27:42.448753] Deploying "src/gen/data/myfranchise-VendaPraticada.csv"... (STDOUT, APP/TASK/deploy)#
#2026 07 30 02:49:54.231#Z#DEBUG#3ed74488-8bc1-11f1-85f0-eeee0a91cfe7.myfranchise-db-deployer#flowable-async-job-executor-thread-62830#
[PollStageAppStatusExecution] 29787a82-7f21-42fb-b29e-68fef013f5a1 [2026-07-30T02:27:42.448756] Deploying "src/gen/data/myfranchise-TipoRecomendacao.csv"... ok (0s 2ms) (STDOUT, APP/TASK/deploy)#
#2026 07 30 02:49:54.231#Z#DEBUG#3ed74488-8bc1-11f1-85f0-eeee0a91cfe7.myfranchise-db-deployer#flowable-async-job-executor-thread-62830#
[PollStageAppStatusExecution] 29787a82-7f21-42fb-b29e-68fef013f5a1 [2026-07-30T02:27:42.448758] Deploying "src/gen/data/myfranchise-VendaPraticada.hdbtabledata"... (STDOUT, APP/TASK/deploy)#
#2026 07 30 02:49:54.231#Z#DEBUG#3ed74488-8bc1-11f1-85f0-eeee0a91cfe7.myfranchise-db-deployer#flowable-async-job-executor-thread-62830#
[PollStageAppStatusExecution] 29787a82-7f21-42fb-b29e-68fef013f5a1 [2026-07-30T02:27:42.448761] Deploying "src/gen/data/myfranchise-VendaPraticada.hdbtabledata"... ok (0s 0ms) (STDOUT, APP/TASK/deploy)#
#2026 07 30 02:49:54.231#Z#DEBUG#3ed74488-8bc1-11f1-85f0-eeee0a91cfe7.myfranchise-db-deployer#flowable-async-job-executor-thread-62830#
[PollStageAppStatusExecution] 29787a82-7f21-42fb-b29e-68fef013f5a1 [2026-07-30T02:27:42.448763] Deploying "src/gen/myfranchise.Alertas.hdbtable"... (STDOUT, APP/TASK/deploy)#
#2026 07 30 02:49:54.231#Z#DEBUG#3ed74488-8bc1-11f1-85f0-eeee0a91cfe7.myfranchise-db-deployer#flowable-async-job-executor-thread-62830#
[PollStageAppStatusExecution] 29787a82-7f21-42fb-b29e-68fef013f5a1 [2026-07-30T02:27:42.448765] Deploying "src/gen/data/myfranchise-Unidades.csv"... ok (0s 2ms) (STDOUT, APP/TASK/deploy)#
#2026 07 30 02:49:54.231#Z#DEBUG#3ed74488-8bc1-11f1-85f0-eeee0a91cfe7.myfranchise-db-deployer#flowable-async-job-executor-thread-62830#
[PollStageAppStatusExecution] 29787a82-7f21-42fb-b29e-68fef013f5a1 [2026-07-30T02:27:42.448768] Deploying "src/gen/myfranchise.AprovacoesOnboarding.hdbtable"... (STDOUT, APP/TASK/deploy)#
#2026 07 30 02:49:54.231#Z#DEBUG#3ed74488-8bc1-11f1-85f0-eeee0a91cfe7.myfranchise-db-deployer#flowable-async-job-executor-thread-62830#
[PollStageAppStatusExecution] 29787a82-7f21-42fb-b29e-68fef013f5a1 [2026-07-30T02:27:42.448770] Deploying "src/gen/data/myfranchise-VendaPraticada.csv"... ok (0s 2ms) (STDOUT, APP/TASK/deploy)#
#2026 07 30 02:49:54.231#Z#DEBUG#3ed74488-8bc1-11f1-85f0-eeee0a91cfe7.myfranchise-db-deployer#flowable-async-job-executor-thread-62830#
[PollStageAppStatusExecution] 29787a82-7f21-42fb-b29e-68fef013f5a1 [2026-07-30T02:27:42.448772] Deploying "src/gen/myfranchise.Benchmark_Cluster.hdbtable"... (STDOUT, APP/TASK/deploy)#
#2026 07 30 02:49:54.231#Z#DEBUG#3ed74488-8bc1-11f1-85f0-eeee0a91cfe7.myfranchise-db-deployer#flowable-async-job-executor-thread-62830#
[PollStageAppStatusExecution] 29787a82-7f21-42fb-b29e-68fef013f5a1 [2026-07-30T02:27:42.448774] Deploying "src/gen/myfranchise.Alertas.hdbtable"... ok (0s 23ms) (STDOUT, APP/TASK/deploy)#
#2026 07 30 02:49:54.231#Z#DEBUG#3ed74488-8bc1-11f1-85f0-eeee0a91cfe7.myfranchise-db-deployer#flowable-async-job-executor-thread-62830#
[PollStageAppStatusExecution] 29787a82-7f21-42fb-b29e-68fef013f5a1 [2026-07-30T02:27:42.448777] Deploying "src/gen/myfranchise.Catalogos.hdbtable"... (STDOUT, APP/TASK/deploy)#
#2026 07 30 02:49:54.231#Z#DEBUG#3ed74488-8bc1-11f1-85f0-eeee0a91cfe7.myfranchise-db-deployer#flowable-async-job-executor-thread-62830#
[PollStageAppStatusExecution] 29787a82-7f21-42fb-b29e-68fef013f5a1 [2026-07-30T02:27:42.448797] Deploying "src/gen/myfranchise.AprovacoesOnboarding.hdbtable"... ok (0s 29ms) (STDOUT, APP/TASK/deploy)#
#2026 07 30 02:49:54.231#Z#DEBUG#3ed74488-8bc1-11f1-85f0-eeee0a91cfe7.myfranchise-db-deployer#flowable-async-job-executor-thread-62830#
[PollStageAppStatusExecution] 29787a82-7f21-42fb-b29e-68fef013f5a1 [2026-07-30T02:27:42.448800] Deploying "src/gen/myfranchise.Cluster.hdbtable"... (STDOUT, APP/TASK/deploy)#
#2026 07 30 02:49:54.231#Z#DEBUG#3ed74488-8bc1-11f1-85f0-eeee0a91cfe7.myfranchise-db-deployer#flowable-async-job-executor-thread-62830#
[PollStageAppStatusExecution] 29787a82-7f21-42fb-b29e-68fef013f5a1 [2026-07-30T02:27:42.448804] Deploying "src/gen/myfranchise.Benchmark_Cluster.hdbtable"... ok (0s 31ms) (STDOUT, APP/TASK/deploy)#
#2026 07 30 02:49:54.231#Z#DEBUG#3ed74488-8bc1-11f1-85f0-eeee0a91cfe7.myfranchise-db-deployer#flowable-async-job-executor-thread-62830#
[PollStageAppStatusExecution] 29787a82-7f21-42fb-b29e-68fef013f5a1 [2026-07-30T02:27:42.448806] Deploying "src/gen/myfranchise.Cluster_texts.hdbtable"... (STDOUT, APP/TASK/deploy)#
#2026 07 30 02:49:54.231#Z#DEBUG#3ed74488-8bc1-11f1-85f0-eeee0a91cfe7.myfranchise-db-deployer#flowable-async-job-executor-thread-62830#
[PollStageAppStatusExecution] 29787a82-7f21-42fb-b29e-68fef013f5a1 [2026-07-30T02:27:42.448808] Deploying "src/gen/myfranchise.Catalogos.hdbtable"... ok (0s 25ms) (STDOUT, APP/TASK/deploy)#
#2026 07 30 02:49:54.231#Z#DEBUG#3ed74488-8bc1-11f1-85f0-eeee0a91cfe7.myfranchise-db-deployer#flowable-async-job-executor-thread-62830#
[PollStageAppStatusExecution] 29787a82-7f21-42fb-b29e-68fef013f5a1 [2026-07-30T02:27:42.448810] Deploying "src/gen/myfranchise.Cluster.hdbtable"... ok (0s 19ms) (STDOUT, APP/TASK/deploy)#
#2026 07 30 02:49:54.231#Z#DEBUG#3ed74488-8bc1-11f1-85f0-eeee0a91cfe7.myfranchise-db-deployer#flowable-async-job-executor-thread-62830#
[PollStageAppStatusExecution] 29787a82-7f21-42fb-b29e-68fef013f5a1 [2026-07-30T02:27:42.448818] Deploying "src/gen/myfranchise.Contratos_Franquia.hdbtable"... (STDOUT, APP/TASK/deploy)#
#2026 07 30 02:49:54.231#Z#DEBUG#3ed74488-8bc1-11f1-85f0-eeee0a91cfe7.myfranchise-db-deployer#flowable-async-job-executor-thread-62830#
[PollStageAppStatusExecution] 29787a82-7f21-42fb-b29e-68fef013f5a1 [2026-07-30T02:27:42.448820] Deploying "src/gen/myfranchise.Desvios.hdbtable"... (STDOUT, APP/TASK/deploy)#
#2026 07 30 02:49:54.231#Z#DEBUG#3ed74488-8bc1-11f1-85f0-eeee0a91cfe7.myfranchise-db-deployer#flowable-async-job-executor-thread-62830#
[PollStageAppStatusExecution] 29787a82-7f21-42fb-b29e-68fef013f5a1 [2026-07-30T02:27:42.448822] Deploying "src/gen/myfranchise.Cluster_texts.hdbtable"... ok (0s 24ms) (STDOUT, APP/TASK/deploy)#
#2026 07 30 02:49:54.231#Z#DEBUG#3ed74488-8bc1-11f1-85f0-eeee0a91cfe7.myfranchise-db-deployer#flowable-async-job-executor-thread-62830#
[PollStageAppStatusExecution] 29787a82-7f21-42fb-b29e-68fef013f5a1 [2026-07-30T02:27:42.448873] Deploying "src/gen/myfranchise.DocumentosOnboarding.hdbtable"... (STDOUT, APP/TASK/deploy)#
#2026 07 30 02:49:54.231#Z#DEBUG#3ed74488-8bc1-11f1-85f0-eeee0a91cfe7.myfranchise-db-deployer#flowable-async-job-executor-thread-62830#
[PollStageAppStatusExecution] 29787a82-7f21-42fb-b29e-68fef013f5a1 [2026-07-30T02:27:42.448879] Deploying "src/gen/myfranchise.Contratos_Franquia.hdbtable"... ok (0s 24ms) (STDOUT, APP/TASK/deploy)#
#2026 07 30 02:49:54.231#Z#DEBUG#3ed74488-8bc1-11f1-85f0-eeee0a91cfe7.myfranchise-db-deployer#flowable-async-job-executor-thread-62830#
[PollStageAppStatusExecution] 29787a82-7f21-42fb-b29e-68fef013f5a1 [2026-07-30T02:27:42.448882] Deploying "src/gen/myfranchise.Desvios.hdbtable"... ok (0s 24ms) (STDOUT, APP/TASK/deploy)#
#2026 07 30 02:49:54.231#Z#DEBUG#3ed74488-8bc1-11f1-85f0-eeee0a91cfe7.myfranchise-db-deployer#flowable-async-job-executor-thread-62830#
[PollStageAppStatusExecution] 29787a82-7f21-42fb-b29e-68fef013f5a1 [2026-07-30T02:27:42.448885] Deploying "src/gen/myfranchise.EtapasOnboarding.hdbtable"... (STDOUT, APP/TASK/deploy)#
#2026 07 30 02:49:54.231#Z#DEBUG#3ed74488-8bc1-11f1-85f0-eeee0a91cfe7.myfranchise-db-deployer#flowable-async-job-executor-thread-62830#
[PollStageAppStatusExecution] 29787a82-7f21-42fb-b29e-68fef013f5a1 [2026-07-30T02:27:42.448888] Deploying "src/gen/myfranchise.Franqueados.hdbtable"... (STDOUT, APP/TASK/deploy)#
#2026 07 30 02:49:54.231#Z#DEBUG#3ed74488-8bc1-11f1-85f0-eeee0a91cfe7.myfranchise-db-deployer#flowable-async-job-executor-thread-62830#
[PollStageAppStatusExecution] 29787a82-7f21-42fb-b29e-68fef013f5a1 [2026-07-30T02:27:42.448891] Deploying "src/gen/myfranchise.DocumentosOnboarding.hdbtable"... ok (0s 26ms) (STDOUT, APP/TASK/deploy)#
#2026 07 30 02:49:54.231#Z#DEBUG#3ed74488-8bc1-11f1-85f0-eeee0a91cfe7.myfranchise-db-deployer#flowable-async-job-executor-thread-62830#
[PollStageAppStatusExecution] 29787a82-7f21-42fb-b29e-68fef013f5a1 [2026-07-30T02:27:42.448896] Deploying "src/gen/myfranchise.ItensCatalogo.hdbtable"... (STDOUT, APP/TASK/deploy)#
#2026 07 30 02:49:54.231#Z#DEBUG#3ed74488-8bc1-11f1-85f0-eeee0a91cfe7.myfranchise-db-deployer#flowable-async-job-executor-thread-62830#
[PollStageAppStatusExecution] 29787a82-7f21-42fb-b29e-68fef013f5a1 [2026-07-30T02:27:42.448910] Deploying "src/gen/myfranchise.EtapasOnboarding.hdbtable"... ok (0s 27ms) (STDOUT, APP/TASK/deploy)#
#2026 07 30 02:49:54.231#Z#DEBUG#3ed74488-8bc1-11f1-85f0-eeee0a91cfe7.myfranchise-db-deployer#flowable-async-job-executor-thread-62830#
[PollStageAppStatusExecution] 29787a82-7f21-42fb-b29e-68fef013f5a1 [2026-07-30T02:27:42.448913] Deploying "src/gen/myfranchise.Franqueados.hdbtable"... ok (0s 27ms) (STDOUT, APP/TASK/deploy)#
#2026 07 30 02:49:54.231#Z#DEBUG#3ed74488-8bc1-11f1-85f0-eeee0a91cfe7.myfranchise-db-deployer#flowable-async-job-executor-thread-62830#
[PollStageAppStatusExecution] 29787a82-7f21-42fb-b29e-68fef013f5a1 [2026-07-30T02:27:42.448915] Deploying "src/gen/myfranchise.KPI_Unidade.hdbtable"... (STDOUT, APP/TASK/deploy)#
#2026 07 30 02:49:54.231#Z#DEBUG#3ed74488-8bc1-11f1-85f0-eeee0a91cfe7.myfranchise-db-deployer#flowable-async-job-executor-thread-62830#
[PollStageAppStatusExecution] 29787a82-7f21-42fb-b29e-68fef013f5a1 [2026-07-30T02:27:42.448918] Deploying "src/gen/myfranchise.NotificacoesCompliance.hdbtable"... (STDOUT, APP/TASK/deploy)#
#2026 07 30 02:49:54.231#Z#DEBUG#3ed74488-8bc1-11f1-85f0-eeee0a91cfe7.myfranchise-db-deployer#flowable-async-job-executor-thread-62830#
[PollStageAppStatusExecution] 29787a82-7f21-42fb-b29e-68fef013f5a1 [2026-07-30T02:27:42.448928] Deploying "src/gen/myfranchise.ItensCatalogo.hdbtable"... ok (0s 27ms) (STDOUT, APP/TASK/deploy)#
#2026 07 30 02:49:54.231#Z#DEBUG#3ed74488-8bc1-11f1-85f0-eeee0a91cfe7.myfranchise-db-deployer#flowable-async-job-executor-thread-62830#
[PollStageAppStatusExecution] 29787a82-7f21-42fb-b29e-68fef013f5a1 [2026-07-30T02:27:42.448930] Deploying "src/gen/myfranchise.Prioridade.hdbtable"... (STDOUT, APP/TASK/deploy)#
#2026 07 30 02:49:54.231#Z#DEBUG#3ed74488-8bc1-11f1-85f0-eeee0a91cfe7.myfranchise-db-deployer#flowable-async-job-executor-thread-62830#
[PollStageAppStatusExecution] 29787a82-7f21-42fb-b29e-68fef013f5a1 [2026-07-30T02:27:42.448941] Deploying "src/gen/myfranchise.NotificacoesCompliance.hdbtable"... ok (0s 26ms) (STDOUT, APP/TASK/deploy)#
#2026 07 30 02:49:54.231#Z#DEBUG#3ed74488-8bc1-11f1-85f0-eeee0a91cfe7.myfranchise-db-deployer#flowable-async-job-executor-thread-62830#
[PollStageAppStatusExecution] 29787a82-7f21-42fb-b29e-68fef013f5a1 [2026-07-30T02:27:42.448993] Deploying "src/gen/myfranchise.KPI_Unidade.hdbtable"... ok (0s 26ms) (STDOUT, APP/TASK/deploy)#
#2026 07 30 02:49:54.231#Z#DEBUG#3ed74488-8bc1-11f1-85f0-eeee0a91cfe7.myfranchise-db-deployer#flowable-async-job-executor-thread-62830#
[PollStageAppStatusExecution] 29787a82-7f21-42fb-b29e-68fef013f5a1 [2026-07-30T02:27:42.449] Deploying "src/gen/myfranchise.Prioridade_texts.hdbtable"... (STDOUT, APP/TASK/deploy)#
#2026 07 30 02:49:54.231#Z#DEBUG#3ed74488-8bc1-11f1-85f0-eeee0a91cfe7.myfranchise-db-deployer#flowable-async-job-executor-thread-62830#
[PollStageAppStatusExecution] 29787a82-7f21-42fb-b29e-68fef013f5a1 [2026-07-30T02:27:42.449003] Deploying "src/gen/myfranchise.ProcessosOnboarding.hdbtable"... (STDOUT, APP/TASK/deploy)#
#2026 07 30 02:49:54.231#Z#DEBUG#3ed74488-8bc1-11f1-85f0-eeee0a91cfe7.myfranchise-db-deployer#flowable-async-job-executor-thread-62830#
[PollStageAppStatusExecution] 29787a82-7f21-42fb-b29e-68fef013f5a1 [2026-07-30T02:27:42.449006] Deploying "src/gen/myfranchise.Prioridade.hdbtable"... ok (0s 24ms) (STDOUT, APP/TASK/deploy)#
#2026 07 30 02:49:54.231#Z#DEBUG#3ed74488-8bc1-11f1-85f0-eeee0a91cfe7.myfranchise-db-deployer#flowable-async-job-executor-thread-62830#
[PollStageAppStatusExecution] 29787a82-7f21-42fb-b29e-68fef013f5a1 [2026-07-30T02:27:42.449021] Deploying "src/gen/myfranchise.Recomendacoes.hdbtable"... (STDOUT, APP/TASK/deploy)#
#2026 07 30 02:49:54.231#Z#DEBUG#3ed74488-8bc1-11f1-85f0-eeee0a91cfe7.myfranchise-db-deployer#flowable-async-job-executor-thread-62830#
[PollStageAppStatusExecution] 29787a82-7f21-42fb-b29e-68fef013f5a1 [2026-07-30T02:27:42.449024] Deploying "src/gen/myfranchise.Prioridade_texts.hdbtable"... ok (0s 23ms) (STDOUT, APP/TASK/deploy)#
#2026 07 30 02:49:54.231#Z#DEBUG#3ed74488-8bc1-11f1-85f0-eeee0a91cfe7.myfranchise-db-deployer#flowable-async-job-executor-thread-62830#
[PollStageAppStatusExecution] 29787a82-7f21-42fb-b29e-68fef013f5a1 [2026-07-30T02:27:42.449029] Deploying "src/gen/myfranchise.ProcessosOnboarding.hdbtable"... ok (0s 23ms) (STDOUT, APP/TASK/deploy)#
#2026 07 30 02:49:54.231#Z#DEBUG#3ed74488-8bc1-11f1-85f0-eeee0a91cfe7.myfranchise-db-deployer#flowable-async-job-executor-thread-62830#
[PollStageAppStatusExecution] 29787a82-7f21-42fb-b29e-68fef013f5a1 [2026-07-30T02:27:42.449041] Deploying "src/gen/myfranchise.Regiao.hdbtable"... (STDOUT, APP/TASK/deploy)#
#2026 07 30 02:49:54.231#Z#DEBUG#3ed74488-8bc1-11f1-85f0-eeee0a91cfe7.myfranchise-db-deployer#flowable-async-job-executor-thread-62830#
[PollStageAppStatusExecution] 29787a82-7f21-42fb-b29e-68fef013f5a1 [2026-07-30T02:27:42.449044] Deploying "src/gen/myfranchise.Regiao_texts.hdbtable"... (STDOUT, APP/TASK/deploy)#
#2026 07 30 02:49:54.231#Z#DEBUG#3ed74488-8bc1-11f1-85f0-eeee0a91cfe7.myfranchise-db-deployer#flowable-async-job-executor-thread-62830#
[PollStageAppStatusExecution] 29787a82-7f21-42fb-b29e-68fef013f5a1 [2026-07-30T02:27:42.449047] Deploying "src/gen/myfranchise.Recomendacoes.hdbtable"... ok (0s 25ms) (STDOUT, APP/TASK/deploy)#
#2026 07 30 02:49:54.231#Z#DEBUG#3ed74488-8bc1-11f1-85f0-eeee0a91cfe7.myfranchise-db-deployer#flowable-async-job-executor-thread-62830#
[PollStageAppStatusExecution] 29787a82-7f21-42fb-b29e-68fef013f5a1 [2026-07-30T02:27:42.449050] Deploying "src/gen/myfranchise.RegrasCompliance.hdbtable"... (STDOUT, APP/TASK/deploy)#
#2026 07 30 02:49:54.231#Z#DEBUG#3ed74488-8bc1-11f1-85f0-eeee0a91cfe7.myfranchise-db-deployer#flowable-async-job-executor-thread-62830#
[PollStageAppStatusExecution] 29787a82-7f21-42fb-b29e-68fef013f5a1 [2026-07-30T02:27:42.449053] Deploying "src/gen/myfranchise.Regiao.hdbtable"... ok (0s 25ms) (STDOUT, APP/TASK/deploy)#
#2026 07 30 02:49:54.231#Z#DEBUG#3ed74488-8bc1-11f1-85f0-eeee0a91cfe7.myfranchise-db-deployer#flowable-async-job-executor-thread-62830#
[PollStageAppStatusExecution] 29787a82-7f21-42fb-b29e-68fef013f5a1 [2026-07-30T02:27:42.449096] Deploying "src/gen/myfranchise.Regiao_texts.hdbtable"... ok (0s 25ms) (STDOUT, APP/TASK/deploy)#
#2026 07 30 02:49:54.231#Z#DEBUG#3ed74488-8bc1-11f1-85f0-eeee0a91cfe7.myfranchise-db-deployer#flowable-async-job-executor-thread-62830#
[PollStageAppStatusExecution] 29787a82-7f21-42fb-b29e-68fef013f5a1 [2026-07-30T02:27:42.449101] Deploying "src/gen/myfranchise.Saude_Unidade.hdbtable"... (STDOUT, APP/TASK/deploy)#
#2026 07 30 02:49:54.231#Z#DEBUG#3ed74488-8bc1-11f1-85f0-eeee0a91cfe7.myfranchise-db-deployer#flowable-async-job-executor-thread-62830#
[PollStageAppStatusExecution] 29787a82-7f21-42fb-b29e-68fef013f5a1 [2026-07-30T02:27:42.449103] Deploying "src/gen/myfranchise.Severidade.hdbtable"... (STDOUT, APP/TASK/deploy)#
#2026 07 30 02:49:54.231#Z#DEBUG#3ed74488-8bc1-11f1-85f0-eeee0a91cfe7.myfranchise-db-deployer#flowable-async-job-executor-thread-62830#
[PollStageAppStatusExecution] 29787a82-7f21-42fb-b29e-68fef013f5a1 [2026-07-30T02:27:42.449498] Deploying "src/gen/myfranchise.RegrasCompliance.hdbtable"... ok (0s 24ms) (STDOUT, APP/TASK/deploy)#
#2026 07 30 02:49:54.231#Z#DEBUG#3ed74488-8bc1-11f1-85f0-eeee0a91cfe7.myfranchise-db-deployer#flowable-async-job-executor-thread-62830#
[PollStageAppStatusExecution] 29787a82-7f21-42fb-b29e-68fef013f5a1 [2026-07-30T02:27:42.449512] Deploying "src/gen/myfranchise.Severidade_texts.hdbtable"... (STDOUT, APP/TASK/deploy)#
#2026 07 30 02:49:54.231#Z#DEBUG#3ed74488-8bc1-11f1-85f0-eeee0a91cfe7.myfranchise-db-deployer#flowable-async-job-executor-thread-62830#
[PollStageAppStatusExecution] 29787a82-7f21-42fb-b29e-68fef013f5a1 [2026-07-30T02:27:42.449556] Deploying "src/gen/myfranchise.Saude_Unidade.hdbtable"... ok (0s 23ms) (STDOUT, APP/TASK/deploy)#
#2026 07 30 02:49:54.231#Z#DEBUG#3ed74488-8bc1-11f1-85f0-eeee0a91cfe7.myfranchise-db-deployer#flowable-async-job-executor-thread-62830#
[PollStageAppStatusExecution] 29787a82-7f21-42fb-b29e-68fef013f5a1 [2026-07-30T02:27:42.449558] Deploying "src/gen/myfranchise.Severidade.hdbtable"... ok (0s 23ms) (STDOUT, APP/TASK/deploy)#
#2026 07 30 02:49:54.231#Z#DEBUG#3ed74488-8bc1-11f1-85f0-eeee0a91cfe7.myfranchise-db-deployer#flowable-async-job-executor-thread-62830#
[PollStageAppStatusExecution] 29787a82-7f21-42fb-b29e-68fef013f5a1 [2026-07-30T02:27:42.449563] Deploying "src/gen/myfranchise.StatusAlerta.hdbtable"... (STDOUT, APP/TASK/deploy)#
#2026 07 30 02:49:54.231#Z#DEBUG#3ed74488-8bc1-11f1-85f0-eeee0a91cfe7.myfranchise-db-deployer#flowable-async-job-executor-thread-62830#
[PollStageAppStatusExecution] 29787a82-7f21-42fb-b29e-68fef013f5a1 [2026-07-30T02:27:42.449565] Deploying "src/gen/myfranchise.StatusAlerta_texts.hdbtable"... (STDOUT, APP/TASK/deploy)#
#2026 07 30 02:49:54.231#Z#DEBUG#3ed74488-8bc1-11f1-85f0-eeee0a91cfe7.myfranchise-db-deployer#flowable-async-job-executor-thread-62830#
[PollStageAppStatusExecution] 29787a82-7f21-42fb-b29e-68fef013f5a1 [2026-07-30T02:27:42.449568] Deploying "src/gen/myfranchise.Severidade_texts.hdbtable"... ok (0s 23ms) (STDOUT, APP/TASK/deploy)#
#2026 07 30 02:49:54.231#Z#DEBUG#3ed74488-8bc1-11f1-85f0-eeee0a91cfe7.myfranchise-db-deployer#flowable-async-job-executor-thread-62830#
[PollStageAppStatusExecution] 29787a82-7f21-42fb-b29e-68fef013f5a1 [2026-07-30T02:27:42.449570] Deploying "src/gen/myfranchise.StatusAprovacao.hdbtable"... (STDOUT, APP/TASK/deploy)#
#2026 07 30 02:49:54.231#Z#DEBUG#3ed74488-8bc1-11f1-85f0-eeee0a91cfe7.myfranchise-db-deployer#flowable-async-job-executor-thread-62830#
[PollStageAppStatusExecution] 29787a82-7f21-42fb-b29e-68fef013f5a1 [2026-07-30T02:27:42.449572] Deploying "src/gen/myfranchise.StatusAlerta.hdbtable"... ok (0s 21ms) (STDOUT, APP/TASK/deploy)#
#2026 07 30 02:49:54.231#Z#DEBUG#3ed74488-8bc1-11f1-85f0-eeee0a91cfe7.myfranchise-db-deployer#flowable-async-job-executor-thread-62830#
[PollStageAppStatusExecution] 29787a82-7f21-42fb-b29e-68fef013f5a1 [2026-07-30T02:27:42.449574] Deploying "src/gen/myfranchise.StatusAprovacao_texts.hdbtable"... (STDOUT, APP/TASK/deploy)#
#2026 07 30 02:49:54.231#Z#DEBUG#3ed74488-8bc1-11f1-85f0-eeee0a91cfe7.myfranchise-db-deployer#flowable-async-job-executor-thread-62830#
[PollStageAppStatusExecution] 29787a82-7f21-42fb-b29e-68fef013f5a1 [2026-07-30T02:27:42.449577] Deploying "src/gen/myfranchise.StatusAlerta_texts.hdbtable"... ok (0s 21ms) (STDOUT, APP/TASK/deploy)#
#2026 07 30 02:49:54.231#Z#DEBUG#3ed74488-8bc1-11f1-85f0-eeee0a91cfe7.myfranchise-db-deployer#flowable-async-job-executor-thread-62830#
[PollStageAppStatusExecution] 29787a82-7f21-42fb-b29e-68fef013f5a1 [2026-07-30T02:27:42.449579] Deploying "src/gen/myfranchise.StatusCatalogo.hdbtable"... (STDOUT, APP/TASK/deploy)#
#2026 07 30 02:49:54.231#Z#DEBUG#3ed74488-8bc1-11f1-85f0-eeee0a91cfe7.myfranchise-db-deployer#flowable-async-job-executor-thread-62830#
[PollStageAppStatusExecution] 29787a82-7f21-42fb-b29e-68fef013f5a1 [2026-07-30T02:27:42.449581] Deploying "src/gen/myfranchise.StatusAprovacao.hdbtable"... ok (0s 20ms) (STDOUT, APP/TASK/deploy)#
#2026 07 30 02:49:54.231#Z#DEBUG#3ed74488-8bc1-11f1-85f0-eeee0a91cfe7.myfranchise-db-deployer#flowable-async-job-executor-thread-62830#
[PollStageAppStatusExecution] 29787a82-7f21-42fb-b29e-68fef013f5a1 [2026-07-30T02:27:42.449585] Deploying "src/gen/myfranchise.StatusCatalogo_texts.hdbtable"... (STDOUT, APP/TASK/deploy)#
#2026 07 30 02:49:54.231#Z#DEBUG#3ed74488-8bc1-11f1-85f0-eeee0a91cfe7.myfranchise-db-deployer#flowable-async-job-executor-thread-62830#
[PollStageAppStatusExecution] 29787a82-7f21-42fb-b29e-68fef013f5a1 [2026-07-30T02:27:42.449589] Deploying "src/gen/myfranchise.StatusAprovacao_texts.hdbtable"... ok (0s 20ms) (STDOUT, APP/TASK/deploy)#
#2026 07 30 02:49:54.231#Z#DEBUG#3ed74488-8bc1-11f1-85f0-eeee0a91cfe7.myfranchise-db-deployer#flowable-async-job-executor-thread-62830#
[PollStageAppStatusExecution] 29787a82-7f21-42fb-b29e-68fef013f5a1 [2026-07-30T02:27:42.449592] Deploying "src/gen/myfranchise.StatusCatalogo.hdbtable"... ok (0s 20ms) (STDOUT, APP/TASK/deploy)#
#2026 07 30 02:49:54.231#Z#DEBUG#3ed74488-8bc1-11f1-85f0-eeee0a91cfe7.myfranchise-db-deployer#flowable-async-job-executor-thread-62830#
[PollStageAppStatusExecution] 29787a82-7f21-42fb-b29e-68fef013f5a1 [2026-07-30T02:27:42.449594] Deploying "src/gen/myfranchise.StatusContrato.hdbtable"... (STDOUT, APP/TASK/deploy)#
#2026 07 30 02:49:54.231#Z#DEBUG#3ed74488-8bc1-11f1-85f0-eeee0a91cfe7.myfranchise-db-deployer#flowable-async-job-executor-thread-62830#
[PollStageAppStatusExecution] 29787a82-7f21-42fb-b29e-68fef013f5a1 [2026-07-30T02:27:42.449597] Deploying "src/gen/myfranchise.StatusContrato_texts.hdbtable"... (STDOUT, APP/TASK/deploy)#
#2026 07 30 02:49:54.231#Z#DEBUG#3ed74488-8bc1-11f1-85f0-eeee0a91cfe7.myfranchise-db-deployer#flowable-async-job-executor-thread-62830#
[PollStageAppStatusExecution] 29787a82-7f21-42fb-b29e-68fef013f5a1 [2026-07-30T02:27:42.449600] Deploying "src/gen/myfranchise.StatusCatalogo_texts.hdbtable"... ok (0s 21ms) (STDOUT, APP/TASK/deploy)#
#2026 07 30 02:49:54.231#Z#DEBUG#3ed74488-8bc1-11f1-85f0-eeee0a91cfe7.myfranchise-db-deployer#flowable-async-job-executor-thread-62830#
[PollStageAppStatusExecution] 29787a82-7f21-42fb-b29e-68fef013f5a1 [2026-07-30T02:27:42.449602] Deploying "src/gen/myfranchise.StatusDesvio.hdbtable"... (STDOUT, APP/TASK/deploy)#
#2026 07 30 02:49:54.231#Z#DEBUG#3ed74488-8bc1-11f1-85f0-eeee0a91cfe7.myfranchise-db-deployer#flowable-async-job-executor-thread-62830#
[PollStageAppStatusExecution] 29787a82-7f21-42fb-b29e-68fef013f5a1 [2026-07-30T02:27:42.449604] Deploying "src/gen/myfranchise.StatusContrato.hdbtable"... ok (0s 18ms) (STDOUT, APP/TASK/deploy)#
#2026 07 30 02:49:54.231#Z#DEBUG#3ed74488-8bc1-11f1-85f0-eeee0a91cfe7.myfranchise-db-deployer#flowable-async-job-executor-thread-62830#
[PollStageAppStatusExecution] 29787a82-7f21-42fb-b29e-68fef013f5a1 [2026-07-30T02:27:42.449606] Deploying "src/gen/myfranchise.StatusDesvio_texts.hdbtable"... (STDOUT, APP/TASK/deploy)#
#2026 07 30 02:49:54.231#Z#DEBUG#3ed74488-8bc1-11f1-85f0-eeee0a91cfe7.myfranchise-db-deployer#flowable-async-job-executor-thread-62830#
[PollStageAppStatusExecution] 29787a82-7f21-42fb-b29e-68fef013f5a1 [2026-07-30T02:27:42.449609] Deploying "src/gen/myfranchise.StatusContrato_texts.hdbtable"... ok (0s 24ms) (STDOUT, APP/TASK/deploy)#
#2026 07 30 02:49:54.231#Z#DEBUG#3ed74488-8bc1-11f1-85f0-eeee0a91cfe7.myfranchise-db-deployer#flowable-async-job-executor-thread-62830#
[PollStageAppStatusExecution] 29787a82-7f21-42fb-b29e-68fef013f5a1 [2026-07-30T02:27:42.449612] Deploying "src/gen/myfranchise.StatusDocumento.hdbtable"... (STDOUT, APP/TASK/deploy)#
#2026 07 30 02:49:54.231#Z#DEBUG#3ed74488-8bc1-11f1-85f0-eeee0a91cfe7.myfranchise-db-deployer#flowable-async-job-executor-thread-62830#
[PollStageAppStatusExecution] 29787a82-7f21-42fb-b29e-68fef013f5a1 [2026-07-30T02:27:42.449614] Deploying "src/gen/myfranchise.StatusDesvio.hdbtable"... ok (0s 21ms) (STDOUT, APP/TASK/deploy)#
#2026 07 30 02:49:54.231#Z#DEBUG#3ed74488-8bc1-11f1-85f0-eeee0a91cfe7.myfranchise-db-deployer#flowable-async-job-executor-thread-62830#
[PollStageAppStatusExecution] 29787a82-7f21-42fb-b29e-68fef013f5a1 [2026-07-30T02:27:42.449617] Deploying "src/gen/myfranchise.StatusDocumento_texts.hdbtable"... (STDOUT, APP/TASK/deploy)#
#2026 07 30 02:49:54.231#Z#DEBUG#3ed74488-8bc1-11f1-85f0-eeee0a91cfe7.myfranchise-db-deployer#flowable-async-job-executor-thread-62830#
[PollStageAppStatusExecution] 29787a82-7f21-42fb-b29e-68fef013f5a1 [2026-07-30T02:27:42.449619] Deploying "src/gen/myfranchise.StatusDesvio_texts.hdbtable"... ok (0s 21ms) (STDOUT, APP/TASK/deploy)#
#2026 07 30 02:49:54.231#Z#DEBUG#3ed74488-8bc1-11f1-85f0-eeee0a91cfe7.myfranchise-db-deployer#flowable-async-job-executor-thread-62830#
[PollStageAppStatusExecution] 29787a82-7f21-42fb-b29e-68fef013f5a1 [2026-07-30T02:27:42.449622] Deploying "src/gen/myfranchise.StatusFranqueado.hdbtable"... (STDOUT, APP/TASK/deploy)#
#2026 07 30 02:49:54.231#Z#DEBUG#3ed74488-8bc1-11f1-85f0-eeee0a91cfe7.myfranchise-db-deployer#flowable-async-job-executor-thread-62830#
[PollStageAppStatusExecution] 29787a82-7f21-42fb-b29e-68fef013f5a1 [2026-07-30T02:27:42.449624] Deploying "src/gen/myfranchise.StatusDocumento.hdbtable"... ok (0s 21ms) (STDOUT, APP/TASK/deploy)#
#2026 07 30 02:49:54.231#Z#DEBUG#3ed74488-8bc1-11f1-85f0-eeee0a91cfe7.myfranchise-db-deployer#flowable-async-job-executor-thread-62830#
[PollStageAppStatusExecution] 29787a82-7f21-42fb-b29e-68fef013f5a1 [2026-07-30T02:27:42.449627] Deploying "src/gen/myfranchise.StatusFranqueado_texts.hdbtable"... (STDOUT, APP/TASK/deploy)#
#2026 07 30 02:49:54.231#Z#DEBUG#3ed74488-8bc1-11f1-85f0-eeee0a91cfe7.myfranchise-db-deployer#flowable-async-job-executor-thread-62830#
[PollStageAppStatusExecution] 29787a82-7f21-42fb-b29e-68fef013f5a1 [2026-07-30T02:27:42.449629] Deploying "src/gen/myfranchise.StatusDocumento_texts.hdbtable"... ok (0s 21ms) (STDOUT, APP/TASK/deploy)#
#2026 07 30 02:49:54.231#Z#DEBUG#3ed74488-8bc1-11f1-85f0-eeee0a91cfe7.myfranchise-db-deployer#flowable-async-job-executor-thread-62830#
[PollStageAppStatusExecution] 29787a82-7f21-42fb-b29e-68fef013f5a1 [2026-07-30T02:27:42.449632] Deploying "src/gen/myfranchise.StatusKPI.hdbtable"... (STDOUT, APP/TASK/deploy)#
#2026 07 30 02:49:54.231#Z#DEBUG#3ed74488-8bc1-11f1-85f0-eeee0a91cfe7.myfranchise-db-deployer#flowable-async-job-executor-thread-62830#
[PollStageAppStatusExecution] 29787a82-7f21-42fb-b29e-68fef013f5a1 [2026-07-30T02:27:42.449634] Deploying "src/gen/myfranchise.StatusFranqueado.hdbtable"... ok (0s 20ms) (STDOUT, APP/TASK/deploy)#
#2026 07 30 02:49:54.231#Z#DEBUG#3ed74488-8bc1-11f1-85f0-eeee0a91cfe7.myfranchise-db-deployer#flowable-async-job-executor-thread-62830#
[PollStageAppStatusExecution] 29787a82-7f21-42fb-b29e-68fef013f5a1 [2026-07-30T02:27:42.449636] Deploying "src/gen/myfranchise.StatusKPI_texts.hdbtable"... (STDOUT, APP/TASK/deploy)#
#2026 07 30 02:49:54.231#Z#DEBUG#3ed74488-8bc1-11f1-85f0-eeee0a91cfe7.myfranchise-db-deployer#flowable-async-job-executor-thread-62830#
[PollStageAppStatusExecution] 29787a82-7f21-42fb-b29e-68fef013f5a1 [2026-07-30T02:27:42.449638] Deploying "src/gen/myfranchise.StatusFranqueado_texts.hdbtable"... ok (0s 21ms) (STDOUT, APP/TASK/deploy)#
#2026 07 30 02:49:54.231#Z#DEBUG#3ed74488-8bc1-11f1-85f0-eeee0a91cfe7.myfranchise-db-deployer#flowable-async-job-executor-thread-62830#
[PollStageAppStatusExecution] 29787a82-7f21-42fb-b29e-68fef013f5a1 [2026-07-30T02:27:42.449640] Deploying "src/gen/myfranchise.StatusNotificacao.hdbtable"... (STDOUT, APP/TASK/deploy)#
#2026 07 30 02:49:54.231#Z#DEBUG#3ed74488-8bc1-11f1-85f0-eeee0a91cfe7.myfranchise-db-deployer#flowable-async-job-executor-thread-62830#
[PollStageAppStatusExecution] 29787a82-7f21-42fb-b29e-68fef013f5a1 [2026-07-30T02:27:42.449642] Deploying "src/gen/myfranchise.StatusKPI.hdbtable"... ok (0s 21ms) (STDOUT, APP/TASK/deploy)#
#2026 07 30 02:49:54.231#Z#DEBUG#3ed74488-8bc1-11f1-85f0-eeee0a91cfe7.myfranchise-db-deployer#flowable-async-job-executor-thread-62830#
[PollStageAppStatusExecution] 29787a82-7f21-42fb-b29e-68fef013f5a1 [2026-07-30T02:27:42.449645] Deploying "src/gen/myfranchise.StatusNotificacao_texts.hdbtable"... (STDOUT, APP/TASK/deploy)#
#2026 07 30 02:49:54.231#Z#DEBUG#3ed74488-8bc1-11f1-85f0-eeee0a91cfe7.myfranchise-db-deployer#flowable-async-job-executor-thread-62830#
[PollStageAppStatusExecution] 29787a82-7f21-42fb-b29e-68fef013f5a1 [2026-07-30T02:27:43.459491] Deploying "src/gen/myfranchise.StatusKPI_texts.hdbtable"... ok (0s 21ms) (STDOUT, APP/TASK/deploy)#
#2026 07 30 02:49:54.231#Z#DEBUG#3ed74488-8bc1-11f1-85f0-eeee0a91cfe7.myfranchise-db-deployer#flowable-async-job-executor-thread-62830#
[PollStageAppStatusExecution] 29787a82-7f21-42fb-b29e-68fef013f5a1 [2026-07-30T02:27:43.459518] Deploying "src/gen/myfranchise.StatusOnboarding.hdbtable"... (STDOUT, APP/TASK/deploy)#
#2026 07 30 02:49:54.231#Z#DEBUG#3ed74488-8bc1-11f1-85f0-eeee0a91cfe7.myfranchise-db-deployer#flowable-async-job-executor-thread-62830#
[PollStageAppStatusExecution] 29787a82-7f21-42fb-b29e-68fef013f5a1 [2026-07-30T02:27:43.459524] Deploying "src/gen/myfranchise.StatusNotificacao.hdbtable"... ok (0s 23ms) (STDOUT, APP/TASK/deploy)#
#2026 07 30 02:49:54.231#Z#DEBUG#3ed74488-8bc1-11f1-85f0-eeee0a91cfe7.myfranchise-db-deployer#flowable-async-job-executor-thread-62830#
[PollStageAppStatusExecution] 29787a82-7f21-42fb-b29e-68fef013f5a1 [2026-07-30T02:27:43.459526] Deploying "src/gen/myfranchise.StatusOnboarding_texts.hdbtable"... (STDOUT, APP/TASK/deploy)#
#2026 07 30 02:49:54.231#Z#DEBUG#3ed74488-8bc1-11f1-85f0-eeee0a91cfe7.myfranchise-db-deployer#flowable-async-job-executor-thread-62830#
[PollStageAppStatusExecution] 29787a82-7f21-42fb-b29e-68fef013f5a1 [2026-07-30T02:27:43.459529] Deploying "src/gen/myfranchise.StatusNotificacao_texts.hdbtable"... ok (0s 27ms) (STDOUT, APP/TASK/deploy)#
#2026 07 30 02:49:54.231#Z#DEBUG#3ed74488-8bc1-11f1-85f0-eeee0a91cfe7.myfranchise-db-deployer#flowable-async-job-executor-thread-62830#
[PollStageAppStatusExecution] 29787a82-7f21-42fb-b29e-68fef013f5a1 [2026-07-30T02:27:43.459531] Deploying "src/gen/myfranchise.StatusRecomendacao.hdbtable"... (STDOUT, APP/TASK/deploy)#
#2026 07 30 02:49:54.231#Z#DEBUG#3ed74488-8bc1-11f1-85f0-eeee0a91cfe7.myfranchise-db-deployer#flowable-async-job-executor-thread-62830#
[PollStageAppStatusExecution] 29787a82-7f21-42fb-b29e-68fef013f5a1 [2026-07-30T02:27:43.459536] Deploying "src/gen/myfranchise.StatusOnboarding.hdbtable"... ok (0s 28ms) (STDOUT, APP/TASK/deploy)#
#2026 07 30 02:49:54.231#Z#DEBUG#3ed74488-8bc1-11f1-85f0-eeee0a91cfe7.myfranchise-db-deployer#flowable-async-job-executor-thread-62830#
[PollStageAppStatusExecution] 29787a82-7f21-42fb-b29e-68fef013f5a1 [2026-07-30T02:27:43.459538] Deploying "src/gen/myfranchise.StatusRecomendacao_texts.hdbtable"... (STDOUT, APP/TASK/deploy)#
#2026 07 30 02:49:54.231#Z#DEBUG#3ed74488-8bc1-11f1-85f0-eeee0a91cfe7.myfranchise-db-deployer#flowable-async-job-executor-thread-62830#
[PollStageAppStatusExecution] 29787a82-7f21-42fb-b29e-68fef013f5a1 [2026-07-30T02:27:43.459543] Deploying "src/gen/myfranchise.StatusOnboarding_texts.hdbtable"... ok (0s 27ms) (STDOUT, APP/TASK/deploy)#
#2026 07 30 02:49:54.231#Z#DEBUG#3ed74488-8bc1-11f1-85f0-eeee0a91cfe7.myfranchise-db-deployer#flowable-async-job-executor-thread-62830#
[PollStageAppStatusExecution] 29787a82-7f21-42fb-b29e-68fef013f5a1 [2026-07-30T02:27:43.459546] Deploying "src/gen/myfranchise.StatusTarefa.hdbtable"... (STDOUT, APP/TASK/deploy)#
#2026 07 30 02:49:54.231#Z#DEBUG#3ed74488-8bc1-11f1-85f0-eeee0a91cfe7.myfranchise-db-deployer#flowable-async-job-executor-thread-62830#
[PollStageAppStatusExecution] 29787a82-7f21-42fb-b29e-68fef013f5a1 [2026-07-30T02:27:43.459552] Deploying "src/gen/myfranchise.StatusRecomendacao.hdbtable"... ok (0s 24ms) (STDOUT, APP/TASK/deploy)#
#2026 07 30 02:49:54.231#Z#DEBUG#3ed74488-8bc1-11f1-85f0-eeee0a91cfe7.myfranchise-db-deployer#flowable-async-job-executor-thread-62830#
[PollStageAppStatusExecution] 29787a82-7f21-42fb-b29e-68fef013f5a1 [2026-07-30T02:27:43.459554] Deploying "src/gen/myfranchise.StatusTarefa_texts.hdbtable"... (STDOUT, APP/TASK/deploy)#
#2026 07 30 02:49:54.231#Z#DEBUG#3ed74488-8bc1-11f1-85f0-eeee0a91cfe7.myfranchise-db-deployer#flowable-async-job-executor-thread-62830#
[PollStageAppStatusExecution] 29787a82-7f21-42fb-b29e-68fef013f5a1 [2026-07-30T02:27:43.459556] Deploying "src/gen/myfranchise.StatusRecomendacao_texts.hdbtable"... ok (0s 24ms) (STDOUT, APP/TASK/deploy)#
#2026 07 30 02:49:54.231#Z#DEBUG#3ed74488-8bc1-11f1-85f0-eeee0a91cfe7.myfranchise-db-deployer#flowable-async-job-executor-thread-62830#
[PollStageAppStatusExecution] 29787a82-7f21-42fb-b29e-68fef013f5a1 [2026-07-30T02:27:43.459558] Deploying "src/gen/myfranchise.StatusUnidade.hdbtable"... (STDOUT, APP/TASK/deploy)#
#2026 07 30 02:49:54.231#Z#DEBUG#3ed74488-8bc1-11f1-85f0-eeee0a91cfe7.myfranchise-db-deployer#flowable-async-job-executor-thread-62830#
[PollStageAppStatusExecution] 29787a82-7f21-42fb-b29e-68fef013f5a1 [2026-07-30T02:27:43.459560] Deploying "src/gen/myfranchise.StatusTarefa.hdbtable"... ok (0s 22ms) (STDOUT, APP/TASK/deploy)#
#2026 07 30 02:49:54.231#Z#DEBUG#3ed74488-8bc1-11f1-85f0-eeee0a91cfe7.myfranchise-db-deployer#flowable-async-job-executor-thread-62830#
[PollStageAppStatusExecution] 29787a82-7f21-42fb-b29e-68fef013f5a1 [2026-07-30T02:27:43.459581] Deploying "src/gen/myfranchise.StatusUnidade_texts.hdbtable"... (STDOUT, APP/TASK/deploy)#
#2026 07 30 02:49:54.231#Z#DEBUG#3ed74488-8bc1-11f1-85f0-eeee0a91cfe7.myfranchise-db-deployer#flowable-async-job-executor-thread-62830#
[PollStageAppStatusExecution] 29787a82-7f21-42fb-b29e-68fef013f5a1 [2026-07-30T02:27:43.459585] Deploying "src/gen/myfranchise.StatusTarefa_texts.hdbtable"... ok (0s 23ms) (STDOUT, APP/TASK/deploy)#
#2026 07 30 02:49:54.231#Z#DEBUG#3ed74488-8bc1-11f1-85f0-eeee0a91cfe7.myfranchise-db-deployer#flowable-async-job-executor-thread-62830#
[PollStageAppStatusExecution] 29787a82-7f21-42fb-b29e-68fef013f5a1 [2026-07-30T02:27:43.459587] Deploying "src/gen/myfranchise.TarefasOnboarding.hdbtable"... (STDOUT, APP/TASK/deploy)#
#2026 07 30 02:49:54.231#Z#DEBUG#3ed74488-8bc1-11f1-85f0-eeee0a91cfe7.myfranchise-db-deployer#flowable-async-job-executor-thread-62830#
[PollStageAppStatusExecution] 29787a82-7f21-42fb-b29e-68fef013f5a1 [2026-07-30T02:27:43.459589] Deploying "src/gen/myfranchise.StatusUnidade.hdbtable"... ok (0s 21ms) (STDOUT, APP/TASK/deploy)#
#2026 07 30 02:49:54.231#Z#DEBUG#3ed74488-8bc1-11f1-85f0-eeee0a91cfe7.myfranchise-db-deployer#flowable-async-job-executor-thread-62830#
[PollStageAppStatusExecution] 29787a82-7f21-42fb-b29e-68fef013f5a1 [2026-07-30T02:27:43.459590] Deploying "src/gen/myfranchise.TipoAlerta.hdbtable"... (STDOUT, APP/TASK/deploy)#
#2026 07 30 02:49:54.231#Z#DEBUG#3ed74488-8bc1-11f1-85f0-eeee0a91cfe7.myfranchise-db-deployer#flowable-async-job-executor-thread-62830#
[PollStageAppStatusExecution] 29787a82-7f21-42fb-b29e-68fef013f5a1 [2026-07-30T02:27:43.459594] Deploying "src/gen/myfranchise.StatusUnidade_texts.hdbtable"... ok (0s 22ms) (STDOUT, APP/TASK/deploy)#
#2026 07 30 02:49:54.231#Z#DEBUG#3ed74488-8bc1-11f1-85f0-eeee0a91cfe7.myfranchise-db-deployer#flowable-async-job-executor-thread-62830#
[PollStageAppStatusExecution] 29787a82-7f21-42fb-b29e-68fef013f5a1 [2026-07-30T02:27:43.459596] Deploying "src/gen/myfranchise.TipoAlerta_texts.hdbtable"... (STDOUT, APP/TASK/deploy)#
#2026 07 30 02:49:54.231#Z#DEBUG#3ed74488-8bc1-11f1-85f0-eeee0a91cfe7.myfranchise-db-deployer#flowable-async-job-executor-thread-62830#
[PollStageAppStatusExecution] 29787a82-7f21-42fb-b29e-68fef013f5a1 [2026-07-30T02:27:43.459598] Deploying "src/gen/myfranchise.TarefasOnboarding.hdbtable"... ok (0s 22ms) (STDOUT, APP/TASK/deploy)#
#2026 07 30 02:49:54.231#Z#DEBUG#3ed74488-8bc1-11f1-85f0-eeee0a91cfe7.myfranchise-db-deployer#flowable-async-job-executor-thread-62830#
[PollStageAppStatusExecution] 29787a82-7f21-42fb-b29e-68fef013f5a1 [2026-07-30T02:27:43.459602] Deploying "src/gen/myfranchise.TipoDesvio.hdbtable"... (STDOUT, APP/TASK/deploy)#
#2026 07 30 02:49:54.231#Z#DEBUG#3ed74488-8bc1-11f1-85f0-eeee0a91cfe7.myfranchise-db-deployer#flowable-async-job-executor-thread-62830#
[PollStageAppStatusExecution] 29787a82-7f21-42fb-b29e-68fef013f5a1 [2026-07-30T02:27:43.459608] Deploying "src/gen/myfranchise.TipoAlerta.hdbtable"... ok (0s 23ms) (STDOUT, APP/TASK/deploy)#
#2026 07 30 02:49:54.231#Z#DEBUG#3ed74488-8bc1-11f1-85f0-eeee0a91cfe7.myfranchise-db-deployer#flowable-async-job-executor-thread-62830#
[PollStageAppStatusExecution] 29787a82-7f21-42fb-b29e-68fef013f5a1 [2026-07-30T02:27:43.459610] Deploying "src/gen/myfranchise.TipoDesvio_texts.hdbtable"... (STDOUT, APP/TASK/deploy)#
#2026 07 30 02:49:54.231#Z#DEBUG#3ed74488-8bc1-11f1-85f0-eeee0a91cfe7.myfranchise-db-deployer#flowable-async-job-executor-thread-62830#
[PollStageAppStatusExecution] 29787a82-7f21-42fb-b29e-68fef013f5a1 [2026-07-30T02:27:43.459612] Deploying "src/gen/myfranchise.TipoAlerta_texts.hdbtable"... ok (0s 22ms) (STDOUT, APP/TASK/deploy)#
#2026 07 30 02:49:54.231#Z#DEBUG#3ed74488-8bc1-11f1-85f0-eeee0a91cfe7.myfranchise-db-deployer#flowable-async-job-executor-thread-62830#
[PollStageAppStatusExecution] 29787a82-7f21-42fb-b29e-68fef013f5a1 [2026-07-30T02:27:43.459613] Deploying "src/gen/myfranchise.TipoDocumento.hdbtable"... (STDOUT, APP/TASK/deploy)#
#2026 07 30 02:49:54.231#Z#DEBUG#3ed74488-8bc1-11f1-85f0-eeee0a91cfe7.myfranchise-db-deployer#flowable-async-job-executor-thread-62830#
[PollStageAppStatusExecution] 29787a82-7f21-42fb-b29e-68fef013f5a1 [2026-07-30T02:27:43.459615] Deploying "src/gen/myfranchise.TipoDesvio.hdbtable"... ok (0s 22ms) (STDOUT, APP/TASK/deploy)#
#2026 07 30 02:49:54.231#Z#DEBUG#3ed74488-8bc1-11f1-85f0-eeee0a91cfe7.myfranchise-db-deployer#flowable-async-job-executor-thread-62830#
[PollStageAppStatusExecution] 29787a82-7f21-42fb-b29e-68fef013f5a1 [2026-07-30T02:27:43.459635] Deploying "src/gen/myfranchise.TipoDocumento_texts.hdbtable"... (STDOUT, APP/TASK/deploy)#
#2026 07 30 02:49:54.231#Z#DEBUG#3ed74488-8bc1-11f1-85f0-eeee0a91cfe7.myfranchise-db-deployer#flowable-async-job-executor-thread-62830#
[PollStageAppStatusExecution] 29787a82-7f21-42fb-b29e-68fef013f5a1 [2026-07-30T02:27:43.459637] Deploying "src/gen/myfranchise.TipoDesvio_texts.hdbtable"... ok (0s 22ms) (STDOUT, APP/TASK/deploy)#
#2026 07 30 02:49:54.231#Z#DEBUG#3ed74488-8bc1-11f1-85f0-eeee0a91cfe7.myfranchise-db-deployer#flowable-async-job-executor-thread-62830#
[PollStageAppStatusExecution] 29787a82-7f21-42fb-b29e-68fef013f5a1 [2026-07-30T02:27:43.459638] Deploying "src/gen/myfranchise.TipoRecomendacao.hdbtable"... (STDOUT, APP/TASK/deploy)#
#2026 07 30 02:49:54.231#Z#DEBUG#3ed74488-8bc1-11f1-85f0-eeee0a91cfe7.myfranchise-db-deployer#flowable-async-job-executor-thread-62830#
[PollStageAppStatusExecution] 29787a82-7f21-42fb-b29e-68fef013f5a1 [2026-07-30T02:27:43.459641] Deploying "src/gen/myfranchise.TipoDocumento.hdbtable"... ok (0s 21ms) (STDOUT, APP/TASK/deploy)#
#2026 07 30 02:49:54.231#Z#DEBUG#3ed74488-8bc1-11f1-85f0-eeee0a91cfe7.myfranchise-db-deployer#flowable-async-job-executor-thread-62830#
[PollStageAppStatusExecution] 29787a82-7f21-42fb-b29e-68fef013f5a1 [2026-07-30T02:27:43.459643] Deploying "src/gen/myfranchise.TipoRecomendacao_texts.hdbtable"... (STDOUT, APP/TASK/deploy)#
#2026 07 30 02:49:54.231#Z#DEBUG#3ed74488-8bc1-11f1-85f0-eeee0a91cfe7.myfranchise-db-deployer#flowable-async-job-executor-thread-62830#
[PollStageAppStatusExecution] 29787a82-7f21-42fb-b29e-68fef013f5a1 [2026-07-30T02:27:43.459645] Deploying "src/gen/myfranchise.TipoDocumento_texts.hdbtable"... ok (0s 21ms) (STDOUT, APP/TASK/deploy)#
#2026 07 30 02:49:54.231#Z#DEBUG#3ed74488-8bc1-11f1-85f0-eeee0a91cfe7.myfranchise-db-deployer#flowable-async-job-executor-thread-62830#
[PollStageAppStatusExecution] 29787a82-7f21-42fb-b29e-68fef013f5a1 [2026-07-30T02:27:43.459646] Deploying "src/gen/myfranchise.Unidades.hdbtable"... (STDOUT, APP/TASK/deploy)#
#2026 07 30 02:49:54.231#Z#DEBUG#3ed74488-8bc1-11f1-85f0-eeee0a91cfe7.myfranchise-db-deployer#flowable-async-job-executor-thread-62830#
[PollStageAppStatusExecution] 29787a82-7f21-42fb-b29e-68fef013f5a1 [2026-07-30T02:27:43.459648] Deploying "src/gen/myfranchise.TipoRecomendacao.hdbtable"... ok (0s 25ms) (STDOUT, APP/TASK/deploy)#
#2026 07 30 02:49:54.231#Z#DEBUG#3ed74488-8bc1-11f1-85f0-eeee0a91cfe7.myfranchise-db-deployer#flowable-async-job-executor-thread-62830#
[PollStageAppStatusExecution] 29787a82-7f21-42fb-b29e-68fef013f5a1 [2026-07-30T02:27:43.459651] Deploying "src/gen/myfranchise.VendaPraticada.hdbtable"... (STDOUT, APP/TASK/deploy)#
#2026 07 30 02:49:54.231#Z#DEBUG#3ed74488-8bc1-11f1-85f0-eeee0a91cfe7.myfranchise-db-deployer#flowable-async-job-executor-thread-62830#
[PollStageAppStatusExecution] 29787a82-7f21-42fb-b29e-68fef013f5a1 [2026-07-30T02:27:43.459655] Deploying "src/gen/myfranchise.TipoRecomendacao_texts.hdbtable"... ok (0s 19ms) (STDOUT, APP/TASK/deploy)#
#2026 07 30 02:49:54.231#Z#DEBUG#3ed74488-8bc1-11f1-85f0-eeee0a91cfe7.myfranchise-db-deployer#flowable-async-job-executor-thread-62830#
[PollStageAppStatusExecution] 29787a82-7f21-42fb-b29e-68fef013f5a1 [2026-07-30T02:27:43.459658] Deploying "src/gen/FranqueadoraService.DraftAdministrativeData.hdbview"... (STDOUT, APP/TASK/deploy)#
#2026 07 30 02:49:54.231#Z#DEBUG#3ed74488-8bc1-11f1-85f0-eeee0a91cfe7.myfranchise-db-deployer#flowable-async-job-executor-thread-62830#
[PollStageAppStatusExecution] 29787a82-7f21-42fb-b29e-68fef013f5a1 [2026-07-30T02:27:43.459664] Deploying "src/gen/myfranchise.Unidades.hdbtable"... ok (0s 23ms) (STDOUT, APP/TASK/deploy)#
#2026 07 30 02:49:54.231#Z#DEBUG#3ed74488-8bc1-11f1-85f0-eeee0a91cfe7.myfranchise-db-deployer#flowable-async-job-executor-thread-62830#
[PollStageAppStatusExecution] 29787a82-7f21-42fb-b29e-68fef013f5a1 [2026-07-30T02:27:43.459668] Deploying "src/gen/data/myfranchise-Alertas.hdbtabledata$0.expand"... (STDOUT, APP/TASK/deploy)#
#2026 07 30 02:49:54.231#Z#DEBUG#3ed74488-8bc1-11f1-85f0-eeee0a91cfe7.myfranchise-db-deployer#flowable-async-job-executor-thread-62830#
[PollStageAppStatusExecution] 29787a82-7f21-42fb-b29e-68fef013f5a1 [2026-07-30T02:27:43.459671] Expanded from "src/gen/data/myfranchise-Alertas.hdbtabledata" (STDOUT, APP/TASK/deploy)#
#2026 07 30 02:49:54.231#Z#DEBUG#3ed74488-8bc1-11f1-85f0-eeee0a91cfe7.myfranchise-db-deployer#flowable-async-job-executor-thread-62830#
[PollStageAppStatusExecution] 29787a82-7f21-42fb-b29e-68fef013f5a1 [2026-07-30T02:27:43.459674] Deploying "src/gen/myfranchise.VendaPraticada.hdbtable"... ok (0s 53ms) (STDOUT, APP/TASK/deploy)#
#2026 07 30 02:49:54.231#Z#DEBUG#3ed74488-8bc1-11f1-85f0-eeee0a91cfe7.myfranchise-db-deployer#flowable-async-job-executor-thread-62830#
[PollStageAppStatusExecution] 29787a82-7f21-42fb-b29e-68fef013f5a1 [2026-07-30T02:27:43.459676] Deploying "src/gen/FranqueadoService.AprovacoesOnboarding.hdbview"... (STDOUT, APP/TASK/deploy)#
#2026 07 30 02:49:54.231#Z#DEBUG#3ed74488-8bc1-11f1-85f0-eeee0a91cfe7.myfranchise-db-deployer#flowable-async-job-executor-thread-62830#
[PollStageAppStatusExecution] 29787a82-7f21-42fb-b29e-68fef013f5a1 [2026-07-30T02:27:43.459694] Deploying "src/gen/FranqueadoraService.DraftAdministrativeData.hdbview"... ok (0s 62ms) (STDOUT, APP/TASK/deploy)#
#2026 07 30 02:49:54.232#Z#DEBUG#3ed74488-8bc1-11f1-85f0-eeee0a91cfe7.myfranchise-db-deployer#flowable-async-job-executor-thread-62830#
[PollStageAppStatusExecution] 29787a82-7f21-42fb-b29e-68fef013f5a1 [2026-07-30T02:27:43.459697] Deploying "src/gen/FranqueadoraService.AprovacoesOnboarding.hdbview"... (STDOUT, APP/TASK/deploy)#
#2026 07 30 02:49:54.232#Z#DEBUG#3ed74488-8bc1-11f1-85f0-eeee0a91cfe7.myfranchise-db-deployer#flowable-async-job-executor-thread-62830#
[PollStageAppStatusExecution] 29787a82-7f21-42fb-b29e-68fef013f5a1 [2026-07-30T02:27:43.459700] Deploying "src/gen/FranqueadoService.AprovacoesOnboarding.hdbview"... ok (0s 45ms) (STDOUT, APP/TASK/deploy)#
#2026 07 30 02:49:54.232#Z#DEBUG#3ed74488-8bc1-11f1-85f0-eeee0a91cfe7.myfranchise-db-deployer#flowable-async-job-executor-thread-62830#
[PollStageAppStatusExecution] 29787a82-7f21-42fb-b29e-68fef013f5a1 [2026-07-30T02:27:43.459702] Deploying "src/gen/data/myfranchise-Benchmark_Cluster.hdbtabledata$0.expand"... (STDOUT, APP/TASK/deploy)#
#2026 07 30 02:49:54.232#Z#DEBUG#3ed74488-8bc1-11f1-85f0-eeee0a91cfe7.myfranchise-db-deployer#flowable-async-job-executor-thread-62830#
[PollStageAppStatusExecution] 29787a82-7f21-42fb-b29e-68fef013f5a1 [2026-07-30T02:27:43.459705] Expanded from "src/gen/data/myfranchise-Benchmark_Cluster.hdbtabledata" (STDOUT, APP/TASK/deploy)#
#2026 07 30 02:49:54.232#Z#DEBUG#3ed74488-8bc1-11f1-85f0-eeee0a91cfe7.myfranchise-db-deployer#flowable-async-job-executor-thread-62830#
[PollStageAppStatusExecution] 29787a82-7f21-42fb-b29e-68fef013f5a1 [2026-07-30T02:27:43.459707] Deploying "src/gen/FranqueadoraService.AprovacoesOnboarding.hdbview"... ok (0s 37ms) (STDOUT, APP/TASK/deploy)#
#2026 07 30 02:49:54.232#Z#DEBUG#3ed74488-8bc1-11f1-85f0-eeee0a91cfe7.myfranchise-db-deployer#flowable-async-job-executor-thread-62830#
[PollStageAppStatusExecution] 29787a82-7f21-42fb-b29e-68fef013f5a1 [2026-07-30T02:27:43.459709] Deploying "src/gen/data/myfranchise-Catalogos.hdbtabledata$0.expand"... (STDOUT, APP/TASK/deploy)#
#2026 07 30 02:49:54.232#Z#DEBUG#3ed74488-8bc1-11f1-85f0-eeee0a91cfe7.myfranchise-db-deployer#flowable-async-job-executor-thread-62830#
[PollStageAppStatusExecution] 29787a82-7f21-42fb-b29e-68fef013f5a1 [2026-07-30T02:27:43.459711] Expanded from "src/gen/data/myfranchise-Catalogos.hdbtabledata" (STDOUT, APP/TASK/deploy)#
#2026 07 30 02:49:54.232#Z#DEBUG#3ed74488-8bc1-11f1-85f0-eeee0a91cfe7.myfranchise-db-deployer#flowable-async-job-executor-thread-62830#
[PollStageAppStatusExecution] 29787a82-7f21-42fb-b29e-68fef013f5a1 [2026-07-30T02:27:43.459714] Inserted 1 records of the data source file "myfranchise-Catalogos.csv" into the target table "MYFRANCHISE_CATALOGOS" (STDOUT, APP/TASK/deploy)#
#2026 07 30 02:49:54.232#Z#DEBUG#3ed74488-8bc1-11f1-85f0-eeee0a91cfe7.myfranchise-db-deployer#flowable-async-job-executor-thread-62830#
[PollStageAppStatusExecution] 29787a82-7f21-42fb-b29e-68fef013f5a1 [2026-07-30T02:27:43.459715] Deploying "src/gen/data/myfranchise-Catalogos.hdbtabledata$0.expand"... ok (0s 114ms) (STDOUT, APP/TASK/deploy)#
#2026 07 30 02:49:54.232#Z#DEBUG#3ed74488-8bc1-11f1-85f0-eeee0a91cfe7.myfranchise-db-deployer#flowable-async-job-executor-thread-62830#
[PollStageAppStatusExecution] 29787a82-7f21-42fb-b29e-68fef013f5a1 [2026-07-30T02:27:43.459846] Deploying "src/gen/data/myfranchise-Cluster.hdbtabledata$0.expand"... (STDOUT, APP/TASK/deploy)#
#2026 07 30 02:49:54.232#Z#DEBUG#3ed74488-8bc1-11f1-85f0-eeee0a91cfe7.myfranchise-db-deployer#flowable-async-job-executor-thread-62830#
[PollStageAppStatusExecution] 29787a82-7f21-42fb-b29e-68fef013f5a1 [2026-07-30T02:27:43.459871] Expanded from "src/gen/data/myfranchise-Cluster.hdbtabledata" (STDOUT, APP/TASK/deploy)#
#2026 07 30 02:49:54.232#Z#DEBUG#3ed74488-8bc1-11f1-85f0-eeee0a91cfe7.myfranchise-db-deployer#flowable-async-job-executor-thread-62830#
[PollStageAppStatusExecution] 29787a82-7f21-42fb-b29e-68fef013f5a1 [2026-07-30T02:27:43.459874] Inserted 18 records of the data source file "myfranchise-Benchmark_Cluster.csv" into the target table "MYFRANCHISE_BENCHMARK_CLUSTER" (STDOUT, APP/TASK/deploy)#
#2026 07 30 02:49:54.232#Z#DEBUG#3ed74488-8bc1-11f1-85f0-eeee0a91cfe7.myfranchise-db-deployer#flowable-async-job-executor-thread-62830#
[PollStageAppStatusExecution] 29787a82-7f21-42fb-b29e-68fef013f5a1 [2026-07-30T02:27:43.459882] Deploying "src/gen/data/myfranchise-Benchmark_Cluster.hdbtabledata$0.expand"... ok (0s 117ms) (STDOUT, APP/TASK/deploy)#
#2026 07 30 02:49:54.232#Z#DEBUG#3ed74488-8bc1-11f1-85f0-eeee0a91cfe7.myfranchise-db-deployer#flowable-async-job-executor-thread-62830#
[PollStageAppStatusExecution] 29787a82-7f21-42fb-b29e-68fef013f5a1 [2026-07-30T02:27:43.459884] Deploying "src/gen/FranqueadoService.Cluster_texts.hdbview"... (STDOUT, APP/TASK/deploy)#
#2026 07 30 02:49:54.232#Z#DEBUG#3ed74488-8bc1-11f1-85f0-eeee0a91cfe7.myfranchise-db-deployer#flowable-async-job-executor-thread-62830#
[PollStageAppStatusExecution] 29787a82-7f21-42fb-b29e-68fef013f5a1 [2026-07-30T02:27:43.459888] Inserted 10 records of the data source file "myfranchise-Alertas.csv" into the target table "MYFRANCHISE_ALERTAS" (STDOUT, APP/TASK/deploy)#
#2026 07 30 02:49:54.232#Z#DEBUG#3ed74488-8bc1-11f1-85f0-eeee0a91cfe7.myfranchise-db-deployer#flowable-async-job-executor-thread-62830#
[PollStageAppStatusExecution] 29787a82-7f21-42fb-b29e-68fef013f5a1 [2026-07-30T02:27:43.459925] Deploying "src/gen/data/myfranchise-Alertas.hdbtabledata$0.expand"... ok (0s 207ms) (STDOUT, APP/TASK/deploy)#
#2026 07 30 02:49:54.232#Z#DEBUG#3ed74488-8bc1-11f1-85f0-eeee0a91cfe7.myfranchise-db-deployer#flowable-async-job-executor-thread-62830#
[PollStageAppStatusExecution] 29787a82-7f21-42fb-b29e-68fef013f5a1 [2026-07-30T02:27:43.459928] Deploying "src/gen/FranqueadoraService.Cluster_texts.hdbview"... (STDOUT, APP/TASK/deploy)#
#2026 07 30 02:49:54.232#Z#DEBUG#3ed74488-8bc1-11f1-85f0-eeee0a91cfe7.myfranchise-db-deployer#flowable-async-job-executor-thread-62830#
[PollStageAppStatusExecution] 29787a82-7f21-42fb-b29e-68fef013f5a1 [2026-07-30T02:27:43.459933] Deploying "src/gen/FranqueadoService.Cluster_texts.hdbview"... ok (0s 23ms) (STDOUT, APP/TASK/deploy)#
#2026 07 30 02:49:54.232#Z#DEBUG#3ed74488-8bc1-11f1-85f0-eeee0a91cfe7.myfranchise-db-deployer#flowable-async-job-executor-thread-62830#
[PollStageAppStatusExecution] 29787a82-7f21-42fb-b29e-68fef013f5a1 [2026-07-30T02:27:43.459935] Deploying "src/gen/data/myfranchise-Contratos_Franquia.hdbtabledata$0.expand"... (STDOUT, APP/TASK/deploy)#
#2026 07 30 02:49:54.232#Z#DEBUG#3ed74488-8bc1-11f1-85f0-eeee0a91cfe7.myfranchise-db-deployer#flowable-async-job-executor-thread-62830#
[PollStageAppStatusExecution] 29787a82-7f21-42fb-b29e-68fef013f5a1 [2026-07-30T02:27:43.459977] Expanded from "src/gen/data/myfranchise-Contratos_Franquia.hdbtabledata" (STDOUT, APP/TASK/deploy)#
#2026 07 30 02:49:54.232#Z#DEBUG#3ed74488-8bc1-11f1-85f0-eeee0a91cfe7.myfranchise-db-deployer#flowable-async-job-executor-thread-62830#
[PollStageAppStatusExecution] 29787a82-7f21-42fb-b29e-68fef013f5a1 [2026-07-30T02:27:43.459983] Deploying "src/gen/FranqueadoraService.Cluster_texts.hdbview"... ok (0s 24ms) (STDOUT, APP/TASK/deploy)#
#2026 07 30 02:49:54.232#Z#DEBUG#3ed74488-8bc1-11f1-85f0-eeee0a91cfe7.myfranchise-db-deployer#flowable-async-job-executor-thread-62830#
[PollStageAppStatusExecution] 29787a82-7f21-42fb-b29e-68fef013f5a1 [2026-07-30T02:27:43.459985] Deploying "src/gen/data/myfranchise-Desvios.hdbtabledata$0.expand"... (STDOUT, APP/TASK/deploy)#
#2026 07 30 02:49:54.232#Z#DEBUG#3ed74488-8bc1-11f1-85f0-eeee0a91cfe7.myfranchise-db-deployer#flowable-async-job-executor-thread-62830#
[PollStageAppStatusExecution] 29787a82-7f21-42fb-b29e-68fef013f5a1 [2026-07-30T02:27:43.459990] Expanded from "src/gen/data/myfranchise-Desvios.hdbtabledata" (STDOUT, APP/TASK/deploy)#
#2026 07 30 02:49:54.232#Z#DEBUG#3ed74488-8bc1-11f1-85f0-eeee0a91cfe7.myfranchise-db-deployer#flowable-async-job-executor-thread-62830#
[PollStageAppStatusExecution] 29787a82-7f21-42fb-b29e-68fef013f5a1 [2026-07-30T02:27:43.459992] Inserted 3 records of the data source file "myfranchise-Cluster.csv" into the target table "MYFRANCHISE_CLUSTER" (STDOUT, APP/TASK/deploy)#
#2026 07 30 02:49:54.232#Z#DEBUG#3ed74488-8bc1-11f1-85f0-eeee0a91cfe7.myfranchise-db-deployer#flowable-async-job-executor-thread-62830#
[PollStageAppStatusExecution] 29787a82-7f21-42fb-b29e-68fef013f5a1 [2026-07-30T02:27:43.459994] Deploying "src/gen/data/myfranchise-Cluster.hdbtabledata$0.expand"... ok (0s 62ms) (STDOUT, APP/TASK/deploy)#
#2026 07 30 02:49:54.232#Z#DEBUG#3ed74488-8bc1-11f1-85f0-eeee0a91cfe7.myfranchise-db-deployer#flowable-async-job-executor-thread-62830#
[PollStageAppStatusExecution] 29787a82-7f21-42fb-b29e-68fef013f5a1 [2026-07-30T02:27:43.459999] Deploying "src/gen/FranqueadoService.MeusDocumentos.hdbview"... (STDOUT, APP/TASK/deploy)#
#2026 07 30 02:49:54.232#Z#DEBUG#3ed74488-8bc1-11f1-85f0-eeee0a91cfe7.myfranchise-db-deployer#flowable-async-job-executor-thread-62830#
[PollStageAppStatusExecution] 29787a82-7f21-42fb-b29e-68fef013f5a1 [2026-07-30T02:27:43.460001] Deploying "src/gen/FranqueadoService.MeusDocumentos.hdbview"... ok (0s 25ms) (STDOUT, APP/TASK/deploy)#
#2026 07 30 02:49:54.232#Z#DEBUG#3ed74488-8bc1-11f1-85f0-eeee0a91cfe7.myfranchise-db-deployer#flowable-async-job-executor-thread-62830#
[PollStageAppStatusExecution] 29787a82-7f21-42fb-b29e-68fef013f5a1 [2026-07-30T02:27:43.460006] Deploying "src/gen/FranqueadoraService.DocumentosOnboarding.hdbview"... (STDOUT, APP/TASK/deploy)#
#2026 07 30 02:49:54.232#Z#DEBUG#3ed74488-8bc1-11f1-85f0-eeee0a91cfe7.myfranchise-db-deployer#flowable-async-job-executor-thread-62830#
[PollStageAppStatusExecution] 29787a82-7f21-42fb-b29e-68fef013f5a1 [2026-07-30T02:27:43.460008] Inserted 20 records of the data source file "myfranchise-Contratos_Franquia.csv" into the target table "MYFRANCHISE_CONTRATOS_FRANQUIA" (STDOUT, APP/TASK/deploy)#
#2026 07 30 02:49:54.232#Z#DEBUG#3ed74488-8bc1-11f1-85f0-eeee0a91cfe7.myfranchise-db-deployer#flowable-async-job-executor-thread-62830#
[PollStageAppStatusExecution] 29787a82-7f21-42fb-b29e-68fef013f5a1 [2026-07-30T02:27:43.460012] Deploying "src/gen/data/myfranchise-Contratos_Franquia.hdbtabledata$0.expand"... ok (0s 64ms) (STDOUT, APP/TASK/deploy)#
#2026 07 30 02:49:54.232#Z#DEBUG#3ed74488-8bc1-11f1-85f0-eeee0a91cfe7.myfranchise-db-deployer#flowable-async-job-executor-thread-62830#
[PollStageAppStatusExecution] 29787a82-7f21-42fb-b29e-68fef013f5a1 [2026-07-30T02:27:43.460015] Deploying "src/gen/FranqueadoraService.EtapasOnboarding.hdbview"... (STDOUT, APP/TASK/deploy)#
#2026 07 30 02:49:54.232#Z#DEBUG#3ed74488-8bc1-11f1-85f0-eeee0a91cfe7.myfranchise-db-deployer#flowable-async-job-executor-thread-62830#
[PollStageAppStatusExecution] 29787a82-7f21-42fb-b29e-68fef013f5a1 [2026-07-30T02:27:43.460017] Deploying "src/gen/FranqueadoraService.DocumentosOnboarding.hdbview"... ok (0s 29ms) (STDOUT, APP/TASK/deploy)#
#2026 07 30 02:49:54.232#Z#DEBUG#3ed74488-8bc1-11f1-85f0-eeee0a91cfe7.myfranchise-db-deployer#flowable-async-job-executor-thread-62830#
[PollStageAppStatusExecution] 29787a82-7f21-42fb-b29e-68fef013f5a1 [2026-07-30T02:27:43.460019] Deploying "src/gen/data/myfranchise-Franqueados.hdbtabledata$0.expand"... (STDOUT, APP/TASK/deploy)#
#2026 07 30 02:49:54.232#Z#DEBUG#3ed74488-8bc1-11f1-85f0-eeee0a91cfe7.myfranchise-db-deployer#flowable-async-job-executor-thread-62830#
[PollStageAppStatusExecution] 29787a82-7f21-42fb-b29e-68fef013f5a1 [2026-07-30T02:27:43.460020] Expanded from "src/gen/data/myfranchise-Franqueados.hdbtabledata" (STDOUT, APP/TASK/deploy)#
#2026 07 30 02:49:54.232#Z#DEBUG#3ed74488-8bc1-11f1-85f0-eeee0a91cfe7.myfranchise-db-deployer#flowable-async-job-executor-thread-62830#
[PollStageAppStatusExecution] 29787a82-7f21-42fb-b29e-68fef013f5a1 [2026-07-30T02:27:43.460023] Deploying "src/gen/FranqueadoraService.EtapasOnboarding.hdbview"... ok (0s 28ms) (STDOUT, APP/TASK/deploy)#
#2026 07 30 02:49:54.232#Z#DEBUG#3ed74488-8bc1-11f1-85f0-eeee0a91cfe7.myfranchise-db-deployer#flowable-async-job-executor-thread-62830#
[PollStageAppStatusExecution] 29787a82-7f21-42fb-b29e-68fef013f5a1 [2026-07-30T02:27:43.460025] Deploying "src/gen/data/myfranchise-ItensCatalogo.hdbtabledata$0.expand"... (STDOUT, APP/TASK/deploy)#
#2026 07 30 02:49:54.232#Z#DEBUG#3ed74488-8bc1-11f1-85f0-eeee0a91cfe7.myfranchise-db-deployer#flowable-async-job-executor-thread-62830#
[PollStageAppStatusExecution] 29787a82-7f21-42fb-b29e-68fef013f5a1 [2026-07-30T02:27:43.460027] Expanded from "src/gen/data/myfranchise-ItensCatalogo.hdbtabledata" (STDOUT, APP/TASK/deploy)#
#2026 07 30 02:49:54.232#Z#DEBUG#3ed74488-8bc1-11f1-85f0-eeee0a91cfe7.myfranchise-db-deployer#flowable-async-job-executor-thread-62830#
[PollStageAppStatusExecution] 29787a82-7f21-42fb-b29e-68fef013f5a1 [2026-07-30T02:27:43.460030] Inserted 7 records of the data source file "myfranchise-Desvios.csv" into the target table "MYFRANCHISE_DESVIOS" (STDOUT, APP/TASK/deploy)#
#2026 07 30 02:49:54.232#Z#DEBUG#3ed74488-8bc1-11f1-85f0-eeee0a91cfe7.myfranchise-db-deployer#flowable-async-job-executor-thread-62830#
[PollStageAppStatusExecution] 29787a82-7f21-42fb-b29e-68fef013f5a1 [2026-07-30T02:27:43.460032] Deploying "src/gen/data/myfranchise-Desvios.hdbtabledata$0.expand"... ok (0s 97ms) (STDOUT, APP/TASK/deploy)#
#2026 07 30 02:49:54.232#Z#DEBUG#3ed74488-8bc1-11f1-85f0-eeee0a91cfe7.myfranchise-db-deployer#flowable-async-job-executor-thread-62830#
[PollStageAppStatusExecution] 29787a82-7f21-42fb-b29e-68fef013f5a1 [2026-07-30T02:27:43.460034] Deploying "src/gen/data/myfranchise-NotificacoesCompliance.hdbtabledata$0.expand"... (STDOUT, APP/TASK/deploy)#
#2026 07 30 02:49:54.232#Z#DEBUG#3ed74488-8bc1-11f1-85f0-eeee0a91cfe7.myfranchise-db-deployer#flowable-async-job-executor-thread-62830#
[PollStageAppStatusExecution] 29787a82-7f21-42fb-b29e-68fef013f5a1 [2026-07-30T02:27:43.460036] Expanded from "src/gen/data/myfranchise-NotificacoesCompliance.hdbtabledata" (STDOUT, APP/TASK/deploy)#
#2026 07 30 02:49:54.232#Z#DEBUG#3ed74488-8bc1-11f1-85f0-eeee0a91cfe7.myfranchise-db-deployer#flowable-async-job-executor-thread-62830#
[PollStageAppStatusExecution] 29787a82-7f21-42fb-b29e-68fef013f5a1 [2026-07-30T02:27:43.460038] Inserted 8 records of the data source file "myfranchise-Franqueados.csv" into the target table "MYFRANCHISE_FRANQUEADOS" (STDOUT, APP/TASK/deploy)#
#2026 07 30 02:49:54.232#Z#DEBUG#3ed74488-8bc1-11f1-85f0-eeee0a91cfe7.myfranchise-db-deployer#flowable-async-job-executor-thread-62830#
[PollStageAppStatusExecution] 29787a82-7f21-42fb-b29e-68fef013f5a1 [2026-07-30T02:27:43.460040] Deploying "src/gen/data/myfranchise-Franqueados.hdbtabledata$0.expand"... ok (0s 40ms) (STDOUT, APP/TASK/deploy)#
#2026 07 30 02:49:54.232#Z#DEBUG#3ed74488-8bc1-11f1-85f0-eeee0a91cfe7.myfranchise-db-deployer#flowable-async-job-executor-thread-62830#
[PollStageAppStatusExecution] 29787a82-7f21-42fb-b29e-68fef013f5a1 [2026-07-30T02:27:43.460041] Deploying "src/gen/data/myfranchise-KPI_Unidade.hdbtabledata$0.expand"... (STDOUT, APP/TASK/deploy)#
#2026 07 30 02:49:54.232#Z#DEBUG#3ed74488-8bc1-11f1-85f0-eeee0a91cfe7.myfranchise-db-deployer#flowable-async-job-executor-thread-62830#
[PollStageAppStatusExecution] 29787a82-7f21-42fb-b29e-68fef013f5a1 [2026-07-30T02:27:43.460043] Expanded from "src/gen/data/myfranchise-KPI_Unidade.hdbtabledata" (STDOUT, APP/TASK/deploy)#
#2026 07 30 02:49:54.232#Z#DEBUG#3ed74488-8bc1-11f1-85f0-eeee0a91cfe7.myfranchise-db-deployer#flowable-async-job-executor-thread-62830#
[PollStageAppStatusExecution] 29787a82-7f21-42fb-b29e-68fef013f5a1 [2026-07-30T02:27:43.460045] Inserted 15 records of the data source file "myfranchise-ItensCatalogo.csv" into the target table "MYFRANCHISE_ITENSCATALOGO" (STDOUT, APP/TASK/deploy)#
#2026 07 30 02:49:54.232#Z#DEBUG#3ed74488-8bc1-11f1-85f0-eeee0a91cfe7.myfranchise-db-deployer#flowable-async-job-executor-thread-62830#
[PollStageAppStatusExecution] 29787a82-7f21-42fb-b29e-68fef013f5a1 [2026-07-30T02:27:43.460047] Deploying "src/gen/data/myfranchise-ItensCatalogo.hdbtabledata$0.expand"... ok (0s 53ms) (STDOUT, APP/TASK/deploy)#
#2026 07 30 02:49:54.232#Z#DEBUG#3ed74488-8bc1-11f1-85f0-eeee0a91cfe7.myfranchise-db-deployer#flowable-async-job-executor-thread-62830#
[PollStageAppStatusExecution] 29787a82-7f21-42fb-b29e-68fef013f5a1 [2026-07-30T02:27:43.460048] Deploying "src/gen/data/myfranchise-Prioridade.hdbtabledata$0.expand"... (STDOUT, APP/TASK/deploy)#
#2026 07 30 02:49:54.232#Z#DEBUG#3ed74488-8bc1-11f1-85f0-eeee0a91cfe7.myfranchise-db-deployer#flowable-async-job-executor-thread-62830#
[PollStageAppStatusExecution] 29787a82-7f21-42fb-b29e-68fef013f5a1 [2026-07-30T02:27:43.460051] Expanded from "src/gen/data/myfranchise-Prioridade.hdbtabledata" (STDOUT, APP/TASK/deploy)#
#2026 07 30 02:49:54.232#Z#DEBUG#3ed74488-8bc1-11f1-85f0-eeee0a91cfe7.myfranchise-db-deployer#flowable-async-job-executor-thread-62830#
[PollStageAppStatusExecution] 29787a82-7f21-42fb-b29e-68fef013f5a1 [2026-07-30T02:27:43.460055] Inserted 3 records of the data source file "myfranchise-NotificacoesCompliance.csv" into the target table "MYFRANCHISE_NOTIFICACOESCOMPLIANCE" (STDOUT, APP/TASK/deploy)#
#2026 07 30 02:49:54.232#Z#DEBUG#3ed74488-8bc1-11f1-85f0-eeee0a91cfe7.myfranchise-db-deployer#flowable-async-job-executor-thread-62830#
[PollStageAppStatusExecution] 29787a82-7f21-42fb-b29e-68fef013f5a1 [2026-07-30T02:27:43.460059] Deploying "src/gen/data/myfranchise-NotificacoesCompliance.hdbtabledata$0.expand"... ok (0s 55ms) (STDOUT, APP/TASK/deploy)#
#2026 07 30 02:49:54.232#Z#DEBUG#3ed74488-8bc1-11f1-85f0-eeee0a91cfe7.myfranchise-db-deployer#flowable-async-job-executor-thread-62830#
[PollStageAppStatusExecution] 29787a82-7f21-42fb-b29e-68fef013f5a1 [2026-07-30T02:27:43.460078] Deploying "src/gen/FranqueadoService.Prioridade_texts.hdbview"... (STDOUT, APP/TASK/deploy)#
#2026 07 30 02:49:54.232#Z#DEBUG#3ed74488-8bc1-11f1-85f0-eeee0a91cfe7.myfranchise-db-deployer#flowable-async-job-executor-thread-62830#
[PollStageAppStatusExecution] 29787a82-7f21-42fb-b29e-68fef013f5a1 [2026-07-30T02:27:43.460080] Deploying "src/gen/FranqueadoService.Prioridade_texts.hdbview"... ok (0s 13ms) (STDOUT, APP/TASK/deploy)#
#2026 07 30 02:49:54.232#Z#DEBUG#3ed74488-8bc1-11f1-85f0-eeee0a91cfe7.myfranchise-db-deployer#flowable-async-job-executor-thread-62830#
[PollStageAppStatusExecution] 29787a82-7f21-42fb-b29e-68fef013f5a1 [2026-07-30T02:27:43.460082] Deploying "src/gen/FranqueadoraService.Prioridade_texts.hdbview"... (STDOUT, APP/TASK/deploy)#
#2026 07 30 02:49:54.232#Z#DEBUG#3ed74488-8bc1-11f1-85f0-eeee0a91cfe7.myfranchise-db-deployer#flowable-async-job-executor-thread-62830#
[PollStageAppStatusExecution] 29787a82-7f21-42fb-b29e-68fef013f5a1 [2026-07-30T02:27:43.460084] Deploying "src/gen/FranqueadoraService.Prioridade_texts.hdbview"... ok (0s 19ms) (STDOUT, APP/TASK/deploy)#
#2026 07 30 02:49:54.232#Z#DEBUG#3ed74488-8bc1-11f1-85f0-eeee0a91cfe7.myfranchise-db-deployer#flowable-async-job-executor-thread-62830#
[PollStageAppStatusExecution] 29787a82-7f21-42fb-b29e-68fef013f5a1 [2026-07-30T02:27:43.460085] Deploying "src/gen/FranqueadoService.MeuOnboarding.hdbview"... (STDOUT, APP/TASK/deploy)#
#2026 07 30 02:49:54.232#Z#DEBUG#3ed74488-8bc1-11f1-85f0-eeee0a91cfe7.myfranchise-db-deployer#flowable-async-job-executor-thread-62830#
[PollStageAppStatusExecution] 29787a82-7f21-42fb-b29e-68fef013f5a1 [2026-07-30T02:27:43.460088] Inserted 120 records of the data source file "myfranchise-KPI_Unidade.csv" into the target table "MYFRANCHISE_KPI_UNIDADE" (STDOUT, APP/TASK/deploy)#
#2026 07 30 02:49:54.232#Z#DEBUG#3ed74488-8bc1-11f1-85f0-eeee0a91cfe7.myfranchise-db-deployer#flowable-async-job-executor-thread-62830#
[PollStageAppStatusExecution] 29787a82-7f21-42fb-b29e-68fef013f5a1 [2026-07-30T02:27:43.460092] Deploying "src/gen/data/myfranchise-KPI_Unidade.hdbtabledata$0.expand"... ok (0s 81ms) (STDOUT, APP/TASK/deploy)#
#2026 07 30 02:49:54.232#Z#DEBUG#3ed74488-8bc1-11f1-85f0-eeee0a91cfe7.myfranchise-db-deployer#flowable-async-job-executor-thread-62830#
[PollStageAppStatusExecution] 29787a82-7f21-42fb-b29e-68fef013f5a1 [2026-07-30T02:27:43.460095] Deploying "src/gen/FranqueadoraService.ProcessosOnboarding.hdbview"... (STDOUT, APP/TASK/deploy)#
#2026 07 30 02:49:54.232#Z#DEBUG#3ed74488-8bc1-11f1-85f0-eeee0a91cfe7.myfranchise-db-deployer#flowable-async-job-executor-thread-62830#
[PollStageAppStatusExecution] 29787a82-7f21-42fb-b29e-68fef013f5a1 [2026-07-30T02:27:43.460096] Deploying "src/gen/FranqueadoService.MeuOnboarding.hdbview"... ok (0s 31ms) (STDOUT, APP/TASK/deploy)#
#2026 07 30 02:49:54.232#Z#DEBUG#3ed74488-8bc1-11f1-85f0-eeee0a91cfe7.myfranchise-db-deployer#flowable-async-job-executor-thread-62830#
[PollStageAppStatusExecution] 29787a82-7f21-42fb-b29e-68fef013f5a1 [2026-07-30T02:27:43.460098] Deploying "src/gen/data/myfranchise-Recomendacoes.hdbtabledata$0.expand"... (STDOUT, APP/TASK/deploy)#
#2026 07 30 02:49:54.232#Z#DEBUG#3ed74488-8bc1-11f1-85f0-eeee0a91cfe7.myfranchise-db-deployer#flowable-async-job-executor-thread-62830#
[PollStageAppStatusExecution] 29787a82-7f21-42fb-b29e-68fef013f5a1 [2026-07-30T02:27:43.460100] Expanded from "src/gen/data/myfranchise-Recomendacoes.hdbtabledata" (STDOUT, APP/TASK/deploy)#
#2026 07 30 02:49:54.232#Z#DEBUG#3ed74488-8bc1-11f1-85f0-eeee0a91cfe7.myfranchise-db-deployer#flowable-async-job-executor-thread-62830#
[PollStageAppStatusExecution] 29787a82-7f21-42fb-b29e-68fef013f5a1 [2026-07-30T02:27:43.460104] Inserted 3 records of the data source file "myfranchise-Prioridade.csv" into the target table "MYFRANCHISE_PRIORIDADE" (STDOUT, APP/TASK/deploy)#
#2026 07 30 02:49:54.232#Z#DEBUG#3ed74488-8bc1-11f1-85f0-eeee0a91cfe7.myfranchise-db-deployer#flowable-async-job-executor-thread-62830#
[PollStageAppStatusExecution] 29787a82-7f21-42fb-b29e-68fef013f5a1 [2026-07-30T02:27:43.460107] Deploying "src/gen/data/myfranchise-Prioridade.hdbtabledata$0.expand"... ok (0s 73ms) (STDOUT, APP/TASK/deploy)#
#2026 07 30 02:49:54.232#Z#DEBUG#3ed74488-8bc1-11f1-85f0-eeee0a91cfe7.myfranchise-db-deployer#flowable-async-job-executor-thread-62830#
[PollStageAppStatusExecution] 29787a82-7f21-42fb-b29e-68fef013f5a1 [2026-07-30T02:27:43.460109] Deploying "src/gen/data/myfranchise-Regiao.hdbtabledata$0.expand"... (STDOUT, APP/TASK/deploy)#
#2026 07 30 02:49:54.232#Z#DEBUG#3ed74488-8bc1-11f1-85f0-eeee0a91cfe7.myfranchise-db-deployer#flowable-async-job-executor-thread-62830#
[PollStageAppStatusExecution] 29787a82-7f21-42fb-b29e-68fef013f5a1 [2026-07-30T02:27:43.460110] Expanded from "src/gen/data/myfranchise-Regiao.hdbtabledata" (STDOUT, APP/TASK/deploy)#
#2026 07 30 02:49:54.232#Z#DEBUG#3ed74488-8bc1-11f1-85f0-eeee0a91cfe7.myfranchise-db-deployer#flowable-async-job-executor-thread-62830#
[PollStageAppStatusExecution] 29787a82-7f21-42fb-b29e-68fef013f5a1 [2026-07-30T02:27:43.460114] Deploying "src/gen/FranqueadoraService.ProcessosOnboarding.hdbview"... ok (0s 18ms) (STDOUT, APP/TASK/deploy)#
#2026 07 30 02:49:54.232#Z#DEBUG#3ed74488-8bc1-11f1-85f0-eeee0a91cfe7.myfranchise-db-deployer#flowable-async-job-executor-thread-62830#
[PollStageAppStatusExecution] 29787a82-7f21-42fb-b29e-68fef013f5a1 [2026-07-30T02:27:43.460117] Deploying "src/gen/FranqueadoService.Regiao_texts.hdbview"... (STDOUT, APP/TASK/deploy)#
#2026 07 30 02:49:54.232#Z#DEBUG#3ed74488-8bc1-11f1-85f0-eeee0a91cfe7.myfranchise-db-deployer#flowable-async-job-executor-thread-62830#
[PollStageAppStatusExecution] 29787a82-7f21-42fb-b29e-68fef013f5a1 [2026-07-30T02:27:43.460121] Deploying "src/gen/FranqueadoService.Regiao_texts.hdbview"... ok (0s 14ms) (STDOUT, APP/TASK/deploy)#
#2026 07 30 02:49:54.232#Z#DEBUG#3ed74488-8bc1-11f1-85f0-eeee0a91cfe7.myfranchise-db-deployer#flowable-async-job-executor-thread-62830#
[PollStageAppStatusExecution] 29787a82-7f21-42fb-b29e-68fef013f5a1 [2026-07-30T02:27:43.460122] Deploying "src/gen/FranqueadoraService.Regiao_texts.hdbview"... (STDOUT, APP/TASK/deploy)#
#2026 07 30 02:49:54.232#Z#DEBUG#3ed74488-8bc1-11f1-85f0-eeee0a91cfe7.myfranchise-db-deployer#flowable-async-job-executor-thread-62830#
[PollStageAppStatusExecution] 29787a82-7f21-42fb-b29e-68fef013f5a1 [2026-07-30T02:27:43.460134] Deploying "src/gen/FranqueadoraService.Regiao_texts.hdbview"... ok (0s 13ms) (STDOUT, APP/TASK/deploy)#
#2026 07 30 02:49:54.232#Z#DEBUG#3ed74488-8bc1-11f1-85f0-eeee0a91cfe7.myfranchise-db-deployer#flowable-async-job-executor-thread-62830#
[PollStageAppStatusExecution] 29787a82-7f21-42fb-b29e-68fef013f5a1 [2026-07-30T02:27:43.460136] Deploying "src/gen/data/myfranchise-RegrasCompliance.hdbtabledata$0.expand"... (STDOUT, APP/TASK/deploy)#
#2026 07 30 02:49:54.232#Z#DEBUG#3ed74488-8bc1-11f1-85f0-eeee0a91cfe7.myfranchise-db-deployer#flowable-async-job-executor-thread-62830#
[PollStageAppStatusExecution] 29787a82-7f21-42fb-b29e-68fef013f5a1 [2026-07-30T02:27:43.460137] Expanded from "src/gen/data/myfranchise-RegrasCompliance.hdbtabledata" (STDOUT, APP/TASK/deploy)#
#2026 07 30 02:49:54.232#Z#DEBUG#3ed74488-8bc1-11f1-85f0-eeee0a91cfe7.myfranchise-db-deployer#flowable-async-job-executor-thread-62830#
[PollStageAppStatusExecution] 29787a82-7f21-42fb-b29e-68fef013f5a1 [2026-07-30T02:27:43.460140] Inserted 5 records of the data source file "myfranchise-Recomendacoes.csv" into the target table "MYFRANCHISE_RECOMENDACOES" (STDOUT, APP/TASK/deploy)#
#2026 07 30 02:49:54.232#Z#DEBUG#3ed74488-8bc1-11f1-85f0-eeee0a91cfe7.myfranchise-db-deployer#flowable-async-job-executor-thread-62830#
[PollStageAppStatusExecution] 29787a82-7f21-42fb-b29e-68fef013f5a1 [2026-07-30T02:27:43.460142] Deploying "src/gen/data/myfranchise-Recomendacoes.hdbtabledata$0.expand"... ok (0s 68ms) (STDOUT, APP/TASK/deploy)#
#2026 07 30 02:49:54.232#Z#DEBUG#3ed74488-8bc1-11f1-85f0-eeee0a91cfe7.myfranchise-db-deployer#flowable-async-job-executor-thread-62830#
[PollStageAppStatusExecution] 29787a82-7f21-42fb-b29e-68fef013f5a1 [2026-07-30T02:27:43.460144] Deploying "src/gen/data/myfranchise-Saude_Unidade.hdbtabledata$0.expand"... (STDOUT, APP/TASK/deploy)#
#2026 07 30 02:49:54.232#Z#DEBUG#3ed74488-8bc1-11f1-85f0-eeee0a91cfe7.myfranchise-db-deployer#flowable-async-job-executor-thread-62830#
[PollStageAppStatusExecution] 29787a82-7f21-42fb-b29e-68fef013f5a1 [2026-07-30T02:27:43.460146] Expanded from "src/gen/data/myfranchise-Saude_Unidade.hdbtabledata" (STDOUT, APP/TASK/deploy)#
#2026 07 30 02:49:54.232#Z#DEBUG#3ed74488-8bc1-11f1-85f0-eeee0a91cfe7.myfranchise-db-deployer#flowable-async-job-executor-thread-62830#
[PollStageAppStatusExecution] 29787a82-7f21-42fb-b29e-68fef013f5a1 [2026-07-30T02:27:43.460148] Inserted 5 records of the data source file "myfranchise-Regiao.csv" into the target table "MYFRANCHISE_REGIAO" (STDOUT, APP/TASK/deploy)#
#2026 07 30 02:49:54.232#Z#DEBUG#3ed74488-8bc1-11f1-85f0-eeee0a91cfe7.myfranchise-db-deployer#flowable-async-job-executor-thread-62830#
[PollStageAppStatusExecution] 29787a82-7f21-42fb-b29e-68fef013f5a1 [2026-07-30T02:27:43.460156] Deploying "src/gen/data/myfranchise-Regiao.hdbtabledata$0.expand"... ok (0s 67ms) (STDOUT, APP/TASK/deploy)#
#2026 07 30 02:49:54.232#Z#DEBUG#3ed74488-8bc1-11f1-85f0-eeee0a91cfe7.myfranchise-db-deployer#flowable-async-job-executor-thread-62830#
[PollStageAppStatusExecution] 29787a82-7f21-42fb-b29e-68fef013f5a1 [2026-07-30T02:27:43.460158] Deploying "src/gen/data/myfranchise-Severidade.hdbtabledata$0.expand"... (STDOUT, APP/TASK/deploy)#
#2026 07 30 02:49:54.232#Z#DEBUG#3ed74488-8bc1-11f1-85f0-eeee0a91cfe7.myfranchise-db-deployer#flowable-async-job-executor-thread-62830#
[PollStageAppStatusExecution] 29787a82-7f21-42fb-b29e-68fef013f5a1 [2026-07-30T02:27:43.460160] Expanded from "src/gen/data/myfranchise-Severidade.hdbtabledata" (STDOUT, APP/TASK/deploy)#
#2026 07 30 02:49:54.232#Z#DEBUG#3ed74488-8bc1-11f1-85f0-eeee0a91cfe7.myfranchise-db-deployer#flowable-async-job-executor-thread-62830#
[PollStageAppStatusExecution] 29787a82-7f21-42fb-b29e-68fef013f5a1 [2026-07-30T02:27:43.460162] Inserted 3 records of the data source file "myfranchise-RegrasCompliance.csv" into the target table "MYFRANCHISE_REGRASCOMPLIANCE" (STDOUT, APP/TASK/deploy)#
#2026 07 30 02:49:54.232#Z#DEBUG#3ed74488-8bc1-11f1-85f0-eeee0a91cfe7.myfranchise-db-deployer#flowable-async-job-executor-thread-62830#
[PollStageAppStatusExecution] 29787a82-7f21-42fb-b29e-68fef013f5a1 [2026-07-30T02:27:43.460163] Deploying "src/gen/data/myfranchise-RegrasCompliance.hdbtabledata$0.expand"... ok (0s 50ms) (STDOUT, APP/TASK/deploy)#
#2026 07 30 02:49:54.232#Z#DEBUG#3ed74488-8bc1-11f1-85f0-eeee0a91cfe7.myfranchise-db-deployer#flowable-async-job-executor-thread-62830#
[PollStageAppStatusExecution] 29787a82-7f21-42fb-b29e-68fef013f5a1 [2026-07-30T02:27:43.460173] Deploying "src/gen/FranqueadoService.Severidade_texts.hdbview"... (STDOUT, APP/TASK/deploy)#
#2026 07 30 02:49:54.232#Z#DEBUG#3ed74488-8bc1-11f1-85f0-eeee0a91cfe7.myfranchise-db-deployer#flowable-async-job-executor-thread-62830#
[PollStageAppStatusExecution] 29787a82-7f21-42fb-b29e-68fef013f5a1 [2026-07-30T02:27:43.460176] Deploying "src/gen/FranqueadoService.Severidade_texts.hdbview"... ok (0s 18ms) (STDOUT, APP/TASK/deploy)#
#2026 07 30 02:49:54.232#Z#DEBUG#3ed74488-8bc1-11f1-85f0-eeee0a91cfe7.myfranchise-db-deployer#flowable-async-job-executor-thread-62830#
[PollStageAppStatusExecution] 29787a82-7f21-42fb-b29e-68fef013f5a1 [2026-07-30T02:27:43.460178] Deploying "src/gen/FranqueadoraService.Severidade_texts.hdbview"... (STDOUT, APP/TASK/deploy)#
#2026 07 30 02:49:54.232#Z#DEBUG#3ed74488-8bc1-11f1-85f0-eeee0a91cfe7.myfranchise-db-deployer#flowable-async-job-executor-thread-62830#
[PollStageAppStatusExecution] 29787a82-7f21-42fb-b29e-68fef013f5a1 [2026-07-30T02:27:43.460189] Inserted 20 records of the data source file "myfranchise-Saude_Unidade.csv" into the target table "MYFRANCHISE_SAUDE_UNIDADE" (STDOUT, APP/TASK/deploy)#
#2026 07 30 02:49:54.232#Z#DEBUG#3ed74488-8bc1-11f1-85f0-eeee0a91cfe7.myfranchise-db-deployer#flowable-async-job-executor-thread-62830#
[PollStageAppStatusExecution] 29787a82-7f21-42fb-b29e-68fef013f5a1 [2026-07-30T02:27:43.460191] Deploying "src/gen/data/myfranchise-Saude_Unidade.hdbtabledata$0.expand"... ok (0s 63ms) (STDOUT, APP/TASK/deploy)#
#2026 07 30 02:49:54.232#Z#DEBUG#3ed74488-8bc1-11f1-85f0-eeee0a91cfe7.myfranchise-db-deployer#flowable-async-job-executor-thread-62830#
[PollStageAppStatusExecution] 29787a82-7f21-42fb-b29e-68fef013f5a1 [2026-07-30T02:27:43.460194] Deploying "src/gen/data/myfranchise-StatusAlerta.hdbtabledata$0.expand"... (STDOUT, APP/TASK/deploy)#
#2026 07 30 02:49:54.232#Z#DEBUG#3ed74488-8bc1-11f1-85f0-eeee0a91cfe7.myfranchise-db-deployer#flowable-async-job-executor-thread-62830#
[PollStageAppStatusExecution] 29787a82-7f21-42fb-b29e-68fef013f5a1 [2026-07-30T02:27:43.460196] Expanded from "src/gen/data/myfranchise-StatusAlerta.hdbtabledata" (STDOUT, APP/TASK/deploy)#
#2026 07 30 02:49:54.232#Z#DEBUG#3ed74488-8bc1-11f1-85f0-eeee0a91cfe7.myfranchise-db-deployer#flowable-async-job-executor-thread-62830#
[PollStageAppStatusExecution] 29787a82-7f21-42fb-b29e-68fef013f5a1 [2026-07-30T02:27:43.460198] Deploying "src/gen/FranqueadoraService.Severidade_texts.hdbview"... ok (0s 22ms) (STDOUT, APP/TASK/deploy)#
#2026 07 30 02:49:54.232#Z#DEBUG#3ed74488-8bc1-11f1-85f0-eeee0a91cfe7.myfranchise-db-deployer#flowable-async-job-executor-thread-62830#
[PollStageAppStatusExecution] 29787a82-7f21-42fb-b29e-68fef013f5a1 [2026-07-30T02:27:43.460200] Deploying "src/gen/FranqueadoService.StatusAlerta_texts.hdbview"... (STDOUT, APP/TASK/deploy)#
#2026 07 30 02:49:54.232#Z#DEBUG#3ed74488-8bc1-11f1-85f0-eeee0a91cfe7.myfranchise-db-deployer#flowable-async-job-executor-thread-62830#
[PollStageAppStatusExecution] 29787a82-7f21-42fb-b29e-68fef013f5a1 [2026-07-30T02:27:43.460202] Inserted 3 records of the data source file "myfranchise-Severidade.csv" into the target table "MYFRANCHISE_SEVERIDADE" (STDOUT, APP/TASK/deploy)#
#2026 07 30 02:49:54.232#Z#DEBUG#3ed74488-8bc1-11f1-85f0-eeee0a91cfe7.myfranchise-db-deployer#flowable-async-job-executor-thread-62830#
[PollStageAppStatusExecution] 29787a82-7f21-42fb-b29e-68fef013f5a1 [2026-07-30T02:27:43.460204] Deploying "src/gen/data/myfranchise-Severidade.hdbtabledata$0.expand"... ok (0s 69ms) (STDOUT, APP/TASK/deploy)#
#2026 07 30 02:49:54.232#Z#DEBUG#3ed74488-8bc1-11f1-85f0-eeee0a91cfe7.myfranchise-db-deployer#flowable-async-job-executor-thread-62830#
[PollStageAppStatusExecution] 29787a82-7f21-42fb-b29e-68fef013f5a1 [2026-07-30T02:27:43.460210] Deploying "src/gen/FranqueadoraService.StatusAlerta_texts.hdbview"... (STDOUT, APP/TASK/deploy)#
#2026 07 30 02:49:54.232#Z#DEBUG#3ed74488-8bc1-11f1-85f0-eeee0a91cfe7.myfranchise-db-deployer#flowable-async-job-executor-thread-62830#
[PollStageAppStatusExecution] 29787a82-7f21-42fb-b29e-68fef013f5a1 [2026-07-30T02:27:43.460287] Deploying "src/gen/FranqueadoService.StatusAlerta_texts.hdbview"... ok (0s 26ms) (STDOUT, APP/TASK/deploy)#
#2026 07 30 02:49:54.232#Z#DEBUG#3ed74488-8bc1-11f1-85f0-eeee0a91cfe7.myfranchise-db-deployer#flowable-async-job-executor-thread-62830#
[PollStageAppStatusExecution] 29787a82-7f21-42fb-b29e-68fef013f5a1 [2026-07-30T02:27:43.460297] Deploying "src/gen/data/myfranchise-StatusAprovacao.hdbtabledata$0.expand"... (STDOUT, APP/TASK/deploy)#
#2026 07 30 02:49:54.232#Z#DEBUG#3ed74488-8bc1-11f1-85f0-eeee0a91cfe7.myfranchise-db-deployer#flowable-async-job-executor-thread-62830#
[PollStageAppStatusExecution] 29787a82-7f21-42fb-b29e-68fef013f5a1 [2026-07-30T02:27:43.460300] Expanded from "src/gen/data/myfranchise-StatusAprovacao.hdbtabledata" (STDOUT, APP/TASK/deploy)#
#2026 07 30 02:49:54.232#Z#DEBUG#3ed74488-8bc1-11f1-85f0-eeee0a91cfe7.myfranchise-db-deployer#flowable-async-job-executor-thread-62830#
[PollStageAppStatusExecution] 29787a82-7f21-42fb-b29e-68fef013f5a1 [2026-07-30T02:27:43.460339] Deploying "src/gen/FranqueadoraService.StatusAlerta_texts.hdbview"... ok (0s 23ms) (STDOUT, APP/TASK/deploy)#
#2026 07 30 02:49:54.232#Z#DEBUG#3ed74488-8bc1-11f1-85f0-eeee0a91cfe7.myfranchise-db-deployer#flowable-async-job-executor-thread-62830#
[PollStageAppStatusExecution] 29787a82-7f21-42fb-b29e-68fef013f5a1 [2026-07-30T02:27:43.460343] Deploying "src/gen/FranqueadoService.StatusAprovacao_texts.hdbview"... (STDOUT, APP/TASK/deploy)#
#2026 07 30 02:49:54.232#Z#DEBUG#3ed74488-8bc1-11f1-85f0-eeee0a91cfe7.myfranchise-db-deployer#flowable-async-job-executor-thread-62830#
[PollStageAppStatusExecution] 29787a82-7f21-42fb-b29e-68fef013f5a1 [2026-07-30T02:27:43.460348] Deploying "src/gen/FranqueadoService.StatusAprovacao_texts.hdbview"... ok (0s 13ms) (STDOUT, APP/TASK/deploy)#
#2026 07 30 02:49:54.232#Z#DEBUG#3ed74488-8bc1-11f1-85f0-eeee0a91cfe7.myfranchise-db-deployer#flowable-async-job-executor-thread-62830#
[PollStageAppStatusExecution] 29787a82-7f21-42fb-b29e-68fef013f5a1 [2026-07-30T02:27:43.460355] Deploying "src/gen/FranqueadoraService.StatusAprovacao_texts.hdbview"... (STDOUT, APP/TASK/deploy)#
#2026 07 30 02:49:54.232#Z#DEBUG#3ed74488-8bc1-11f1-85f0-eeee0a91cfe7.myfranchise-db-deployer#flowable-async-job-executor-thread-62830#
[PollStageAppStatusExecution] 29787a82-7f21-42fb-b29e-68fef013f5a1 [2026-07-30T02:27:43.460358] Inserted 3 records of the data source file "myfranchise-StatusAlerta.csv" into the target table "MYFRANCHISE_STATUSALERTA" (STDOUT, APP/TASK/deploy)#
#2026 07 30 02:49:54.232#Z#DEBUG#3ed74488-8bc1-11f1-85f0-eeee0a91cfe7.myfranchise-db-deployer#flowable-async-job-executor-thread-62830#
[PollStageAppStatusExecution] 29787a82-7f21-42fb-b29e-68fef013f5a1 [2026-07-30T02:27:43.460363] Deploying "src/gen/data/myfranchise-StatusAlerta.hdbtabledata$0.expand"... ok (0s 64ms) (STDOUT, APP/TASK/deploy)#
#2026 07 30 02:49:54.232#Z#DEBUG#3ed74488-8bc1-11f1-85f0-eeee0a91cfe7.myfranchise-db-deployer#flowable-async-job-executor-thread-62830#
[PollStageAppStatusExecution] 29787a82-7f21-42fb-b29e-68fef013f5a1 [2026-07-30T02:27:43.460373] Deploying "src/gen/data/myfranchise-StatusCatalogo.hdbtabledata$0.expand"... (STDOUT, APP/TASK/deploy)#
#2026 07 30 02:49:54.232#Z#DEBUG#3ed74488-8bc1-11f1-85f0-eeee0a91cfe7.myfranchise-db-deployer#flowable-async-job-executor-thread-62830#
[PollStageAppStatusExecution] 29787a82-7f21-42fb-b29e-68fef013f5a1 [2026-07-30T02:27:43.460385] Expanded from "src/gen/data/myfranchise-StatusCatalogo.hdbtabledata" (STDOUT, APP/TASK/deploy)#
#2026 07 30 02:49:54.232#Z#DEBUG#3ed74488-8bc1-11f1-85f0-eeee0a91cfe7.myfranchise-db-deployer#flowable-async-job-executor-thread-62830#
[PollStageAppStatusExecution] 29787a82-7f21-42fb-b29e-68fef013f5a1 [2026-07-30T02:27:43.460387] Deploying "src/gen/FranqueadoraService.StatusAprovacao_texts.hdbview"... ok (0s 21ms) (STDOUT, APP/TASK/deploy)#
#2026 07 30 02:49:54.232#Z#DEBUG#3ed74488-8bc1-11f1-85f0-eeee0a91cfe7.myfranchise-db-deployer#flowable-async-job-executor-thread-62830#
[PollStageAppStatusExecution] 29787a82-7f21-42fb-b29e-68fef013f5a1 [2026-07-30T02:27:43.460389] Deploying "src/gen/FranqueadoraService.StatusCatalogo_texts.hdbview"... (STDOUT, APP/TASK/deploy)#
#2026 07 30 02:49:54.232#Z#DEBUG#3ed74488-8bc1-11f1-85f0-eeee0a91cfe7.myfranchise-db-deployer#flowable-async-job-executor-thread-62830#
[PollStageAppStatusExecution] 29787a82-7f21-42fb-b29e-68fef013f5a1 [2026-07-30T02:27:43.460391] Deploying "src/gen/FranqueadoraService.StatusCatalogo_texts.hdbview"... ok (0s 22ms) (STDOUT, APP/TASK/deploy)#
#2026 07 30 02:49:54.232#Z#DEBUG#3ed74488-8bc1-11f1-85f0-eeee0a91cfe7.myfranchise-db-deployer#flowable-async-job-executor-thread-62830#
[PollStageAppStatusExecution] 29787a82-7f21-42fb-b29e-68fef013f5a1 [2026-07-30T02:27:43.460393] Deploying "src/gen/data/myfranchise-StatusContrato.hdbtabledata$0.expand"... (STDOUT, APP/TASK/deploy)#
#2026 07 30 02:49:54.232#Z#DEBUG#3ed74488-8bc1-11f1-85f0-eeee0a91cfe7.myfranchise-db-deployer#flowable-async-job-executor-thread-62830#
[PollStageAppStatusExecution] 29787a82-7f21-42fb-b29e-68fef013f5a1 [2026-07-30T02:27:43.460395] Expanded from "src/gen/data/myfranchise-StatusContrato.hdbtabledata" (STDOUT, APP/TASK/deploy)#
#2026 07 30 02:49:54.232#Z#DEBUG#3ed74488-8bc1-11f1-85f0-eeee0a91cfe7.myfranchise-db-deployer#flowable-async-job-executor-thread-62830#
[PollStageAppStatusExecution] 29787a82-7f21-42fb-b29e-68fef013f5a1 [2026-07-30T02:27:43.460398] Inserted 3 records of the data source file "myfranchise-StatusAprovacao.csv" into the target table "MYFRANCHISE_STATUSAPROVACAO" (STDOUT, APP/TASK/deploy)#
#2026 07 30 02:49:54.232#Z#DEBUG#3ed74488-8bc1-11f1-85f0-eeee0a91cfe7.myfranchise-db-deployer#flowable-async-job-executor-thread-62830#
[PollStageAppStatusExecution] 29787a82-7f21-42fb-b29e-68fef013f5a1 [2026-07-30T02:27:43.460439] Deploying "src/gen/data/myfranchise-StatusAprovacao.hdbtabledata$0.expand"... ok (0s 60ms) (STDOUT, APP/TASK/deploy)#
#2026 07 30 02:49:54.232#Z#DEBUG#3ed74488-8bc1-11f1-85f0-eeee0a91cfe7.myfranchise-db-deployer#flowable-async-job-executor-thread-62830#
[PollStageAppStatusExecution] 29787a82-7f21-42fb-b29e-68fef013f5a1 [2026-07-30T02:27:43.460443] Deploying "src/gen/FranqueadoService.StatusContrato_texts.hdbview"... (STDOUT, APP/TASK/deploy)#
#2026 07 30 02:49:54.232#Z#DEBUG#3ed74488-8bc1-11f1-85f0-eeee0a91cfe7.myfranchise-db-deployer#flowable-async-job-executor-thread-62830#
[PollStageAppStatusExecution] 29787a82-7f21-42fb-b29e-68fef013f5a1 [2026-07-30T02:27:43.460447] Deploying "src/gen/FranqueadoService.StatusContrato_texts.hdbview"... ok (0s 14ms) (STDOUT, APP/TASK/deploy)#
#2026 07 30 02:49:54.232#Z#DEBUG#3ed74488-8bc1-11f1-85f0-eeee0a91cfe7.myfranchise-db-deployer#flowable-async-job-executor-thread-62830#
[PollStageAppStatusExecution] 29787a82-7f21-42fb-b29e-68fef013f5a1 [2026-07-30T02:27:43.460449] Deploying "src/gen/FranqueadoraService.StatusContrato_texts.hdbview"... (STDOUT, APP/TASK/deploy)#
#2026 07 30 02:49:54.232#Z#DEBUG#3ed74488-8bc1-11f1-85f0-eeee0a91cfe7.myfranchise-db-deployer#flowable-async-job-executor-thread-62830#
[PollStageAppStatusExecution] 29787a82-7f21-42fb-b29e-68fef013f5a1 [2026-07-30T02:27:43.460455] Deploying "src/gen/FranqueadoraService.StatusContrato_texts.hdbview"... ok (0s 19ms) (STDOUT, APP/TASK/deploy)#
#2026 07 30 02:49:54.232#Z#DEBUG#3ed74488-8bc1-11f1-85f0-eeee0a91cfe7.myfranchise-db-deployer#flowable-async-job-executor-thread-62830#
[PollStageAppStatusExecution] 29787a82-7f21-42fb-b29e-68fef013f5a1 [2026-07-30T02:27:43.460457] Deploying "src/gen/data/myfranchise-StatusDesvio.hdbtabledata$0.expand"... (STDOUT, APP/TASK/deploy)#
#2026 07 30 02:49:54.232#Z#DEBUG#3ed74488-8bc1-11f1-85f0-eeee0a91cfe7.myfranchise-db-deployer#flowable-async-job-executor-thread-62830#
[PollStageAppStatusExecution] 29787a82-7f21-42fb-b29e-68fef013f5a1 [2026-07-30T02:27:43.460459] Expanded from "src/gen/data/myfranchise-StatusDesvio.hdbtabledata" (STDOUT, APP/TASK/deploy)#
#2026 07 30 02:49:54.232#Z#DEBUG#3ed74488-8bc1-11f1-85f0-eeee0a91cfe7.myfranchise-db-deployer#flowable-async-job-executor-thread-62830#
[PollStageAppStatusExecution] 29787a82-7f21-42fb-b29e-68fef013f5a1 [2026-07-30T02:27:43.460461] Inserted 3 records of the data source file "myfranchise-StatusCatalogo.csv" into the target table "MYFRANCHISE_STATUSCATALOGO" (STDOUT, APP/TASK/deploy)#
#2026 07 30 02:49:54.232#Z#DEBUG#3ed74488-8bc1-11f1-85f0-eeee0a91cfe7.myfranchise-db-deployer#flowable-async-job-executor-thread-62830#
[PollStageAppStatusExecution] 29787a82-7f21-42fb-b29e-68fef013f5a1 [2026-07-30T02:27:43.460463] Deploying "src/gen/data/myfranchise-StatusCatalogo.hdbtabledata$0.expand"... ok (0s 69ms) (STDOUT, APP/TASK/deploy)#
#2026 07 30 02:49:54.232#Z#DEBUG#3ed74488-8bc1-11f1-85f0-eeee0a91cfe7.myfranchise-db-deployer#flowable-async-job-executor-thread-62830#
[PollStageAppStatusExecution] 29787a82-7f21-42fb-b29e-68fef013f5a1 [2026-07-30T02:27:43.460466] Deploying "src/gen/FranqueadoService.StatusDesvio_texts.hdbview"... (STDOUT, APP/TASK/deploy)#
#2026 07 30 02:49:54.232#Z#DEBUG#3ed74488-8bc1-11f1-85f0-eeee0a91cfe7.myfranchise-db-deployer#flowable-async-job-executor-thread-62830#
[PollStageAppStatusExecution] 29787a82-7f21-42fb-b29e-68fef013f5a1 [2026-07-30T02:27:43.460468] Inserted 5 records of the data source file "myfranchise-StatusContrato.csv" into the target table "MYFRANCHISE_STATUSCONTRATO" (STDOUT, APP/TASK/deploy)#
#2026 07 30 02:49:54.232#Z#DEBUG#3ed74488-8bc1-11f1-85f0-eeee0a91cfe7.myfranchise-db-deployer#flowable-async-job-executor-thread-62830#
[PollStageAppStatusExecution] 29787a82-7f21-42fb-b29e-68fef013f5a1 [2026-07-30T02:27:43.460483] Deploying "src/gen/data/myfranchise-StatusContrato.hdbtabledata$0.expand"... ok (0s 54ms) (STDOUT, APP/TASK/deploy)#
#2026 07 30 02:49:54.232#Z#DEBUG#3ed74488-8bc1-11f1-85f0-eeee0a91cfe7.myfranchise-db-deployer#flowable-async-job-executor-thread-62830#
[PollStageAppStatusExecution] 29787a82-7f21-42fb-b29e-68fef013f5a1 [2026-07-30T02:27:43.460485] Deploying "src/gen/FranqueadoraService.StatusDesvio_texts.hdbview"... (STDOUT, APP/TASK/deploy)#
#2026 07 30 02:49:54.232#Z#DEBUG#3ed74488-8bc1-11f1-85f0-eeee0a91cfe7.myfranchise-db-deployer#flowable-async-job-executor-thread-62830#
[PollStageAppStatusExecution] 29787a82-7f21-42fb-b29e-68fef013f5a1 [2026-07-30T02:27:43.460486] Deploying "src/gen/FranqueadoService.StatusDesvio_texts.hdbview"... ok (0s 18ms) (STDOUT, APP/TASK/deploy)#
#2026 07 30 02:49:54.232#Z#DEBUG#3ed74488-8bc1-11f1-85f0-eeee0a91cfe7.myfranchise-db-deployer#flowable-async-job-executor-thread-62830#
[PollStageAppStatusExecution] 29787a82-7f21-42fb-b29e-68fef013f5a1 [2026-07-30T02:27:43.460491] Deploying "src/gen/data/myfranchise-StatusDocumento.hdbtabledata$0.expand"... (STDOUT, APP/TASK/deploy)#
#2026 07 30 02:49:54.232#Z#DEBUG#3ed74488-8bc1-11f1-85f0-eeee0a91cfe7.myfranchise-db-deployer#flowable-async-job-executor-thread-62830#
[PollStageAppStatusExecution] 29787a82-7f21-42fb-b29e-68fef013f5a1 [2026-07-30T02:27:43.460494] Expanded from "src/gen/data/myfranchise-StatusDocumento.hdbtabledata" (STDOUT, APP/TASK/deploy)#
#2026 07 30 02:49:54.232#Z#DEBUG#3ed74488-8bc1-11f1-85f0-eeee0a91cfe7.myfranchise-db-deployer#flowable-async-job-executor-thread-62830#
[PollStageAppStatusExecution] 29787a82-7f21-42fb-b29e-68fef013f5a1 [2026-07-30T02:27:43.460520] Deploying "src/gen/FranqueadoraService.StatusDesvio_texts.hdbview"... ok (0s 32ms) (STDOUT, APP/TASK/deploy)#
#2026 07 30 02:49:54.232#Z#DEBUG#3ed74488-8bc1-11f1-85f0-eeee0a91cfe7.myfranchise-db-deployer#flowable-async-job-executor-thread-62830#
[PollStageAppStatusExecution] 29787a82-7f21-42fb-b29e-68fef013f5a1 [2026-07-30T02:27:43.460522] Deploying "src/gen/FranqueadoService.StatusDocumento_texts.hdbview"... (STDOUT, APP/TASK/deploy)#
#2026 07 30 02:49:54.232#Z#DEBUG#3ed74488-8bc1-11f1-85f0-eeee0a91cfe7.myfranchise-db-deployer#flowable-async-job-executor-thread-62830#
[PollStageAppStatusExecution] 29787a82-7f21-42fb-b29e-68fef013f5a1 [2026-07-30T02:27:43.460524] Deploying "src/gen/FranqueadoService.StatusDocumento_texts.hdbview"... ok (0s 17ms) (STDOUT, APP/TASK/deploy)#
#2026 07 30 02:49:54.232#Z#DEBUG#3ed74488-8bc1-11f1-85f0-eeee0a91cfe7.myfranchise-db-deployer#flowable-async-job-executor-thread-62830#
[PollStageAppStatusExecution] 29787a82-7f21-42fb-b29e-68fef013f5a1 [2026-07-30T02:27:43.460526] Deploying "src/gen/FranqueadoraService.StatusDocumento_texts.hdbview"... (STDOUT, APP/TASK/deploy)#
#2026 07 30 02:49:54.232#Z#DEBUG#3ed74488-8bc1-11f1-85f0-eeee0a91cfe7.myfranchise-db-deployer#flowable-async-job-executor-thread-62830#
[PollStageAppStatusExecution] 29787a82-7f21-42fb-b29e-68fef013f5a1 [2026-07-30T02:27:43.460544] Inserted 5 records of the data source file "myfranchise-StatusDesvio.csv" into the target table "MYFRANCHISE_STATUSDESVIO" (STDOUT, APP/TASK/deploy)#
#2026 07 30 02:49:54.232#Z#DEBUG#3ed74488-8bc1-11f1-85f0-eeee0a91cfe7.myfranchise-db-deployer#flowable-async-job-executor-thread-62830#
[PollStageAppStatusExecution] 29787a82-7f21-42fb-b29e-68fef013f5a1 [2026-07-30T02:27:43.460546] Deploying "src/gen/data/myfranchise-StatusDesvio.hdbtabledata$0.expand"... ok (0s 85ms) (STDOUT, APP/TASK/deploy)#
#2026 07 30 02:49:54.232#Z#DEBUG#3ed74488-8bc1-11f1-85f0-eeee0a91cfe7.myfranchise-db-deployer#flowable-async-job-executor-thread-62830#
[PollStageAppStatusExecution] 29787a82-7f21-42fb-b29e-68fef013f5a1 [2026-07-30T02:27:43.460548] Deploying "src/gen/data/myfranchise-StatusFranqueado.hdbtabledata$0.expand"... (STDOUT, APP/TASK/deploy)#
#2026 07 30 02:49:54.232#Z#DEBUG#3ed74488-8bc1-11f1-85f0-eeee0a91cfe7.myfranchise-db-deployer#flowable-async-job-executor-thread-62830#
[PollStageAppStatusExecution] 29787a82-7f21-42fb-b29e-68fef013f5a1 [2026-07-30T02:27:43.460550] Expanded from "src/gen/data/myfranchise-StatusFranqueado.hdbtabledata" (STDOUT, APP/TASK/deploy)#
#2026 07 30 02:49:54.232#Z#DEBUG#3ed74488-8bc1-11f1-85f0-eeee0a91cfe7.myfranchise-db-deployer#flowable-async-job-executor-thread-62830#
[PollStageAppStatusExecution] 29787a82-7f21-42fb-b29e-68fef013f5a1 [2026-07-30T02:27:43.460583] Deploying "src/gen/FranqueadoraService.StatusDocumento_texts.hdbview"... ok (0s 16ms) (STDOUT, APP/TASK/deploy)#
#2026 07 30 02:49:54.232#Z#DEBUG#3ed74488-8bc1-11f1-85f0-eeee0a91cfe7.myfranchise-db-deployer#flowable-async-job-executor-thread-62830#
[PollStageAppStatusExecution] 29787a82-7f21-42fb-b29e-68fef013f5a1 [2026-07-30T02:27:43.460585] Deploying "src/gen/FranqueadoraService.StatusFranqueado_texts.hdbview"... (STDOUT, APP/TASK/deploy)#
#2026 07 30 02:49:54.232#Z#DEBUG#3ed74488-8bc1-11f1-85f0-eeee0a91cfe7.myfranchise-db-deployer#flowable-async-job-executor-thread-62830#
[PollStageAppStatusExecution] 29787a82-7f21-42fb-b29e-68fef013f5a1 [2026-07-30T02:27:43.460587] Deploying "src/gen/FranqueadoraService.StatusFranqueado_texts.hdbview"... ok (0s 20ms) (STDOUT, APP/TASK/deploy)#
#2026 07 30 02:49:54.232#Z#DEBUG#3ed74488-8bc1-11f1-85f0-eeee0a91cfe7.myfranchise-db-deployer#flowable-async-job-executor-thread-62830#
[PollStageAppStatusExecution] 29787a82-7f21-42fb-b29e-68fef013f5a1 [2026-07-30T02:27:43.460589] Deploying "src/gen/data/myfranchise-StatusKPI.hdbtabledata$0.expand"... (STDOUT, APP/TASK/deploy)#
#2026 07 30 02:49:54.232#Z#DEBUG#3ed74488-8bc1-11f1-85f0-eeee0a91cfe7.myfranchise-db-deployer#flowable-async-job-executor-thread-62830#
[PollStageAppStatusExecution] 29787a82-7f21-42fb-b29e-68fef013f5a1 [2026-07-30T02:27:43.460591] Expanded from "src/gen/data/myfranchise-StatusKPI.hdbtabledata" (STDOUT, APP/TASK/deploy)#
#2026 07 30 02:49:54.232#Z#DEBUG#3ed74488-8bc1-11f1-85f0-eeee0a91cfe7.myfranchise-db-deployer#flowable-async-job-executor-thread-62830#
[PollStageAppStatusExecution] 29787a82-7f21-42fb-b29e-68fef013f5a1 [2026-07-30T02:27:43.460593] Inserted 4 records of the data source file "myfranchise-StatusDocumento.csv" into the target table "MYFRANCHISE_STATUSDOCUMENTO" (STDOUT, APP/TASK/deploy)#
#2026 07 30 02:49:54.232#Z#DEBUG#3ed74488-8bc1-11f1-85f0-eeee0a91cfe7.myfranchise-db-deployer#flowable-async-job-executor-thread-62830#
[PollStageAppStatusExecution] 29787a82-7f21-42fb-b29e-68fef013f5a1 [2026-07-30T02:27:43.460595] Deploying "src/gen/data/myfranchise-StatusDocumento.hdbtabledata$0.expand"... ok (0s 81ms) (STDOUT, APP/TASK/deploy)#
#2026 07 30 02:49:54.232#Z#DEBUG#3ed74488-8bc1-11f1-85f0-eeee0a91cfe7.myfranchise-db-deployer#flowable-async-job-executor-thread-62830#
[PollStageAppStatusExecution] 29787a82-7f21-42fb-b29e-68fef013f5a1 [2026-07-30T02:27:43.460597] Deploying "src/gen/FranqueadoService.StatusKPI_texts.hdbview"... (STDOUT, APP/TASK/deploy)#
#2026 07 30 02:49:54.232#Z#DEBUG#3ed74488-8bc1-11f1-85f0-eeee0a91cfe7.myfranchise-db-deployer#flowable-async-job-executor-thread-62830#
[PollStageAppStatusExecution] 29787a82-7f21-42fb-b29e-68fef013f5a1 [2026-07-30T02:27:43.460599] Deploying "src/gen/FranqueadoService.StatusKPI_texts.hdbview"... ok (0s 18ms) (STDOUT, APP/TASK/deploy)#
#2026 07 30 02:49:54.232#Z#DEBUG#3ed74488-8bc1-11f1-85f0-eeee0a91cfe7.myfranchise-db-deployer#flowable-async-job-executor-thread-62830#
[PollStageAppStatusExecution] 29787a82-7f21-42fb-b29e-68fef013f5a1 [2026-07-30T02:27:43.460603] Deploying "src/gen/FranqueadoraService.StatusKPI_texts.hdbview"... (STDOUT, APP/TASK/deploy)#
#2026 07 30 02:49:54.232#Z#DEBUG#3ed74488-8bc1-11f1-85f0-eeee0a91cfe7.myfranchise-db-deployer#flowable-async-job-executor-thread-62830#
[PollStageAppStatusExecution] 29787a82-7f21-42fb-b29e-68fef013f5a1 [2026-07-30T02:27:43.460606] Inserted 3 records of the data source file "myfranchise-StatusFranqueado.csv" into the target table "MYFRANCHISE_STATUSFRANQUEADO" (STDOUT, APP/TASK/deploy)#
#2026 07 30 02:49:54.232#Z#DEBUG#3ed74488-8bc1-11f1-85f0-eeee0a91cfe7.myfranchise-db-deployer#flowable-async-job-executor-thread-62830#
[PollStageAppStatusExecution] 29787a82-7f21-42fb-b29e-68fef013f5a1 [2026-07-30T02:27:43.460607] Deploying "src/gen/data/myfranchise-StatusFranqueado.hdbtabledata$0.expand"... ok (0s 63ms) (STDOUT, APP/TASK/deploy)#
#2026 07 30 02:49:54.232#Z#DEBUG#3ed74488-8bc1-11f1-85f0-eeee0a91cfe7.myfranchise-db-deployer#flowable-async-job-executor-thread-62830#
[PollStageAppStatusExecution] 29787a82-7f21-42fb-b29e-68fef013f5a1 [2026-07-30T02:27:43.460609] Deploying "src/gen/data/myfranchise-StatusNotificacao.hdbtabledata$0.expand"... (STDOUT, APP/TASK/deploy)#
#2026 07 30 02:49:54.232#Z#DEBUG#3ed74488-8bc1-11f1-85f0-eeee0a91cfe7.myfranchise-db-deployer#flowable-async-job-executor-thread-62830#
[PollStageAppStatusExecution] 29787a82-7f21-42fb-b29e-68fef013f5a1 [2026-07-30T02:27:43.460611] Expanded from "src/gen/data/myfranchise-StatusNotificacao.hdbtabledata" (STDOUT, APP/TASK/deploy)#
#2026 07 30 02:49:54.232#Z#DEBUG#3ed74488-8bc1-11f1-85f0-eeee0a91cfe7.myfranchise-db-deployer#flowable-async-job-executor-thread-62830#
[PollStageAppStatusExecution] 29787a82-7f21-42fb-b29e-68fef013f5a1 [2026-07-30T02:27:43.460613] Deploying "src/gen/FranqueadoraService.StatusKPI_texts.hdbview"... ok (0s 18ms) (STDOUT, APP/TASK/deploy)#
#2026 07 30 02:49:54.232#Z#DEBUG#3ed74488-8bc1-11f1-85f0-eeee0a91cfe7.myfranchise-db-deployer#flowable-async-job-executor-thread-62830#
[PollStageAppStatusExecution] 29787a82-7f21-42fb-b29e-68fef013f5a1 [2026-07-30T02:27:43.460615] Deploying "src/gen/FranqueadoService.StatusNotificacao_texts.hdbview"... (STDOUT, APP/TASK/deploy)#
#2026 07 30 02:49:54.232#Z#DEBUG#3ed74488-8bc1-11f1-85f0-eeee0a91cfe7.myfranchise-db-deployer#flowable-async-job-executor-thread-62830#
[PollStageAppStatusExecution] 29787a82-7f21-42fb-b29e-68fef013f5a1 [2026-07-30T02:27:43.460619] Inserted 4 records of the data source file "myfranchise-StatusKPI.csv" into the target table "MYFRANCHISE_STATUSKPI" (STDOUT, APP/TASK/deploy)#
#2026 07 30 02:49:54.232#Z#DEBUG#3ed74488-8bc1-11f1-85f0-eeee0a91cfe7.myfranchise-db-deployer#flowable-async-job-executor-thread-62830#
[PollStageAppStatusExecution] 29787a82-7f21-42fb-b29e-68fef013f5a1 [2026-07-30T02:27:43.460621] Deploying "src/gen/data/myfranchise-StatusKPI.hdbtabledata$0.expand"... ok (0s 69ms) (STDOUT, APP/TASK/deploy)#
#2026 07 30 02:49:54.232#Z#DEBUG#3ed74488-8bc1-11f1-85f0-eeee0a91cfe7.myfranchise-db-deployer#flowable-async-job-executor-thread-62830#
[PollStageAppStatusExecution] 29787a82-7f21-42fb-b29e-68fef013f5a1 [2026-07-30T02:27:43.460623] Deploying "src/gen/FranqueadoraService.StatusNotificacao_texts.hdbview"... (STDOUT, APP/TASK/deploy)#
#2026 07 30 02:49:54.232#Z#DEBUG#3ed74488-8bc1-11f1-85f0-eeee0a91cfe7.myfranchise-db-deployer#flowable-async-job-executor-thread-62830#
[PollStageAppStatusExecution] 29787a82-7f21-42fb-b29e-68fef013f5a1 [2026-07-30T02:27:43.460625] Deploying "src/gen/FranqueadoService.StatusNotificacao_texts.hdbview"... ok (0s 25ms) (STDOUT, APP/TASK/deploy)#
#2026 07 30 02:49:54.232#Z#DEBUG#3ed74488-8bc1-11f1-85f0-eeee0a91cfe7.myfranchise-db-deployer#flowable-async-job-executor-thread-62830#
[PollStageAppStatusExecution] 29787a82-7f21-42fb-b29e-68fef013f5a1 [2026-07-30T02:27:43.460626] Deploying "src/gen/data/myfranchise-StatusOnboarding.hdbtabledata$0.expand"... (STDOUT, APP/TASK/deploy)#
#2026 07 30 02:49:54.232#Z#DEBUG#3ed74488-8bc1-11f1-85f0-eeee0a91cfe7.myfranchise-db-deployer#flowable-async-job-executor-thread-62830#
[PollStageAppStatusExecution] 29787a82-7f21-42fb-b29e-68fef013f5a1 [2026-07-30T02:27:43.460628] Expanded from "src/gen/data/myfranchise-StatusOnboarding.hdbtabledata" (STDOUT, APP/TASK/deploy)#
#2026 07 30 02:49:54.232#Z#DEBUG#3ed74488-8bc1-11f1-85f0-eeee0a91cfe7.myfranchise-db-deployer#flowable-async-job-executor-thread-62830#
[PollStageAppStatusExecution] 29787a82-7f21-42fb-b29e-68fef013f5a1 [2026-07-30T02:27:44.469453] Deploying "src/gen/FranqueadoraService.StatusNotificacao_texts.hdbview"... ok (0s 14ms) (STDOUT, APP/TASK/deploy)#
#2026 07 30 02:49:54.232#Z#DEBUG#3ed74488-8bc1-11f1-85f0-eeee0a91cfe7.myfranchise-db-deployer#flowable-async-job-executor-thread-62830#
[PollStageAppStatusExecution] 29787a82-7f21-42fb-b29e-68fef013f5a1 [2026-07-30T02:27:44.469485] Deploying "src/gen/FranqueadoService.StatusOnboarding_texts.hdbview"... (STDOUT, APP/TASK/deploy)#
#2026 07 30 02:49:54.232#Z#DEBUG#3ed74488-8bc1-11f1-85f0-eeee0a91cfe7.myfranchise-db-deployer#flowable-async-job-executor-thread-62830#
[PollStageAppStatusExecution] 29787a82-7f21-42fb-b29e-68fef013f5a1 [2026-07-30T02:27:44.469488] Deploying "src/gen/FranqueadoService.StatusOnboarding_texts.hdbview"... ok (0s 18ms) (STDOUT, APP/TASK/deploy)#
#2026 07 30 02:49:54.232#Z#DEBUG#3ed74488-8bc1-11f1-85f0-eeee0a91cfe7.myfranchise-db-deployer#flowable-async-job-executor-thread-62830#
[PollStageAppStatusExecution] 29787a82-7f21-42fb-b29e-68fef013f5a1 [2026-07-30T02:27:44.469490] Deploying "src/gen/FranqueadoraService.StatusOnboarding_texts.hdbview"... (STDOUT, APP/TASK/deploy)#
#2026 07 30 02:49:54.232#Z#DEBUG#3ed74488-8bc1-11f1-85f0-eeee0a91cfe7.myfranchise-db-deployer#flowable-async-job-executor-thread-62830#
[PollStageAppStatusExecution] 29787a82-7f21-42fb-b29e-68fef013f5a1 [2026-07-30T02:27:44.469497] Inserted 4 records of the data source file "myfranchise-StatusNotificacao.csv" into the target table "MYFRANCHISE_STATUSNOTIFICACAO" (STDOUT, APP/TASK/deploy)#
#2026 07 30 02:49:54.232#Z#DEBUG#3ed74488-8bc1-11f1-85f0-eeee0a91cfe7.myfranchise-db-deployer#flowable-async-job-executor-thread-62830#
[PollStageAppStatusExecution] 29787a82-7f21-42fb-b29e-68fef013f5a1 [2026-07-30T02:27:44.469498] Deploying "src/gen/data/myfranchise-StatusNotificacao.hdbtabledata$0.expand"... ok (0s 66ms) (STDOUT, APP/TASK/deploy)#
#2026 07 30 02:49:54.232#Z#DEBUG#3ed74488-8bc1-11f1-85f0-eeee0a91cfe7.myfranchise-db-deployer#flowable-async-job-executor-thread-62830#
[PollStageAppStatusExecution] 29787a82-7f21-42fb-b29e-68fef013f5a1 [2026-07-30T02:27:44.469503] Deploying "src/gen/data/myfranchise-StatusRecomendacao.hdbtabledata$0.expand"... (STDOUT, APP/TASK/deploy)#
#2026 07 30 02:49:54.232#Z#DEBUG#3ed74488-8bc1-11f1-85f0-eeee0a91cfe7.myfranchise-db-deployer#flowable-async-job-executor-thread-62830#
[PollStageAppStatusExecution] 29787a82-7f21-42fb-b29e-68fef013f5a1 [2026-07-30T02:27:44.469506] Expanded from "src/gen/data/myfranchise-StatusRecomendacao.hdbtabledata" (STDOUT, APP/TASK/deploy)#
#2026 07 30 02:49:54.232#Z#DEBUG#3ed74488-8bc1-11f1-85f0-eeee0a91cfe7.myfranchise-db-deployer#flowable-async-job-executor-thread-62830#
[PollStageAppStatusExecution] 29787a82-7f21-42fb-b29e-68fef013f5a1 [2026-07-30T02:27:44.469515] Deploying "src/gen/FranqueadoraService.StatusOnboarding_texts.hdbview"... ok (0s 16ms) (STDOUT, APP/TASK/deploy)#
#2026 07 30 02:49:54.232#Z#DEBUG#3ed74488-8bc1-11f1-85f0-eeee0a91cfe7.myfranchise-db-deployer#flowable-async-job-executor-thread-62830#
[PollStageAppStatusExecution] 29787a82-7f21-42fb-b29e-68fef013f5a1 [2026-07-30T02:27:44.469516] Deploying "src/gen/FranqueadoService.StatusRecomendacao_texts.hdbview"... (STDOUT, APP/TASK/deploy)#
#2026 07 30 02:49:54.232#Z#DEBUG#3ed74488-8bc1-11f1-85f0-eeee0a91cfe7.myfranchise-db-deployer#flowable-async-job-executor-thread-62830#
[PollStageAppStatusExecution] 29787a82-7f21-42fb-b29e-68fef013f5a1 [2026-07-30T02:27:44.469520] Deploying "src/gen/FranqueadoService.StatusRecomendacao_texts.hdbview"... ok (0s 27ms) (STDOUT, APP/TASK/deploy)#
#2026 07 30 02:49:54.232#Z#DEBUG#3ed74488-8bc1-11f1-85f0-eeee0a91cfe7.myfranchise-db-deployer#flowable-async-job-executor-thread-62830#
[PollStageAppStatusExecution] 29787a82-7f21-42fb-b29e-68fef013f5a1 [2026-07-30T02:27:44.469522] Deploying "src/gen/FranqueadoraService.StatusRecomendacao_texts.hdbview"... (STDOUT, APP/TASK/deploy)#
#2026 07 30 02:49:54.232#Z#DEBUG#3ed74488-8bc1-11f1-85f0-eeee0a91cfe7.myfranchise-db-deployer#flowable-async-job-executor-thread-62830#
[PollStageAppStatusExecution] 29787a82-7f21-42fb-b29e-68fef013f5a1 [2026-07-30T02:27:44.469527] Inserted 4 records of the data source file "myfranchise-StatusOnboarding.csv" into the target table "MYFRANCHISE_STATUSONBOARDING" (STDOUT, APP/TASK/deploy)#
#2026 07 30 02:49:54.232#Z#DEBUG#3ed74488-8bc1-11f1-85f0-eeee0a91cfe7.myfranchise-db-deployer#flowable-async-job-executor-thread-62830#
[PollStageAppStatusExecution] 29787a82-7f21-42fb-b29e-68fef013f5a1 [2026-07-30T02:27:44.469530] Deploying "src/gen/data/myfranchise-StatusOnboarding.hdbtabledata$0.expand"... ok (0s 77ms) (STDOUT, APP/TASK/deploy)#
#2026 07 30 02:49:54.232#Z#DEBUG#3ed74488-8bc1-11f1-85f0-eeee0a91cfe7.myfranchise-db-deployer#flowable-async-job-executor-thread-62830#
[PollStageAppStatusExecution] 29787a82-7f21-42fb-b29e-68fef013f5a1 [2026-07-30T02:27:44.469533] Deploying "src/gen/data/myfranchise-StatusTarefa.hdbtabledata$0.expand"... (STDOUT, APP/TASK/deploy)#
#2026 07 30 02:49:54.232#Z#DEBUG#3ed74488-8bc1-11f1-85f0-eeee0a91cfe7.myfranchise-db-deployer#flowable-async-job-executor-thread-62830#
[PollStageAppStatusExecution] 29787a82-7f21-42fb-b29e-68fef013f5a1 [2026-07-30T02:27:44.469535] Expanded from "src/gen/data/myfranchise-StatusTarefa.hdbtabledata" (STDOUT, APP/TASK/deploy)#
#2026 07 30 02:49:54.232#Z#DEBUG#3ed74488-8bc1-11f1-85f0-eeee0a91cfe7.myfranchise-db-deployer#flowable-async-job-executor-thread-62830#
[PollStageAppStatusExecution] 29787a82-7f21-42fb-b29e-68fef013f5a1 [2026-07-30T02:27:44.469536] Deploying "src/gen/FranqueadoraService.StatusRecomendacao_texts.hdbview"... ok (0s 18ms) (STDOUT, APP/TASK/deploy)#
#2026 07 30 02:49:54.232#Z#DEBUG#3ed74488-8bc1-11f1-85f0-eeee0a91cfe7.myfranchise-db-deployer#flowable-async-job-executor-thread-62830#
[PollStageAppStatusExecution] 29787a82-7f21-42fb-b29e-68fef013f5a1 [2026-07-30T02:27:44.469538] Deploying "src/gen/FranqueadoService.StatusTarefa_texts.hdbview"... (STDOUT, APP/TASK/deploy)#
#2026 07 30 02:49:54.232#Z#DEBUG#3ed74488-8bc1-11f1-85f0-eeee0a91cfe7.myfranchise-db-deployer#flowable-async-job-executor-thread-62830#
[PollStageAppStatusExecution] 29787a82-7f21-42fb-b29e-68fef013f5a1 [2026-07-30T02:27:44.469540] Deploying "src/gen/FranqueadoService.StatusTarefa_texts.hdbview"... ok (0s 20ms) (STDOUT, APP/TASK/deploy)#
#2026 07 30 02:49:54.232#Z#DEBUG#3ed74488-8bc1-11f1-85f0-eeee0a91cfe7.myfranchise-db-deployer#flowable-async-job-executor-thread-62830#
[PollStageAppStatusExecution] 29787a82-7f21-42fb-b29e-68fef013f5a1 [2026-07-30T02:27:44.469564] Deploying "src/gen/FranqueadoraService.StatusTarefa_texts.hdbview"... (STDOUT, APP/TASK/deploy)#
#2026 07 30 02:49:54.232#Z#DEBUG#3ed74488-8bc1-11f1-85f0-eeee0a91cfe7.myfranchise-db-deployer#flowable-async-job-executor-thread-62830#
[PollStageAppStatusExecution] 29787a82-7f21-42fb-b29e-68fef013f5a1 [2026-07-30T02:27:44.469566] Inserted 4 records of the data source file "myfranchise-StatusRecomendacao.csv" into the target table "MYFRANCHISE_STATUSRECOMENDACAO" (STDOUT, APP/TASK/deploy)#
#2026 07 30 02:49:54.232#Z#DEBUG#3ed74488-8bc1-11f1-85f0-eeee0a91cfe7.myfranchise-db-deployer#flowable-async-job-executor-thread-62830#
[PollStageAppStatusExecution] 29787a82-7f21-42fb-b29e-68fef013f5a1 [2026-07-30T02:27:44.469568] Deploying "src/gen/data/myfranchise-StatusRecomendacao.hdbtabledata$0.expand"... ok (0s 81ms) (STDOUT, APP/TASK/deploy)#
#2026 07 30 02:49:54.232#Z#DEBUG#3ed74488-8bc1-11f1-85f0-eeee0a91cfe7.myfranchise-db-deployer#flowable-async-job-executor-thread-62830#
[PollStageAppStatusExecution] 29787a82-7f21-42fb-b29e-68fef013f5a1 [2026-07-30T02:27:44.469570] Deploying "src/gen/data/myfranchise-StatusUnidade.hdbtabledata$0.expand"... (STDOUT, APP/TASK/deploy)#
#2026 07 30 02:49:54.232#Z#DEBUG#3ed74488-8bc1-11f1-85f0-eeee0a91cfe7.myfranchise-db-deployer#flowable-async-job-executor-thread-62830#
[PollStageAppStatusExecution] 29787a82-7f21-42fb-b29e-68fef013f5a1 [2026-07-30T02:27:44.469572] Expanded from "src/gen/data/myfranchise-StatusUnidade.hdbtabledata" (STDOUT, APP/TASK/deploy)#
#2026 07 30 02:49:54.232#Z#DEBUG#3ed74488-8bc1-11f1-85f0-eeee0a91cfe7.myfranchise-db-deployer#flowable-async-job-executor-thread-62830#
[PollStageAppStatusExecution] 29787a82-7f21-42fb-b29e-68fef013f5a1 [2026-07-30T02:27:44.469574] Deploying "src/gen/FranqueadoraService.StatusTarefa_texts.hdbview"... ok (0s 17ms) (STDOUT, APP/TASK/deploy)#
#2026 07 30 02:49:54.232#Z#DEBUG#3ed74488-8bc1-11f1-85f0-eeee0a91cfe7.myfranchise-db-deployer#flowable-async-job-executor-thread-62830#
[PollStageAppStatusExecution] 29787a82-7f21-42fb-b29e-68fef013f5a1 [2026-07-30T02:27:44.469576] Deploying "src/gen/FranqueadoService.StatusUnidade_texts.hdbview"... (STDOUT, APP/TASK/deploy)#
#2026 07 30 02:49:54.232#Z#DEBUG#3ed74488-8bc1-11f1-85f0-eeee0a91cfe7.myfranchise-db-deployer#flowable-async-job-executor-thread-62830#
[PollStageAppStatusExecution] 29787a82-7f21-42fb-b29e-68fef013f5a1 [2026-07-30T02:27:44.469578] Deploying "src/gen/FranqueadoService.StatusUnidade_texts.hdbview"... ok (0s 19ms) (STDOUT, APP/TASK/deploy)#
#2026 07 30 02:49:54.232#Z#DEBUG#3ed74488-8bc1-11f1-85f0-eeee0a91cfe7.myfranchise-db-deployer#flowable-async-job-executor-thread-62830#
[PollStageAppStatusExecution] 29787a82-7f21-42fb-b29e-68fef013f5a1 [2026-07-30T02:27:44.469580] Deploying "src/gen/FranqueadoraService.StatusUnidade_texts.hdbview"... (STDOUT, APP/TASK/deploy)#
#2026 07 30 02:49:54.232#Z#DEBUG#3ed74488-8bc1-11f1-85f0-eeee0a91cfe7.myfranchise-db-deployer#flowable-async-job-executor-thread-62830#
[PollStageAppStatusExecution] 29787a82-7f21-42fb-b29e-68fef013f5a1 [2026-07-30T02:27:44.469583] Inserted 5 records of the data source file "myfranchise-StatusTarefa.csv" into the target table "MYFRANCHISE_STATUSTAREFA" (STDOUT, APP/TASK/deploy)#
#2026 07 30 02:49:54.232#Z#DEBUG#3ed74488-8bc1-11f1-85f0-eeee0a91cfe7.myfranchise-db-deployer#flowable-async-job-executor-thread-62830#
[PollStageAppStatusExecution] 29787a82-7f21-42fb-b29e-68fef013f5a1 [2026-07-30T02:27:44.469585] Deploying "src/gen/data/myfranchise-StatusTarefa.hdbtabledata$0.expand"... ok (0s 81ms) (STDOUT, APP/TASK/deploy)#
#2026 07 30 02:49:54.232#Z#DEBUG#3ed74488-8bc1-11f1-85f0-eeee0a91cfe7.myfranchise-db-deployer#flowable-async-job-executor-thread-62830#
[PollStageAppStatusExecution] 29787a82-7f21-42fb-b29e-68fef013f5a1 [2026-07-30T02:27:44.469586] Deploying "src/gen/FranqueadoService.MinhasTarefas.hdbview"... (STDOUT, APP/TASK/deploy)#
#2026 07 30 02:49:54.232#Z#DEBUG#3ed74488-8bc1-11f1-85f0-eeee0a91cfe7.myfranchise-db-deployer#flowable-async-job-executor-thread-62830#
[PollStageAppStatusExecution] 29787a82-7f21-42fb-b29e-68fef013f5a1 [2026-07-30T02:27:44.469588] Deploying "src/gen/FranqueadoraService.StatusUnidade_texts.hdbview"... ok (0s 28ms) (STDOUT, APP/TASK/deploy)#
#2026 07 30 02:49:54.232#Z#DEBUG#3ed74488-8bc1-11f1-85f0-eeee0a91cfe7.myfranchise-db-deployer#flowable-async-job-executor-thread-62830#
[PollStageAppStatusExecution] 29787a82-7f21-42fb-b29e-68fef013f5a1 [2026-07-30T02:27:44.469591] Deploying "src/gen/FranqueadoraService.TarefasOnboarding.hdbview"... (STDOUT, APP/TASK/deploy)#
#2026 07 30 02:49:54.232#Z#DEBUG#3ed74488-8bc1-11f1-85f0-eeee0a91cfe7.myfranchise-db-deployer#flowable-async-job-executor-thread-62830#
[PollStageAppStatusExecution] 29787a82-7f21-42fb-b29e-68fef013f5a1 [2026-07-30T02:27:44.469593] Deploying "src/gen/FranqueadoService.MinhasTarefas.hdbview"... ok (0s 23ms) (STDOUT, APP/TASK/deploy)#
#2026 07 30 02:49:54.232#Z#DEBUG#3ed74488-8bc1-11f1-85f0-eeee0a91cfe7.myfranchise-db-deployer#flowable-async-job-executor-thread-62830#
[PollStageAppStatusExecution] 29787a82-7f21-42fb-b29e-68fef013f5a1 [2026-07-30T02:27:44.469594] Deploying "src/gen/data/myfranchise-TipoAlerta.hdbtabledata$0.expand"... (STDOUT, APP/TASK/deploy)#
#2026 07 30 02:49:54.232#Z#DEBUG#3ed74488-8bc1-11f1-85f0-eeee0a91cfe7.myfranchise-db-deployer#flowable-async-job-executor-thread-62830#
[PollStageAppStatusExecution] 29787a82-7f21-42fb-b29e-68fef013f5a1 [2026-07-30T02:27:44.469597] Expanded from "src/gen/data/myfranchise-TipoAlerta.hdbtabledata" (STDOUT, APP/TASK/deploy)#
#2026 07 30 02:49:54.232#Z#DEBUG#3ed74488-8bc1-11f1-85f0-eeee0a91cfe7.myfranchise-db-deployer#flowable-async-job-executor-thread-62830#
[PollStageAppStatusExecution] 29787a82-7f21-42fb-b29e-68fef013f5a1 [2026-07-30T02:27:44.469600] Inserted 4 records of the data source file "myfranchise-StatusUnidade.csv" into the target table "MYFRANCHISE_STATUSUNIDADE" (STDOUT, APP/TASK/deploy)#
#2026 07 30 02:49:54.232#Z#DEBUG#3ed74488-8bc1-11f1-85f0-eeee0a91cfe7.myfranchise-db-deployer#flowable-async-job-executor-thread-62830#
[PollStageAppStatusExecution] 29787a82-7f21-42fb-b29e-68fef013f5a1 [2026-07-30T02:27:44.469602] Deploying "src/gen/data/myfranchise-StatusUnidade.hdbtabledata$0.expand"... ok (0s 83ms) (STDOUT, APP/TASK/deploy)#
#2026 07 30 02:49:54.232#Z#DEBUG#3ed74488-8bc1-11f1-85f0-eeee0a91cfe7.myfranchise-db-deployer#flowable-async-job-executor-thread-62830#
[PollStageAppStatusExecution] 29787a82-7f21-42fb-b29e-68fef013f5a1 [2026-07-30T02:27:44.469603] Deploying "src/gen/FranqueadoService.TipoAlerta_texts.hdbview"... (STDOUT, APP/TASK/deploy)#
#2026 07 30 02:49:54.232#Z#DEBUG#3ed74488-8bc1-11f1-85f0-eeee0a91cfe7.myfranchise-db-deployer#flowable-async-job-executor-thread-62830#
[PollStageAppStatusExecution] 29787a82-7f21-42fb-b29e-68fef013f5a1 [2026-07-30T02:27:44.469605] Deploying "src/gen/FranqueadoraService.TarefasOnboarding.hdbview"... ok (0s 25ms) (STDOUT, APP/TASK/deploy)#
#2026 07 30 02:49:54.232#Z#DEBUG#3ed74488-8bc1-11f1-85f0-eeee0a91cfe7.myfranchise-db-deployer#flowable-async-job-executor-thread-62830#
[PollStageAppStatusExecution] 29787a82-7f21-42fb-b29e-68fef013f5a1 [2026-07-30T02:27:44.469607] Deploying "src/gen/FranqueadoraService.TipoAlerta_texts.hdbview"... (STDOUT, APP/TASK/deploy)#
#2026 07 30 02:49:54.232#Z#DEBUG#3ed74488-8bc1-11f1-85f0-eeee0a91cfe7.myfranchise-db-deployer#flowable-async-job-executor-thread-62830#
[PollStageAppStatusExecution] 29787a82-7f21-42fb-b29e-68fef013f5a1 [2026-07-30T02:27:44.469608] Deploying "src/gen/FranqueadoraService.TipoAlerta_texts.hdbview"... ok (0s 19ms) (STDOUT, APP/TASK/deploy)#
#2026 07 30 02:49:54.232#Z#DEBUG#3ed74488-8bc1-11f1-85f0-eeee0a91cfe7.myfranchise-db-deployer#flowable-async-job-executor-thread-62830#
[PollStageAppStatusExecution] 29787a82-7f21-42fb-b29e-68fef013f5a1 [2026-07-30T02:27:44.469610] Deploying "src/gen/data/myfranchise-TipoDesvio.hdbtabledata$0.expand"... (STDOUT, APP/TASK/deploy)#
#2026 07 30 02:49:54.232#Z#DEBUG#3ed74488-8bc1-11f1-85f0-eeee0a91cfe7.myfranchise-db-deployer#flowable-async-job-executor-thread-62830#
[PollStageAppStatusExecution] 29787a82-7f21-42fb-b29e-68fef013f5a1 [2026-07-30T02:27:44.469612] Expanded from "src/gen/data/myfranchise-TipoDesvio.hdbtabledata" (STDOUT, APP/TASK/deploy)#
#2026 07 30 02:49:54.232#Z#DEBUG#3ed74488-8bc1-11f1-85f0-eeee0a91cfe7.myfranchise-db-deployer#flowable-async-job-executor-thread-62830#
[PollStageAppStatusExecution] 29787a82-7f21-42fb-b29e-68fef013f5a1 [2026-07-30T02:27:44.469614] Deploying "src/gen/FranqueadoService.TipoAlerta_texts.hdbview"... ok (0s 21ms) (STDOUT, APP/TASK/deploy)#
#2026 07 30 02:49:54.232#Z#DEBUG#3ed74488-8bc1-11f1-85f0-eeee0a91cfe7.myfranchise-db-deployer#flowable-async-job-executor-thread-62830#
[PollStageAppStatusExecution] 29787a82-7f21-42fb-b29e-68fef013f5a1 [2026-07-30T02:27:44.469615] Deploying "src/gen/FranqueadoService.TipoDesvio_texts.hdbview"... (STDOUT, APP/TASK/deploy)#
#2026 07 30 02:49:54.232#Z#DEBUG#3ed74488-8bc1-11f1-85f0-eeee0a91cfe7.myfranchise-db-deployer#flowable-async-job-executor-thread-62830#
[PollStageAppStatusExecution] 29787a82-7f21-42fb-b29e-68fef013f5a1 [2026-07-30T02:27:44.469617] Deploying "src/gen/FranqueadoService.TipoDesvio_texts.hdbview"... ok (0s 13ms) (STDOUT, APP/TASK/deploy)#
#2026 07 30 02:49:54.232#Z#DEBUG#3ed74488-8bc1-11f1-85f0-eeee0a91cfe7.myfranchise-db-deployer#flowable-async-job-executor-thread-62830#
[PollStageAppStatusExecution] 29787a82-7f21-42fb-b29e-68fef013f5a1 [2026-07-30T02:27:44.469625] Deploying "src/gen/FranqueadoraService.TipoDesvio_texts.hdbview"... (STDOUT, APP/TASK/deploy)#
#2026 07 30 02:49:54.232#Z#DEBUG#3ed74488-8bc1-11f1-85f0-eeee0a91cfe7.myfranchise-db-deployer#flowable-async-job-executor-thread-62830#
[PollStageAppStatusExecution] 29787a82-7f21-42fb-b29e-68fef013f5a1 [2026-07-30T02:27:44.469627] Deploying "src/gen/FranqueadoraService.TipoDesvio_texts.hdbview"... ok (0s 19ms) (STDOUT, APP/TASK/deploy)#
#2026 07 30 02:49:54.232#Z#DEBUG#3ed74488-8bc1-11f1-85f0-eeee0a91cfe7.myfranchise-db-deployer#flowable-async-job-executor-thread-62830#
[PollStageAppStatusExecution] 29787a82-7f21-42fb-b29e-68fef013f5a1 [2026-07-30T02:27:44.469628] Deploying "src/gen/data/myfranchise-TipoDocumento.hdbtabledata$0.expand"... (STDOUT, APP/TASK/deploy)#
#2026 07 30 02:49:54.232#Z#DEBUG#3ed74488-8bc1-11f1-85f0-eeee0a91cfe7.myfranchise-db-deployer#flowable-async-job-executor-thread-62830#
[PollStageAppStatusExecution] 29787a82-7f21-42fb-b29e-68fef013f5a1 [2026-07-30T02:27:44.470281] Expanded from "src/gen/data/myfranchise-TipoDocumento.hdbtabledata" (STDOUT, APP/TASK/deploy)#
#2026 07 30 02:49:54.232#Z#DEBUG#3ed74488-8bc1-11f1-85f0-eeee0a91cfe7.myfranchise-db-deployer#flowable-async-job-executor-thread-62830#
[PollStageAppStatusExecution] 29787a82-7f21-42fb-b29e-68fef013f5a1 [2026-07-30T02:27:44.470286] Inserted 4 records of the data source file "myfranchise-TipoAlerta.csv" into the target table "MYFRANCHISE_TIPOALERTA" (STDOUT, APP/TASK/deploy)#
#2026 07 30 02:49:54.232#Z#DEBUG#3ed74488-8bc1-11f1-85f0-eeee0a91cfe7.myfranchise-db-deployer#flowable-async-job-executor-thread-62830#
[PollStageAppStatusExecution] 29787a82-7f21-42fb-b29e-68fef013f5a1 [2026-07-30T02:27:44.470287] Deploying "src/gen/data/myfranchise-TipoAlerta.hdbtabledata$0.expand"... ok (0s 82ms) (STDOUT, APP/TASK/deploy)#
#2026 07 30 02:49:54.232#Z#DEBUG#3ed74488-8bc1-11f1-85f0-eeee0a91cfe7.myfranchise-db-deployer#flowable-async-job-executor-thread-62830#
[PollStageAppStatusExecution] 29787a82-7f21-42fb-b29e-68fef013f5a1 [2026-07-30T02:27:44.470289] Deploying "src/gen/FranqueadoService.TipoDocumento_texts.hdbview"... (STDOUT, APP/TASK/deploy)#
#2026 07 30 02:49:54.232#Z#DEBUG#3ed74488-8bc1-11f1-85f0-eeee0a91cfe7.myfranchise-db-deployer#flowable-async-job-executor-thread-62830#
[PollStageAppStatusExecution] 29787a82-7f21-42fb-b29e-68fef013f5a1 [2026-07-30T02:27:44.470327] Deploying "src/gen/FranqueadoService.TipoDocumento_texts.hdbview"... ok (0s 19ms) (STDOUT, APP/TASK/deploy)#
#2026 07 30 02:49:54.232#Z#DEBUG#3ed74488-8bc1-11f1-85f0-eeee0a91cfe7.myfranchise-db-deployer#flowable-async-job-executor-thread-62830#
[PollStageAppStatusExecution] 29787a82-7f21-42fb-b29e-68fef013f5a1 [2026-07-30T02:27:44.470330] Deploying "src/gen/FranqueadoraService.TipoDocumento_texts.hdbview"... (STDOUT, APP/TASK/deploy)#
#2026 07 30 02:49:54.232#Z#DEBUG#3ed74488-8bc1-11f1-85f0-eeee0a91cfe7.myfranchise-db-deployer#flowable-async-job-executor-thread-62830#
[PollStageAppStatusExecution] 29787a82-7f21-42fb-b29e-68fef013f5a1 [2026-07-30T02:27:44.470332] Inserted 3 records of the data source file "myfranchise-TipoDesvio.csv" into the target table "MYFRANCHISE_TIPODESVIO" (STDOUT, APP/TASK/deploy)#
#2026 07 30 02:49:54.232#Z#DEBUG#3ed74488-8bc1-11f1-85f0-eeee0a91cfe7.myfranchise-db-deployer#flowable-async-job-executor-thread-62830#
[PollStageAppStatusExecution] 29787a82-7f21-42fb-b29e-68fef013f5a1 [2026-07-30T02:27:44.470402] Deploying "src/gen/data/myfranchise-TipoDesvio.hdbtabledata$0.expand"... ok (0s 72ms) (STDOUT, APP/TASK/deploy)#
#2026 07 30 02:49:54.232#Z#DEBUG#3ed74488-8bc1-11f1-85f0-eeee0a91cfe7.myfranchise-db-deployer#flowable-async-job-executor-thread-62830#
[PollStageAppStatusExecution] 29787a82-7f21-42fb-b29e-68fef013f5a1 [2026-07-30T02:27:44.470406] Deploying "src/gen/data/myfranchise-TipoRecomendacao.hdbtabledata$0.expand"... (STDOUT, APP/TASK/deploy)#
#2026 07 30 02:49:54.232#Z#DEBUG#3ed74488-8bc1-11f1-85f0-eeee0a91cfe7.myfranchise-db-deployer#flowable-async-job-executor-thread-62830#
[PollStageAppStatusExecution] 29787a82-7f21-42fb-b29e-68fef013f5a1 [2026-07-30T02:27:44.470409] Expanded from "src/gen/data/myfranchise-TipoRecomendacao.hdbtabledata" (STDOUT, APP/TASK/deploy)#
#2026 07 30 02:49:54.232#Z#DEBUG#3ed74488-8bc1-11f1-85f0-eeee0a91cfe7.myfranchise-db-deployer#flowable-async-job-executor-thread-62830#
[PollStageAppStatusExecution] 29787a82-7f21-42fb-b29e-68fef013f5a1 [2026-07-30T02:27:44.470412] Deploying "src/gen/FranqueadoraService.TipoDocumento_texts.hdbview"... ok (0s 16ms) (STDOUT, APP/TASK/deploy)#
#2026 07 30 02:49:54.232#Z#DEBUG#3ed74488-8bc1-11f1-85f0-eeee0a91cfe7.myfranchise-db-deployer#flowable-async-job-executor-thread-62830#
[PollStageAppStatusExecution] 29787a82-7f21-42fb-b29e-68fef013f5a1 [2026-07-30T02:27:44.470415] Deploying "src/gen/FranqueadoService.TipoRecomendacao_texts.hdbview"... (STDOUT, APP/TASK/deploy)#
#2026 07 30 02:49:54.232#Z#DEBUG#3ed74488-8bc1-11f1-85f0-eeee0a91cfe7.myfranchise-db-deployer#flowable-async-job-executor-thread-62830#
[PollStageAppStatusExecution] 29787a82-7f21-42fb-b29e-68fef013f5a1 [2026-07-30T02:27:44.470418] Deploying "src/gen/FranqueadoService.TipoRecomendacao_texts.hdbview"... ok (0s 12ms) (STDOUT, APP/TASK/deploy)#
#2026 07 30 02:49:54.232#Z#DEBUG#3ed74488-8bc1-11f1-85f0-eeee0a91cfe7.myfranchise-db-deployer#flowable-async-job-executor-thread-62830#
[PollStageAppStatusExecution] 29787a82-7f21-42fb-b29e-68fef013f5a1 [2026-07-30T02:27:44.470420] Deploying "src/gen/FranqueadoraService.TipoRecomendacao_texts.hdbview"... (STDOUT, APP/TASK/deploy)#
#2026 07 30 02:49:54.232#Z#DEBUG#3ed74488-8bc1-11f1-85f0-eeee0a91cfe7.myfranchise-db-deployer#flowable-async-job-executor-thread-62830#
[PollStageAppStatusExecution] 29787a82-7f21-42fb-b29e-68fef013f5a1 [2026-07-30T02:27:44.470424] Deploying "src/gen/FranqueadoraService.TipoRecomendacao_texts.hdbview"... ok (0s 19ms) (STDOUT, APP/TASK/deploy)#
#2026 07 30 02:49:54.232#Z#DEBUG#3ed74488-8bc1-11f1-85f0-eeee0a91cfe7.myfranchise-db-deployer#flowable-async-job-executor-thread-62830#
[PollStageAppStatusExecution] 29787a82-7f21-42fb-b29e-68fef013f5a1 [2026-07-30T02:27:44.470426] Deploying "src/gen/data/myfranchise-Unidades.hdbtabledata$0.expand"... (STDOUT, APP/TASK/deploy)#
#2026 07 30 02:49:54.232#Z#DEBUG#3ed74488-8bc1-11f1-85f0-eeee0a91cfe7.myfranchise-db-deployer#flowable-async-job-executor-thread-62830#
[PollStageAppStatusExecution] 29787a82-7f21-42fb-b29e-68fef013f5a1 [2026-07-30T02:27:44.470428] Expanded from "src/gen/data/myfranchise-Unidades.hdbtabledata" (STDOUT, APP/TASK/deploy)#
#2026 07 30 02:49:54.232#Z#DEBUG#3ed74488-8bc1-11f1-85f0-eeee0a91cfe7.myfranchise-db-deployer#flowable-async-job-executor-thread-62830#
[PollStageAppStatusExecution] 29787a82-7f21-42fb-b29e-68fef013f5a1 [2026-07-30T02:27:44.470432] Inserted 5 records of the data source file "myfranchise-TipoDocumento.csv" into the target table "MYFRANCHISE_TIPODOCUMENTO" (STDOUT, APP/TASK/deploy)#
#2026 07 30 02:49:54.232#Z#DEBUG#3ed74488-8bc1-11f1-85f0-eeee0a91cfe7.myfranchise-db-deployer#flowable-async-job-executor-thread-62830#
[PollStageAppStatusExecution] 29787a82-7f21-42fb-b29e-68fef013f5a1 [2026-07-30T02:27:44.470433] Deploying "src/gen/data/myfranchise-TipoDocumento.hdbtabledata$0.expand"... ok (0s 79ms) (STDOUT, APP/TASK/deploy)#
#2026 07 30 02:49:54.232#Z#DEBUG#3ed74488-8bc1-11f1-85f0-eeee0a91cfe7.myfranchise-db-deployer#flowable-async-job-executor-thread-62830#
[PollStageAppStatusExecution] 29787a82-7f21-42fb-b29e-68fef013f5a1 [2026-07-30T02:27:44.470435] Deploying "src/gen/data/myfranchise-VendaPraticada.hdbtabledata$0.expand"... (STDOUT, APP/TASK/deploy)#
#2026 07 30 02:49:54.232#Z#DEBUG#3ed74488-8bc1-11f1-85f0-eeee0a91cfe7.myfranchise-db-deployer#flowable-async-job-executor-thread-62830#
[PollStageAppStatusExecution] 29787a82-7f21-42fb-b29e-68fef013f5a1 [2026-07-30T02:27:44.470437] Expanded from "src/gen/data/myfranchise-VendaPraticada.hdbtabledata" (STDOUT, APP/TASK/deploy)#
#2026 07 30 02:49:54.232#Z#DEBUG#3ed74488-8bc1-11f1-85f0-eeee0a91cfe7.myfranchise-db-deployer#flowable-async-job-executor-thread-62830#
[PollStageAppStatusExecution] 29787a82-7f21-42fb-b29e-68fef013f5a1 [2026-07-30T02:27:44.470438] Inserted 5 records of the data source file "myfranchise-TipoRecomendacao.csv" into the target table "MYFRANCHISE_TIPORECOMENDACAO" (STDOUT, APP/TASK/deploy)#
#2026 07 30 02:49:54.232#Z#DEBUG#3ed74488-8bc1-11f1-85f0-eeee0a91cfe7.myfranchise-db-deployer#flowable-async-job-executor-thread-62830#
[PollStageAppStatusExecution] 29787a82-7f21-42fb-b29e-68fef013f5a1 [2026-07-30T02:27:44.470442] Deploying "src/gen/data/myfranchise-TipoRecomendacao.hdbtabledata$0.expand"... ok (0s 58ms) (STDOUT, APP/TASK/deploy)#
#2026 07 30 02:49:54.232#Z#DEBUG#3ed74488-8bc1-11f1-85f0-eeee0a91cfe7.myfranchise-db-deployer#flowable-async-job-executor-thread-62830#
[PollStageAppStatusExecution] 29787a82-7f21-42fb-b29e-68fef013f5a1 [2026-07-30T02:27:44.470444] Deploying "src/gen/FranqueadoraService.Catalogos.hdbview"... (STDOUT, APP/TASK/deploy)#
#2026 07 30 02:49:54.232#Z#DEBUG#3ed74488-8bc1-11f1-85f0-eeee0a91cfe7.myfranchise-db-deployer#flowable-async-job-executor-thread-62830#
[PollStageAppStatusExecution] 29787a82-7f21-42fb-b29e-68fef013f5a1 [2026-07-30T02:27:44.470445] Deploying "src/gen/FranqueadoraService.Catalogos.hdbview"... ok (0s 15ms) (STDOUT, APP/TASK/deploy)#
#2026 07 30 02:49:54.232#Z#DEBUG#3ed74488-8bc1-11f1-85f0-eeee0a91cfe7.myfranchise-db-deployer#flowable-async-job-executor-thread-62830#
[PollStageAppStatusExecution] 29787a82-7f21-42fb-b29e-68fef013f5a1 [2026-07-30T02:27:44.470447] Deploying "src/gen/FranqueadoService.BenchmarkMeuCluster.hdbview"... (STDOUT, APP/TASK/deploy)#
#2026 07 30 02:49:54.232#Z#DEBUG#3ed74488-8bc1-11f1-85f0-eeee0a91cfe7.myfranchise-db-deployer#flowable-async-job-executor-thread-62830#
[PollStageAppStatusExecution] 29787a82-7f21-42fb-b29e-68fef013f5a1 [2026-07-30T02:27:44.470448] Deploying "src/gen/FranqueadoService.BenchmarkMeuCluster.hdbview"... ok (0s 25ms) (STDOUT, APP/TASK/deploy)#
#2026 07 30 02:49:54.232#Z#DEBUG#3ed74488-8bc1-11f1-85f0-eeee0a91cfe7.myfranchise-db-deployer#flowable-async-job-executor-thread-62830#
[PollStageAppStatusExecution] 29787a82-7f21-42fb-b29e-68fef013f5a1 [2026-07-30T02:27:44.470450] Deploying "src/gen/FranqueadoraService.Benchmark_Cluster.hdbview"... (STDOUT, APP/TASK/deploy)#
#2026 07 30 02:49:54.232#Z#DEBUG#3ed74488-8bc1-11f1-85f0-eeee0a91cfe7.myfranchise-db-deployer#flowable-async-job-executor-thread-62830#
[PollStageAppStatusExecution] 29787a82-7f21-42fb-b29e-68fef013f5a1 [2026-07-30T02:27:44.470452] Inserted 20 records of the data source file "myfranchise-Unidades.csv" into the target table "MYFRANCHISE_UNIDADES" (STDOUT, APP/TASK/deploy)#
#2026 07 30 02:49:54.232#Z#DEBUG#3ed74488-8bc1-11f1-85f0-eeee0a91cfe7.myfranchise-db-deployer#flowable-async-job-executor-thread-62830#
[PollStageAppStatusExecution] 29787a82-7f21-42fb-b29e-68fef013f5a1 [2026-07-30T02:27:44.470454] Deploying "src/gen/data/myfranchise-Unidades.hdbtabledata$0.expand"... ok (0s 72ms) (STDOUT, APP/TASK/deploy)#
#2026 07 30 02:49:54.232#Z#DEBUG#3ed74488-8bc1-11f1-85f0-eeee0a91cfe7.myfranchise-db-deployer#flowable-async-job-executor-thread-62830#
[PollStageAppStatusExecution] 29787a82-7f21-42fb-b29e-68fef013f5a1 [2026-07-30T02:27:44.470455] Deploying "src/gen/FranqueadoService.MeusAlertas.hdbview"... (STDOUT, APP/TASK/deploy)#
#2026 07 30 02:49:54.232#Z#DEBUG#3ed74488-8bc1-11f1-85f0-eeee0a91cfe7.myfranchise-db-deployer#flowable-async-job-executor-thread-62830#
[PollStageAppStatusExecution] 29787a82-7f21-42fb-b29e-68fef013f5a1 [2026-07-30T02:27:44.470457] Inserted 16 records of the data source file "myfranchise-VendaPraticada.csv" into the target table "MYFRANCHISE_VENDAPRATICADA" (STDOUT, APP/TASK/deploy)#
#2026 07 30 02:49:54.232#Z#DEBUG#3ed74488-8bc1-11f1-85f0-eeee0a91cfe7.myfranchise-db-deployer#flowable-async-job-executor-thread-62830#
[PollStageAppStatusExecution] 29787a82-7f21-42fb-b29e-68fef013f5a1 [2026-07-30T02:27:44.470458] Deploying "src/gen/data/myfranchise-VendaPraticada.hdbtabledata$0.expand"... ok (0s 90ms) (STDOUT, APP/TASK/deploy)#
#2026 07 30 02:49:54.232#Z#DEBUG#3ed74488-8bc1-11f1-85f0-eeee0a91cfe7.myfranchise-db-deployer#flowable-async-job-executor-thread-62830#
[PollStageAppStatusExecution] 29787a82-7f21-42fb-b29e-68fef013f5a1 [2026-07-30T02:27:44.470460] Deploying "src/gen/FranqueadoraService.Alertas.hdbview"... (STDOUT, APP/TASK/deploy)#
#2026 07 30 02:49:54.232#Z#DEBUG#3ed74488-8bc1-11f1-85f0-eeee0a91cfe7.myfranchise-db-deployer#flowable-async-job-executor-thread-62830#
[PollStageAppStatusExecution] 29787a82-7f21-42fb-b29e-68fef013f5a1 [2026-07-30T02:27:44.470462] Deploying "src/gen/FranqueadoraService.Benchmark_Cluster.hdbview"... ok (0s 33ms) (STDOUT, APP/TASK/deploy)#
#2026 07 30 02:49:54.232#Z#DEBUG#3ed74488-8bc1-11f1-85f0-eeee0a91cfe7.myfranchise-db-deployer#flowable-async-job-executor-thread-62830#
[PollStageAppStatusExecution] 29787a82-7f21-42fb-b29e-68fef013f5a1 [2026-07-30T02:27:44.470464] Deploying "src/gen/FranqueadoService.Cluster.hdbview"... (STDOUT, APP/TASK/deploy)#
#2026 07 30 02:49:54.232#Z#DEBUG#3ed74488-8bc1-11f1-85f0-eeee0a91cfe7.myfranchise-db-deployer#flowable-async-job-executor-thread-62830#
[PollStageAppStatusExecution] 29787a82-7f21-42fb-b29e-68fef013f5a1 [2026-07-30T02:27:44.470465] Deploying "src/gen/FranqueadoService.MeusAlertas.hdbview"... ok (0s 27ms) (STDOUT, APP/TASK/deploy)#
#2026 07 30 02:49:54.232#Z#DEBUG#3ed74488-8bc1-11f1-85f0-eeee0a91cfe7.myfranchise-db-deployer#flowable-async-job-executor-thread-62830#
[PollStageAppStatusExecution] 29787a82-7f21-42fb-b29e-68fef013f5a1 [2026-07-30T02:27:44.470466] Deploying "src/gen/FranqueadoraService.Cluster.hdbview"... (STDOUT, APP/TASK/deploy)#
#2026 07 30 02:49:54.232#Z#DEBUG#3ed74488-8bc1-11f1-85f0-eeee0a91cfe7.myfranchise-db-deployer#flowable-async-job-executor-thread-62830#
[PollStageAppStatusExecution] 29787a82-7f21-42fb-b29e-68fef013f5a1 [2026-07-30T02:27:44.470468] Deploying "src/gen/FranqueadoraService.Alertas.hdbview"... ok (0s 27ms) (STDOUT, APP/TASK/deploy)#
#2026 07 30 02:49:54.232#Z#DEBUG#3ed74488-8bc1-11f1-85f0-eeee0a91cfe7.myfranchise-db-deployer#flowable-async-job-executor-thread-62830#
[PollStageAppStatusExecution] 29787a82-7f21-42fb-b29e-68fef013f5a1 [2026-07-30T02:27:44.470469] Deploying "src/gen/localized.myfranchise.Cluster.hdbview"... (STDOUT, APP/TASK/deploy)#
#2026 07 30 02:49:54.232#Z#DEBUG#3ed74488-8bc1-11f1-85f0-eeee0a91cfe7.myfranchise-db-deployer#flowable-async-job-executor-thread-62830#
[PollStageAppStatusExecution] 29787a82-7f21-42fb-b29e-68fef013f5a1 [2026-07-30T02:27:44.470470] Deploying "src/gen/FranqueadoService.Cluster.hdbview"... ok (0s 27ms) (STDOUT, APP/TASK/deploy)#
#2026 07 30 02:49:54.232#Z#DEBUG#3ed74488-8bc1-11f1-85f0-eeee0a91cfe7.myfranchise-db-deployer#flowable-async-job-executor-thread-62830#
[PollStageAppStatusExecution] 29787a82-7f21-42fb-b29e-68fef013f5a1 [2026-07-30T02:27:44.470472] Deploying "src/gen/FranqueadoService.MeuContrato.hdbview"... (STDOUT, APP/TASK/deploy)#
#2026 07 30 02:49:54.232#Z#DEBUG#3ed74488-8bc1-11f1-85f0-eeee0a91cfe7.myfranchise-db-deployer#flowable-async-job-executor-thread-62830#
[PollStageAppStatusExecution] 29787a82-7f21-42fb-b29e-68fef013f5a1 [2026-07-30T02:27:44.470476] Deploying "src/gen/FranqueadoraService.Cluster.hdbview"... ok (0s 27ms) (STDOUT, APP/TASK/deploy)#
#2026 07 30 02:49:54.232#Z#DEBUG#3ed74488-8bc1-11f1-85f0-eeee0a91cfe7.myfranchise-db-deployer#flowable-async-job-executor-thread-62830#
[PollStageAppStatusExecution] 29787a82-7f21-42fb-b29e-68fef013f5a1 [2026-07-30T02:27:44.470478] Deploying "src/gen/FranqueadoraService.Contratos_Franquia.hdbview"... (STDOUT, APP/TASK/deploy)#
#2026 07 30 02:49:54.232#Z#DEBUG#3ed74488-8bc1-11f1-85f0-eeee0a91cfe7.myfranchise-db-deployer#flowable-async-job-executor-thread-62830#
[PollStageAppStatusExecution] 29787a82-7f21-42fb-b29e-68fef013f5a1 [2026-07-30T02:27:44.470480] Deploying "src/gen/localized.myfranchise.Cluster.hdbview"... ok (0s 33ms) (STDOUT, APP/TASK/deploy)#
#2026 07 30 02:49:54.232#Z#DEBUG#3ed74488-8bc1-11f1-85f0-eeee0a91cfe7.myfranchise-db-deployer#flowable-async-job-executor-thread-62830#
[PollStageAppStatusExecution] 29787a82-7f21-42fb-b29e-68fef013f5a1 [2026-07-30T02:27:44.470483] Deploying "src/gen/FranqueadoService.MeusDesvios.hdbview"... (STDOUT, APP/TASK/deploy)#
#2026 07 30 02:49:54.232#Z#DEBUG#3ed74488-8bc1-11f1-85f0-eeee0a91cfe7.myfranchise-db-deployer#flowable-async-job-executor-thread-62830#
[PollStageAppStatusExecution] 29787a82-7f21-42fb-b29e-68fef013f5a1 [2026-07-30T02:27:44.470485] Deploying "src/gen/FranqueadoService.MeuContrato.hdbview"... ok (0s 33ms) (STDOUT, APP/TASK/deploy)#
#2026 07 30 02:49:54.232#Z#DEBUG#3ed74488-8bc1-11f1-85f0-eeee0a91cfe7.myfranchise-db-deployer#flowable-async-job-executor-thread-62830#
[PollStageAppStatusExecution] 29787a82-7f21-42fb-b29e-68fef013f5a1 [2026-07-30T02:27:44.470486] Deploying "src/gen/FranqueadoraService.Desvios.hdbview"... (STDOUT, APP/TASK/deploy)#
#2026 07 30 02:49:54.232#Z#DEBUG#3ed74488-8bc1-11f1-85f0-eeee0a91cfe7.myfranchise-db-deployer#flowable-async-job-executor-thread-62830#
[PollStageAppStatusExecution] 29787a82-7f21-42fb-b29e-68fef013f5a1 [2026-07-30T02:27:44.470510] Deploying "src/gen/FranqueadoraService.Contratos_Franquia.hdbview"... ok (0s 33ms) (STDOUT, APP/TASK/deploy)#
#2026 07 30 02:49:54.232#Z#DEBUG#3ed74488-8bc1-11f1-85f0-eeee0a91cfe7.myfranchise-db-deployer#flowable-async-job-executor-thread-62830#
[PollStageAppStatusExecution] 29787a82-7f21-42fb-b29e-68fef013f5a1 [2026-07-30T02:27:44.470512] Deploying "src/gen/FranqueadoraService.Franqueados.hdbview"... (STDOUT, APP/TASK/deploy)#
#2026 07 30 02:49:54.232#Z#DEBUG#3ed74488-8bc1-11f1-85f0-eeee0a91cfe7.myfranchise-db-deployer#flowable-async-job-executor-thread-62830#
[PollStageAppStatusExecution] 29787a82-7f21-42fb-b29e-68fef013f5a1 [2026-07-30T02:27:44.470515] Deploying "src/gen/FranqueadoService.MeusDesvios.hdbview"... ok (0s 34ms) (STDOUT, APP/TASK/deploy)#
#2026 07 30 02:49:54.232#Z#DEBUG#3ed74488-8bc1-11f1-85f0-eeee0a91cfe7.myfranchise-db-deployer#flowable-async-job-executor-thread-62830#
[PollStageAppStatusExecution] 29787a82-7f21-42fb-b29e-68fef013f5a1 [2026-07-30T02:27:44.470517] Deploying "src/gen/FranqueadoraService.ItensCatalogo.hdbview"... (STDOUT, APP/TASK/deploy)#
#2026 07 30 02:49:54.232#Z#DEBUG#3ed74488-8bc1-11f1-85f0-eeee0a91cfe7.myfranchise-db-deployer#flowable-async-job-executor-thread-62830#
[PollStageAppStatusExecution] 29787a82-7f21-42fb-b29e-68fef013f5a1 [2026-07-30T02:27:44.470518] Deploying "src/gen/FranqueadoraService.Desvios.hdbview"... ok (0s 34ms) (STDOUT, APP/TASK/deploy)#
#2026 07 30 02:49:54.232#Z#DEBUG#3ed74488-8bc1-11f1-85f0-eeee0a91cfe7.myfranchise-db-deployer#flowable-async-job-executor-thread-62830#
[PollStageAppStatusExecution] 29787a82-7f21-42fb-b29e-68fef013f5a1 [2026-07-30T02:27:44.470563] Deploying "src/gen/FranqueadoService.MinhasNotificacoes.hdbview"... (STDOUT, APP/TASK/deploy)#
#2026 07 30 02:49:54.232#Z#DEBUG#3ed74488-8bc1-11f1-85f0-eeee0a91cfe7.myfranchise-db-deployer#flowable-async-job-executor-thread-62830#
[PollStageAppStatusExecution] 29787a82-7f21-42fb-b29e-68fef013f5a1 [2026-07-30T02:27:44.470565] Deploying "src/gen/FranqueadoraService.Franqueados.hdbview"... ok (0s 34ms) (STDOUT, APP/TASK/deploy)#
#2026 07 30 02:49:54.232#Z#DEBUG#3ed74488-8bc1-11f1-85f0-eeee0a91cfe7.myfranchise-db-deployer#flowable-async-job-executor-thread-62830#
[PollStageAppStatusExecution] 29787a82-7f21-42fb-b29e-68fef013f5a1 [2026-07-30T02:27:44.470567] Deploying "src/gen/FranqueadoraService.NotificacoesCompliance.hdbview"... (STDOUT, APP/TASK/deploy)#
#2026 07 30 02:49:54.232#Z#DEBUG#3ed74488-8bc1-11f1-85f0-eeee0a91cfe7.myfranchise-db-deployer#flowable-async-job-executor-thread-62830#
[PollStageAppStatusExecution] 29787a82-7f21-42fb-b29e-68fef013f5a1 [2026-07-30T02:27:44.470569] Deploying "src/gen/FranqueadoService.MinhasNotificacoes.hdbview"... ok (0s 30ms) (STDOUT, APP/TASK/deploy)#
#2026 07 30 02:49:54.232#Z#DEBUG#3ed74488-8bc1-11f1-85f0-eeee0a91cfe7.myfranchise-db-deployer#flowable-async-job-executor-thread-62830#
[PollStageAppStatusExecution] 29787a82-7f21-42fb-b29e-68fef013f5a1 [2026-07-30T02:27:44.470570] Deploying "src/gen/FranqueadoService.MeusKPIs.hdbview"... (STDOUT, APP/TASK/deploy)#
#2026 07 30 02:49:54.232#Z#DEBUG#3ed74488-8bc1-11f1-85f0-eeee0a91cfe7.myfranchise-db-deployer#flowable-async-job-executor-thread-62830#
[PollStageAppStatusExecution] 29787a82-7f21-42fb-b29e-68fef013f5a1 [2026-07-30T02:27:44.470574] Deploying "src/gen/FranqueadoraService.ItensCatalogo.hdbview"... ok (0s 31ms) (STDOUT, APP/TASK/deploy)#
#2026 07 30 02:49:54.232#Z#DEBUG#3ed74488-8bc1-11f1-85f0-eeee0a91cfe7.myfranchise-db-deployer#flowable-async-job-executor-thread-62830#
[PollStageAppStatusExecution] 29787a82-7f21-42fb-b29e-68fef013f5a1 [2026-07-30T02:27:44.470576] Deploying "src/gen/FranqueadoraService.KPI_Unidade.hdbview"... (STDOUT, APP/TASK/deploy)#
#2026 07 30 02:49:54.232#Z#DEBUG#3ed74488-8bc1-11f1-85f0-eeee0a91cfe7.myfranchise-db-deployer#flowable-async-job-executor-thread-62830#
[PollStageAppStatusExecution] 29787a82-7f21-42fb-b29e-68fef013f5a1 [2026-07-30T02:27:44.470577] Deploying "src/gen/FranqueadoraService.NotificacoesCompliance.hdbview"... ok (0s 30ms) (STDOUT, APP/TASK/deploy)#
#2026 07 30 02:49:54.232#Z#DEBUG#3ed74488-8bc1-11f1-85f0-eeee0a91cfe7.myfranchise-db-deployer#flowable-async-job-executor-thread-62830#
[PollStageAppStatusExecution] 29787a82-7f21-42fb-b29e-68fef013f5a1 [2026-07-30T02:27:44.470579] Deploying "src/gen/FranqueadoService.Prioridade.hdbview"... (STDOUT, APP/TASK/deploy)#
#2026 07 30 02:49:54.232#Z#DEBUG#3ed74488-8bc1-11f1-85f0-eeee0a91cfe7.myfranchise-db-deployer#flowable-async-job-executor-thread-62830#
[PollStageAppStatusExecution] 29787a82-7f21-42fb-b29e-68fef013f5a1 [2026-07-30T02:27:44.470580] Deploying "src/gen/FranqueadoService.MeusKPIs.hdbview"... ok (0s 32ms) (STDOUT, APP/TASK/deploy)#
#2026 07 30 02:49:54.232#Z#DEBUG#3ed74488-8bc1-11f1-85f0-eeee0a91cfe7.myfranchise-db-deployer#flowable-async-job-executor-thread-62830#
[PollStageAppStatusExecution] 29787a82-7f21-42fb-b29e-68fef013f5a1 [2026-07-30T02:27:44.470582] Deploying "src/gen/FranqueadoraService.Prioridade.hdbview"... (STDOUT, APP/TASK/deploy)#
#2026 07 30 02:49:54.232#Z#DEBUG#3ed74488-8bc1-11f1-85f0-eeee0a91cfe7.myfranchise-db-deployer#flowable-async-job-executor-thread-62830#
[PollStageAppStatusExecution] 29787a82-7f21-42fb-b29e-68fef013f5a1 [2026-07-30T02:27:44.470583] Deploying "src/gen/FranqueadoService.Prioridade.hdbview"... ok (0s 32ms) (STDOUT, APP/TASK/deploy)#
#2026 07 30 02:49:54.232#Z#DEBUG#3ed74488-8bc1-11f1-85f0-eeee0a91cfe7.myfranchise-db-deployer#flowable-async-job-executor-thread-62830#
[PollStageAppStatusExecution] 29787a82-7f21-42fb-b29e-68fef013f5a1 [2026-07-30T02:27:44.470585] Deploying "src/gen/localized.myfranchise.Prioridade.hdbview"... (STDOUT, APP/TASK/deploy)#
#2026 07 30 02:49:54.232#Z#DEBUG#3ed74488-8bc1-11f1-85f0-eeee0a91cfe7.myfranchise-db-deployer#flowable-async-job-executor-thread-62830#
[PollStageAppStatusExecution] 29787a82-7f21-42fb-b29e-68fef013f5a1 [2026-07-30T02:27:44.470588] Deploying "src/gen/FranqueadoraService.KPI_Unidade.hdbview"... ok (0s 33ms) (STDOUT, APP/TASK/deploy)#
#2026 07 30 02:49:54.232#Z#DEBUG#3ed74488-8bc1-11f1-85f0-eeee0a91cfe7.myfranchise-db-deployer#flowable-async-job-executor-thread-62830#
[PollStageAppStatusExecution] 29787a82-7f21-42fb-b29e-68fef013f5a1 [2026-07-30T02:27:44.470589] Deploying "src/gen/FranqueadoService.MinhasRecomendacoes.hdbview"... (STDOUT, APP/TASK/deploy)#
#2026 07 30 02:49:54.232#Z#DEBUG#3ed74488-8bc1-11f1-85f0-eeee0a91cfe7.myfranchise-db-deployer#flowable-async-job-executor-thread-62830#
[PollStageAppStatusExecution] 29787a82-7f21-42fb-b29e-68fef013f5a1 [2026-07-30T02:27:44.470591] Deploying "src/gen/FranqueadoraService.Prioridade.hdbview"... ok (0s 32ms) (STDOUT, APP/TASK/deploy)#
#2026 07 30 02:49:54.232#Z#DEBUG#3ed74488-8bc1-11f1-85f0-eeee0a91cfe7.myfranchise-db-deployer#flowable-async-job-executor-thread-62830#
[PollStageAppStatusExecution] 29787a82-7f21-42fb-b29e-68fef013f5a1 [2026-07-30T02:27:44.470592] Deploying "src/gen/FranqueadoraService.Recomendacoes.hdbview"... (STDOUT, APP/TASK/deploy)#
#2026 07 30 02:49:54.232#Z#DEBUG#3ed74488-8bc1-11f1-85f0-eeee0a91cfe7.myfranchise-db-deployer#flowable-async-job-executor-thread-62830#
[PollStageAppStatusExecution] 29787a82-7f21-42fb-b29e-68fef013f5a1 [2026-07-30T02:27:44.470594] Deploying "src/gen/localized.myfranchise.Prioridade.hdbview"... ok (0s 31ms) (STDOUT, APP/TASK/deploy)#
#2026 07 30 02:49:54.232#Z#DEBUG#3ed74488-8bc1-11f1-85f0-eeee0a91cfe7.myfranchise-db-deployer#flowable-async-job-executor-thread-62830#
[PollStageAppStatusExecution] 29787a82-7f21-42fb-b29e-68fef013f5a1 [2026-07-30T02:27:44.470596] Deploying "src/gen/FranqueadoService.Regiao.hdbview"... (STDOUT, APP/TASK/deploy)#
#2026 07 30 02:49:54.232#Z#DEBUG#3ed74488-8bc1-11f1-85f0-eeee0a91cfe7.myfranchise-db-deployer#flowable-async-job-executor-thread-62830#
[PollStageAppStatusExecution] 29787a82-7f21-42fb-b29e-68fef013f5a1 [2026-07-30T02:27:44.470597] Deploying "src/gen/FranqueadoService.MinhasRecomendacoes.hdbview"... ok (0s 31ms) (STDOUT, APP/TASK/deploy)#
#2026 07 30 02:49:54.232#Z#DEBUG#3ed74488-8bc1-11f1-85f0-eeee0a91cfe7.myfranchise-db-deployer#flowable-async-job-executor-thread-62830#
[PollStageAppStatusExecution] 29787a82-7f21-42fb-b29e-68fef013f5a1 [2026-07-30T02:27:44.470598] Deploying "src/gen/FranqueadoraService.Regiao.hdbview"... (STDOUT, APP/TASK/deploy)#
#2026 07 30 02:49:54.232#Z#DEBUG#3ed74488-8bc1-11f1-85f0-eeee0a91cfe7.myfranchise-db-deployer#flowable-async-job-executor-thread-62830#
[PollStageAppStatusExecution] 29787a82-7f21-42fb-b29e-68fef013f5a1 [2026-07-30T02:27:44.470600] Deploying "src/gen/FranqueadoraService.Recomendacoes.hdbview"... ok (0s 29ms) (STDOUT, APP/TASK/deploy)#
#2026 07 30 02:49:54.232#Z#DEBUG#3ed74488-8bc1-11f1-85f0-eeee0a91cfe7.myfranchise-db-deployer#flowable-async-job-executor-thread-62830#
[PollStageAppStatusExecution] 29787a82-7f21-42fb-b29e-68fef013f5a1 [2026-07-30T02:27:44.470601] Deploying "src/gen/localized.myfranchise.Regiao.hdbview"... (STDOUT, APP/TASK/deploy)#
#2026 07 30 02:49:54.232#Z#DEBUG#3ed74488-8bc1-11f1-85f0-eeee0a91cfe7.myfranchise-db-deployer#flowable-async-job-executor-thread-62830#
[PollStageAppStatusExecution] 29787a82-7f21-42fb-b29e-68fef013f5a1 [2026-07-30T02:27:44.470603] Deploying "src/gen/FranqueadoraService.Regiao.hdbview"... ok (0s 29ms) (STDOUT, APP/TASK/deploy)#
#2026 07 30 02:49:54.232#Z#DEBUG#3ed74488-8bc1-11f1-85f0-eeee0a91cfe7.myfranchise-db-deployer#flowable-async-job-executor-thread-62830#
[PollStageAppStatusExecution] 29787a82-7f21-42fb-b29e-68fef013f5a1 [2026-07-30T02:27:44.470605] Deploying "src/gen/FranqueadoraService.RegrasCompliance.hdbview"... (STDOUT, APP/TASK/deploy)#
#2026 07 30 02:49:54.232#Z#DEBUG#3ed74488-8bc1-11f1-85f0-eeee0a91cfe7.myfranchise-db-deployer#flowable-async-job-executor-thread-62830#
[PollStageAppStatusExecution] 29787a82-7f21-42fb-b29e-68fef013f5a1 [2026-07-30T02:27:44.470607] Deploying "src/gen/FranqueadoService.Regiao.hdbview"... ok (0s 30ms) (STDOUT, APP/TASK/deploy)#
#2026 07 30 02:49:54.232#Z#DEBUG#3ed74488-8bc1-11f1-85f0-eeee0a91cfe7.myfranchise-db-deployer#flowable-async-job-executor-thread-62830#
[PollStageAppStatusExecution] 29787a82-7f21-42fb-b29e-68fef013f5a1 [2026-07-30T02:27:44.470608] Deploying "src/gen/FranqueadoService.MinhaSaude.hdbview"... (STDOUT, APP/TASK/deploy)#
#2026 07 30 02:49:54.232#Z#DEBUG#3ed74488-8bc1-11f1-85f0-eeee0a91cfe7.myfranchise-db-deployer#flowable-async-job-executor-thread-62830#
[PollStageAppStatusExecution] 29787a82-7f21-42fb-b29e-68fef013f5a1 [2026-07-30T02:27:44.470609] Deploying "src/gen/localized.myfranchise.Regiao.hdbview"... ok (0s 33ms) (STDOUT, APP/TASK/deploy)#
#2026 07 30 02:49:54.232#Z#DEBUG#3ed74488-8bc1-11f1-85f0-eeee0a91cfe7.myfranchise-db-deployer#flowable-async-job-executor-thread-62830#
[PollStageAppStatusExecution] 29787a82-7f21-42fb-b29e-68fef013f5a1 [2026-07-30T02:27:44.470611] Deploying "src/gen/FranqueadoraService.Saude_Unidade.hdbview"... (STDOUT, APP/TASK/deploy)#
#2026 07 30 02:49:54.232#Z#DEBUG#3ed74488-8bc1-11f1-85f0-eeee0a91cfe7.myfranchise-db-deployer#flowable-async-job-executor-thread-62830#
[PollStageAppStatusExecution] 29787a82-7f21-42fb-b29e-68fef013f5a1 [2026-07-30T02:27:44.470612] Deploying "src/gen/FranqueadoraService.RegrasCompliance.hdbview"... ok (0s 33ms) (STDOUT, APP/TASK/deploy)#
#2026 07 30 02:49:54.232#Z#DEBUG#3ed74488-8bc1-11f1-85f0-eeee0a91cfe7.myfranchise-db-deployer#flowable-async-job-executor-thread-62830#
[PollStageAppStatusExecution] 29787a82-7f21-42fb-b29e-68fef013f5a1 [2026-07-30T02:27:44.470613] Deploying "src/gen/FranqueadoService.Severidade.hdbview"... (STDOUT, APP/TASK/deploy)#
#2026 07 30 02:49:54.232#Z#DEBUG#3ed74488-8bc1-11f1-85f0-eeee0a91cfe7.myfranchise-db-deployer#flowable-async-job-executor-thread-62830#
[PollStageAppStatusExecution] 29787a82-7f21-42fb-b29e-68fef013f5a1 [2026-07-30T02:27:44.470616] Deploying "src/gen/FranqueadoService.MinhaSaude.hdbview"... ok (0s 33ms) (STDOUT, APP/TASK/deploy)#
#2026 07 30 02:49:54.232#Z#DEBUG#3ed74488-8bc1-11f1-85f0-eeee0a91cfe7.myfranchise-db-deployer#flowable-async-job-executor-thread-62830#
[PollStageAppStatusExecution] 29787a82-7f21-42fb-b29e-68fef013f5a1 [2026-07-30T02:27:44.470617] Deploying "src/gen/FranqueadoraService.Severidade.hdbview"... (STDOUT, APP/TASK/deploy)#
#2026 07 30 02:49:54.232#Z#DEBUG#3ed74488-8bc1-11f1-85f0-eeee0a91cfe7.myfranchise-db-deployer#flowable-async-job-executor-thread-62830#
[PollStageAppStatusExecution] 29787a82-7f21-42fb-b29e-68fef013f5a1 [2026-07-30T02:27:44.470618] Deploying "src/gen/FranqueadoraService.Saude_Unidade.hdbview"... ok (0s 29ms) (STDOUT, APP/TASK/deploy)#
#2026 07 30 02:49:54.232#Z#DEBUG#3ed74488-8bc1-11f1-85f0-eeee0a91cfe7.myfranchise-db-deployer#flowable-async-job-executor-thread-62830#
[PollStageAppStatusExecution] 29787a82-7f21-42fb-b29e-68fef013f5a1 [2026-07-30T02:27:44.470621] Deploying "src/gen/localized.myfranchise.Severidade.hdbview"... (STDOUT, APP/TASK/deploy)#
#2026 07 30 02:49:54.232#Z#DEBUG#3ed74488-8bc1-11f1-85f0-eeee0a91cfe7.myfranchise-db-deployer#flowable-async-job-executor-thread-62830#
[PollStageAppStatusExecution] 29787a82-7f21-42fb-b29e-68fef013f5a1 [2026-07-30T02:27:44.470623] Deploying "src/gen/FranqueadoraService.Severidade.hdbview"... ok (0s 28ms) (STDOUT, APP/TASK/deploy)#
#2026 07 30 02:49:54.232#Z#DEBUG#3ed74488-8bc1-11f1-85f0-eeee0a91cfe7.myfranchise-db-deployer#flowable-async-job-executor-thread-62830#
[PollStageAppStatusExecution] 29787a82-7f21-42fb-b29e-68fef013f5a1 [2026-07-30T02:27:44.470624] Deploying "src/gen/FranqueadoService.StatusAlerta.hdbview"... (STDOUT, APP/TASK/deploy)#
#2026 07 30 02:49:54.232#Z#DEBUG#3ed74488-8bc1-11f1-85f0-eeee0a91cfe7.myfranchise-db-deployer#flowable-async-job-executor-thread-62830#
[PollStageAppStatusExecution] 29787a82-7f21-42fb-b29e-68fef013f5a1 [2026-07-30T02:27:44.470626] Deploying "src/gen/FranqueadoService.Severidade.hdbview"... ok (0s 29ms) (STDOUT, APP/TASK/deploy)#
#2026 07 30 02:49:54.232#Z#DEBUG#3ed74488-8bc1-11f1-85f0-eeee0a91cfe7.myfranchise-db-deployer#flowable-async-job-executor-thread-62830#
[PollStageAppStatusExecution] 29787a82-7f21-42fb-b29e-68fef013f5a1 [2026-07-30T02:27:44.470628] Deploying "src/gen/FranqueadoraService.StatusAlerta.hdbview"... (STDOUT, APP/TASK/deploy)#
#2026 07 30 02:49:54.232#Z#DEBUG#3ed74488-8bc1-11f1-85f0-eeee0a91cfe7.myfranchise-db-deployer#flowable-async-job-executor-thread-62830#
[PollStageAppStatusExecution] 29787a82-7f21-42fb-b29e-68fef013f5a1 [2026-07-30T02:27:44.470629] Deploying "src/gen/localized.myfranchise.Severidade.hdbview"... ok (0s 29ms) (STDOUT, APP/TASK/deploy)#
#2026 07 30 02:49:54.232#Z#DEBUG#3ed74488-8bc1-11f1-85f0-eeee0a91cfe7.myfranchise-db-deployer#flowable-async-job-executor-thread-62830#
[PollStageAppStatusExecution] 29787a82-7f21-42fb-b29e-68fef013f5a1 [2026-07-30T02:27:44.470631] Deploying "src/gen/localized.myfranchise.StatusAlerta.hdbview"... (STDOUT, APP/TASK/deploy)#
#2026 07 30 02:49:54.232#Z#DEBUG#3ed74488-8bc1-11f1-85f0-eeee0a91cfe7.myfranchise-db-deployer#flowable-async-job-executor-thread-62830#
[PollStageAppStatusExecution] 29787a82-7f21-42fb-b29e-68fef013f5a1 [2026-07-30T02:27:44.470632] Deploying "src/gen/FranqueadoService.StatusAlerta.hdbview"... ok (0s 29ms) (STDOUT, APP/TASK/deploy)#
#2026 07 30 02:49:54.232#Z#DEBUG#3ed74488-8bc1-11f1-85f0-eeee0a91cfe7.myfranchise-db-deployer#flowable-async-job-executor-thread-62830#
[PollStageAppStatusExecution] 29787a82-7f21-42fb-b29e-68fef013f5a1 [2026-07-30T02:27:44.470635] Deploying "src/gen/FranqueadoService.StatusAprovacao.hdbview"... (STDOUT, APP/TASK/deploy)#
#2026 07 30 02:49:54.232#Z#DEBUG#3ed74488-8bc1-11f1-85f0-eeee0a91cfe7.myfranchise-db-deployer#flowable-async-job-executor-thread-62830#
[PollStageAppStatusExecution] 29787a82-7f21-42fb-b29e-68fef013f5a1 [2026-07-30T02:27:44.470636] Deploying "src/gen/FranqueadoraService.StatusAlerta.hdbview"... ok (0s 30ms) (STDOUT, APP/TASK/deploy)#
#2026 07 30 02:49:54.232#Z#DEBUG#3ed74488-8bc1-11f1-85f0-eeee0a91cfe7.myfranchise-db-deployer#flowable-async-job-executor-thread-62830#
[PollStageAppStatusExecution] 29787a82-7f21-42fb-b29e-68fef013f5a1 [2026-07-30T02:27:44.470638] Deploying "src/gen/FranqueadoraService.StatusAprovacao.hdbview"... (STDOUT, APP/TASK/deploy)#
#2026 07 30 02:49:54.232#Z#DEBUG#3ed74488-8bc1-11f1-85f0-eeee0a91cfe7.myfranchise-db-deployer#flowable-async-job-executor-thread-62830#
[PollStageAppStatusExecution] 29787a82-7f21-42fb-b29e-68fef013f5a1 [2026-07-30T02:27:44.470640] Deploying "src/gen/localized.myfranchise.StatusAlerta.hdbview"... ok (0s 32ms) (STDOUT, APP/TASK/deploy)#
#2026 07 30 02:49:54.232#Z#DEBUG#3ed74488-8bc1-11f1-85f0-eeee0a91cfe7.myfranchise-db-deployer#flowable-async-job-executor-thread-62830#
[PollStageAppStatusExecution] 29787a82-7f21-42fb-b29e-68fef013f5a1 [2026-07-30T02:27:44.470642] Deploying "src/gen/localized.myfranchise.StatusAprovacao.hdbview"... (STDOUT, APP/TASK/deploy)#
#2026 07 30 02:49:54.232#Z#DEBUG#3ed74488-8bc1-11f1-85f0-eeee0a91cfe7.myfranchise-db-deployer#flowable-async-job-executor-thread-62830#
[PollStageAppStatusExecution] 29787a82-7f21-42fb-b29e-68fef013f5a1 [2026-07-30T02:27:44.470643] Deploying "src/gen/FranqueadoService.StatusAprovacao.hdbview"... ok (0s 31ms) (STDOUT, APP/TASK/deploy)#
#2026 07 30 02:49:54.232#Z#DEBUG#3ed74488-8bc1-11f1-85f0-eeee0a91cfe7.myfranchise-db-deployer#flowable-async-job-executor-thread-62830#
[PollStageAppStatusExecution] 29787a82-7f21-42fb-b29e-68fef013f5a1 [2026-07-30T02:27:44.470646] Deploying "src/gen/FranqueadoraService.StatusCatalogo.hdbview"... (STDOUT, APP/TASK/deploy)#
#2026 07 30 02:49:54.232#Z#DEBUG#3ed74488-8bc1-11f1-85f0-eeee0a91cfe7.myfranchise-db-deployer#flowable-async-job-executor-thread-62830#
[PollStageAppStatusExecution] 29787a82-7f21-42fb-b29e-68fef013f5a1 [2026-07-30T02:27:44.470649] Deploying "src/gen/FranqueadoraService.StatusAprovacao.hdbview"... ok (0s 31ms) (STDOUT, APP/TASK/deploy)#
#2026 07 30 02:49:54.232#Z#DEBUG#3ed74488-8bc1-11f1-85f0-eeee0a91cfe7.myfranchise-db-deployer#flowable-async-job-executor-thread-62830#
[PollStageAppStatusExecution] 29787a82-7f21-42fb-b29e-68fef013f5a1 [2026-07-30T02:27:44.470653] Deploying "src/gen/localized.myfranchise.StatusCatalogo.hdbview"... (STDOUT, APP/TASK/deploy)#
#2026 07 30 02:49:54.232#Z#DEBUG#3ed74488-8bc1-11f1-85f0-eeee0a91cfe7.myfranchise-db-deployer#flowable-async-job-executor-thread-62830#
[PollStageAppStatusExecution] 29787a82-7f21-42fb-b29e-68fef013f5a1 [2026-07-30T02:27:44.470656] Deploying "src/gen/localized.myfranchise.StatusAprovacao.hdbview"... ok (0s 36ms) (STDOUT, APP/TASK/deploy)#
#2026 07 30 02:49:54.232#Z#DEBUG#3ed74488-8bc1-11f1-85f0-eeee0a91cfe7.myfranchise-db-deployer#flowable-async-job-executor-thread-62830#
[PollStageAppStatusExecution] 29787a82-7f21-42fb-b29e-68fef013f5a1 [2026-07-30T02:27:44.470658] Deploying "src/gen/FranqueadoService.StatusContrato.hdbview"... (STDOUT, APP/TASK/deploy)#
#2026 07 30 02:49:54.232#Z#DEBUG#3ed74488-8bc1-11f1-85f0-eeee0a91cfe7.myfranchise-db-deployer#flowable-async-job-executor-thread-62830#
[PollStageAppStatusExecution] 29787a82-7f21-42fb-b29e-68fef013f5a1 [2026-07-30T02:27:44.470660] Deploying "src/gen/FranqueadoraService.StatusCatalogo.hdbview"... ok (0s 35ms) (STDOUT, APP/TASK/deploy)#
#2026 07 30 02:49:54.232#Z#DEBUG#3ed74488-8bc1-11f1-85f0-eeee0a91cfe7.myfranchise-db-deployer#flowable-async-job-executor-thread-62830#
[PollStageAppStatusExecution] 29787a82-7f21-42fb-b29e-68fef013f5a1 [2026-07-30T02:27:44.470662] Deploying "src/gen/FranqueadoraService.StatusContrato.hdbview"... (STDOUT, APP/TASK/deploy)#
#2026 07 30 02:49:54.232#Z#DEBUG#3ed74488-8bc1-11f1-85f0-eeee0a91cfe7.myfranchise-db-deployer#flowable-async-job-executor-thread-62830#
[PollStageAppStatusExecution] 29787a82-7f21-42fb-b29e-68fef013f5a1 [2026-07-30T02:27:44.470702] Deploying "src/gen/localized.myfranchise.StatusCatalogo.hdbview"... ok (0s 36ms) (STDOUT, APP/TASK/deploy)#
#2026 07 30 02:49:54.232#Z#DEBUG#3ed74488-8bc1-11f1-85f0-eeee0a91cfe7.myfranchise-db-deployer#flowable-async-job-executor-thread-62830#
[PollStageAppStatusExecution] 29787a82-7f21-42fb-b29e-68fef013f5a1 [2026-07-30T02:27:44.470706] Deploying "src/gen/localized.myfranchise.StatusContrato.hdbview"... (STDOUT, APP/TASK/deploy)#
#2026 07 30 02:49:54.232#Z#DEBUG#3ed74488-8bc1-11f1-85f0-eeee0a91cfe7.myfranchise-db-deployer#flowable-async-job-executor-thread-62830#
[PollStageAppStatusExecution] 29787a82-7f21-42fb-b29e-68fef013f5a1 [2026-07-30T02:27:44.470710] Deploying "src/gen/FranqueadoService.StatusContrato.hdbview"... ok (0s 32ms) (STDOUT, APP/TASK/deploy)#
#2026 07 30 02:49:54.232#Z#DEBUG#3ed74488-8bc1-11f1-85f0-eeee0a91cfe7.myfranchise-db-deployer#flowable-async-job-executor-thread-62830#
[PollStageAppStatusExecution] 29787a82-7f21-42fb-b29e-68fef013f5a1 [2026-07-30T02:27:44.470712] Deploying "src/gen/FranqueadoService.StatusDesvio.hdbview"... (STDOUT, APP/TASK/deploy)#
#2026 07 30 02:49:54.232#Z#DEBUG#3ed74488-8bc1-11f1-85f0-eeee0a91cfe7.myfranchise-db-deployer#flowable-async-job-executor-thread-62830#
[PollStageAppStatusExecution] 29787a82-7f21-42fb-b29e-68fef013f5a1 [2026-07-30T02:27:44.470717] Deploying "src/gen/FranqueadoraService.StatusContrato.hdbview"... ok (0s 33ms) (STDOUT, APP/TASK/deploy)#
#2026 07 30 02:49:54.232#Z#DEBUG#3ed74488-8bc1-11f1-85f0-eeee0a91cfe7.myfranchise-db-deployer#flowable-async-job-executor-thread-62830#
[PollStageAppStatusExecution] 29787a82-7f21-42fb-b29e-68fef013f5a1 [2026-07-30T02:27:44.470720] Deploying "src/gen/FranqueadoraService.StatusDesvio.hdbview"... (STDOUT, APP/TASK/deploy)#
#2026 07 30 02:49:54.232#Z#DEBUG#3ed74488-8bc1-11f1-85f0-eeee0a91cfe7.myfranchise-db-deployer#flowable-async-job-executor-thread-62830#
[PollStageAppStatusExecution] 29787a82-7f21-42fb-b29e-68fef013f5a1 [2026-07-30T02:27:44.470723] Deploying "src/gen/localized.myfranchise.StatusContrato.hdbview"... ok (0s 32ms) (STDOUT, APP/TASK/deploy)#
#2026 07 30 02:49:54.232#Z#DEBUG#3ed74488-8bc1-11f1-85f0-eeee0a91cfe7.myfranchise-db-deployer#flowable-async-job-executor-thread-62830#
[PollStageAppStatusExecution] 29787a82-7f21-42fb-b29e-68fef013f5a1 [2026-07-30T02:27:44.470725] Deploying "src/gen/localized.myfranchise.StatusDesvio.hdbview"... (STDOUT, APP/TASK/deploy)#
#2026 07 30 02:49:54.232#Z#DEBUG#3ed74488-8bc1-11f1-85f0-eeee0a91cfe7.myfranchise-db-deployer#flowable-async-job-executor-thread-62830#
[PollStageAppStatusExecution] 29787a82-7f21-42fb-b29e-68fef013f5a1 [2026-07-30T02:27:44.470726] Deploying "src/gen/FranqueadoraService.StatusDesvio.hdbview"... ok (0s 31ms) (STDOUT, APP/TASK/deploy)#
#2026 07 30 02:49:54.232#Z#DEBUG#3ed74488-8bc1-11f1-85f0-eeee0a91cfe7.myfranchise-db-deployer#flowable-async-job-executor-thread-62830#
[PollStageAppStatusExecution] 29787a82-7f21-42fb-b29e-68fef013f5a1 [2026-07-30T02:27:44.470728] Deploying "src/gen/FranqueadoService.StatusDocumento.hdbview"... (STDOUT, APP/TASK/deploy)#
#2026 07 30 02:49:54.232#Z#DEBUG#3ed74488-8bc1-11f1-85f0-eeee0a91cfe7.myfranchise-db-deployer#flowable-async-job-executor-thread-62830#
[PollStageAppStatusExecution] 29787a82-7f21-42fb-b29e-68fef013f5a1 [2026-07-30T02:27:44.470739] Deploying "src/gen/FranqueadoService.StatusDesvio.hdbview"... ok (0s 32ms) (STDOUT, APP/TASK/deploy)#
#2026 07 30 02:49:54.232#Z#DEBUG#3ed74488-8bc1-11f1-85f0-eeee0a91cfe7.myfranchise-db-deployer#flowable-async-job-executor-thread-62830#
[PollStageAppStatusExecution] 29787a82-7f21-42fb-b29e-68fef013f5a1 [2026-07-30T02:27:44.470741] Deploying "src/gen/FranqueadoraService.StatusDocumento.hdbview"... (STDOUT, APP/TASK/deploy)#
#2026 07 30 02:49:54.232#Z#DEBUG#3ed74488-8bc1-11f1-85f0-eeee0a91cfe7.myfranchise-db-deployer#flowable-async-job-executor-thread-62830#
[PollStageAppStatusExecution] 29787a82-7f21-42fb-b29e-68fef013f5a1 [2026-07-30T02:27:44.470742] Deploying "src/gen/localized.myfranchise.StatusDesvio.hdbview"... ok (0s 32ms) (STDOUT, APP/TASK/deploy)#
#2026 07 30 02:49:54.232#Z#DEBUG#3ed74488-8bc1-11f1-85f0-eeee0a91cfe7.myfranchise-db-deployer#flowable-async-job-executor-thread-62830#
[PollStageAppStatusExecution] 29787a82-7f21-42fb-b29e-68fef013f5a1 [2026-07-30T02:27:44.470744] Deploying "src/gen/localized.myfranchise.StatusDocumento.hdbview"... (STDOUT, APP/TASK/deploy)#
#2026 07 30 02:49:54.232#Z#DEBUG#3ed74488-8bc1-11f1-85f0-eeee0a91cfe7.myfranchise-db-deployer#flowable-async-job-executor-thread-62830#
[PollStageAppStatusExecution] 29787a82-7f21-42fb-b29e-68fef013f5a1 [2026-07-30T02:27:44.470746] Deploying "src/gen/FranqueadoService.StatusDocumento.hdbview"... ok (0s 33ms) (STDOUT, APP/TASK/deploy)#
#2026 07 30 02:49:54.232#Z#DEBUG#3ed74488-8bc1-11f1-85f0-eeee0a91cfe7.myfranchise-db-deployer#flowable-async-job-executor-thread-62830#
[PollStageAppStatusExecution] 29787a82-7f21-42fb-b29e-68fef013f5a1 [2026-07-30T02:27:44.470748] Deploying "src/gen/FranqueadoraService.StatusFranqueado.hdbview"... (STDOUT, APP/TASK/deploy)#
#2026 07 30 02:49:54.232#Z#DEBUG#3ed74488-8bc1-11f1-85f0-eeee0a91cfe7.myfranchise-db-deployer#flowable-async-job-executor-thread-62830#
[PollStageAppStatusExecution] 29787a82-7f21-42fb-b29e-68fef013f5a1 [2026-07-30T02:27:44.470750] Deploying "src/gen/localized.myfranchise.StatusDocumento.hdbview"... ok (0s 34ms) (STDOUT, APP/TASK/deploy)#
#2026 07 30 02:49:54.232#Z#DEBUG#3ed74488-8bc1-11f1-85f0-eeee0a91cfe7.myfranchise-db-deployer#flowable-async-job-executor-thread-62830#
[PollStageAppStatusExecution] 29787a82-7f21-42fb-b29e-68fef013f5a1 [2026-07-30T02:27:44.470751] Deploying "src/gen/localized.myfranchise.StatusFranqueado.hdbview"... (STDOUT, APP/TASK/deploy)#
#2026 07 30 02:49:54.232#Z#DEBUG#3ed74488-8bc1-11f1-85f0-eeee0a91cfe7.myfranchise-db-deployer#flowable-async-job-executor-thread-62830#
[PollStageAppStatusExecution] 29787a82-7f21-42fb-b29e-68fef013f5a1 [2026-07-30T02:27:44.470756] Deploying "src/gen/FranqueadoraService.StatusDocumento.hdbview"... ok (0s 35ms) (STDOUT, APP/TASK/deploy)#
#2026 07 30 02:49:54.232#Z#DEBUG#3ed74488-8bc1-11f1-85f0-eeee0a91cfe7.myfranchise-db-deployer#flowable-async-job-executor-thread-62830#
[PollStageAppStatusExecution] 29787a82-7f21-42fb-b29e-68fef013f5a1 [2026-07-30T02:27:44.470758] Deploying "src/gen/FranqueadoService.StatusKPI.hdbview"... (STDOUT, APP/TASK/deploy)#
#2026 07 30 02:49:54.232#Z#DEBUG#3ed74488-8bc1-11f1-85f0-eeee0a91cfe7.myfranchise-db-deployer#flowable-async-job-executor-thread-62830#
[PollStageAppStatusExecution] 29787a82-7f21-42fb-b29e-68fef013f5a1 [2026-07-30T02:27:44.470759] Deploying "src/gen/FranqueadoraService.StatusFranqueado.hdbview"... ok (0s 29ms) (STDOUT, APP/TASK/deploy)#
#2026 07 30 02:49:54.232#Z#DEBUG#3ed74488-8bc1-11f1-85f0-eeee0a91cfe7.myfranchise-db-deployer#flowable-async-job-executor-thread-62830#
[PollStageAppStatusExecution] 29787a82-7f21-42fb-b29e-68fef013f5a1 [2026-07-30T02:27:44.470761] Deploying "src/gen/FranqueadoraService.StatusKPI.hdbview"... (STDOUT, APP/TASK/deploy)#
#2026 07 30 02:49:54.232#Z#DEBUG#3ed74488-8bc1-11f1-85f0-eeee0a91cfe7.myfranchise-db-deployer#flowable-async-job-executor-thread-62830#
[PollStageAppStatusExecution] 29787a82-7f21-42fb-b29e-68fef013f5a1 [2026-07-30T02:27:44.470762] Deploying "src/gen/localized.myfranchise.StatusFranqueado.hdbview"... ok (0s 29ms) (STDOUT, APP/TASK/deploy)#
#2026 07 30 02:49:54.232#Z#DEBUG#3ed74488-8bc1-11f1-85f0-eeee0a91cfe7.myfranchise-db-deployer#flowable-async-job-executor-thread-62830#
[PollStageAppStatusExecution] 29787a82-7f21-42fb-b29e-68fef013f5a1 [2026-07-30T02:27:44.470764] Deploying "src/gen/localized.myfranchise.StatusKPI.hdbview"... (STDOUT, APP/TASK/deploy)#
#2026 07 30 02:49:54.232#Z#DEBUG#3ed74488-8bc1-11f1-85f0-eeee0a91cfe7.myfranchise-db-deployer#flowable-async-job-executor-thread-62830#
[PollStageAppStatusExecution] 29787a82-7f21-42fb-b29e-68fef013f5a1 [2026-07-30T02:27:44.470767] Deploying "src/gen/FranqueadoService.StatusKPI.hdbview"... ok (0s 29ms) (STDOUT, APP/TASK/deploy)#
#2026 07 30 02:49:54.232#Z#DEBUG#3ed74488-8bc1-11f1-85f0-eeee0a91cfe7.myfranchise-db-deployer#flowable-async-job-executor-thread-62830#
[PollStageAppStatusExecution] 29787a82-7f21-42fb-b29e-68fef013f5a1 [2026-07-30T02:27:44.470768] Deploying "src/gen/FranqueadoService.StatusNotificacao.hdbview"... (STDOUT, APP/TASK/deploy)#
#2026 07 30 02:49:54.232#Z#DEBUG#3ed74488-8bc1-11f1-85f0-eeee0a91cfe7.myfranchise-db-deployer#flowable-async-job-executor-thread-62830#
[PollStageAppStatusExecution] 29787a82-7f21-42fb-b29e-68fef013f5a1 [2026-07-30T02:27:44.470769] Deploying "src/gen/FranqueadoraService.StatusKPI.hdbview"... ok (0s 29ms) (STDOUT, APP/TASK/deploy)#
#2026 07 30 02:49:54.232#Z#DEBUG#3ed74488-8bc1-11f1-85f0-eeee0a91cfe7.myfranchise-db-deployer#flowable-async-job-executor-thread-62830#
[PollStageAppStatusExecution] 29787a82-7f21-42fb-b29e-68fef013f5a1 [2026-07-30T02:27:44.470771] Deploying "src/gen/FranqueadoraService.StatusNotificacao.hdbview"... (STDOUT, APP/TASK/deploy)#
#2026 07 30 02:49:54.232#Z#DEBUG#3ed74488-8bc1-11f1-85f0-eeee0a91cfe7.myfranchise-db-deployer#flowable-async-job-executor-thread-62830#
[PollStageAppStatusExecution] 29787a82-7f21-42fb-b29e-68fef013f5a1 [2026-07-30T02:27:44.470773] Deploying "src/gen/localized.myfranchise.StatusKPI.hdbview"... ok (0s 29ms) (STDOUT, APP/TASK/deploy)#
#2026 07 30 02:49:54.232#Z#DEBUG#3ed74488-8bc1-11f1-85f0-eeee0a91cfe7.myfranchise-db-deployer#flowable-async-job-executor-thread-62830#
[PollStageAppStatusExecution] 29787a82-7f21-42fb-b29e-68fef013f5a1 [2026-07-30T02:27:44.470774] Deploying "src/gen/localized.myfranchise.StatusNotificacao.hdbview"... (STDOUT, APP/TASK/deploy)#
#2026 07 30 02:49:54.232#Z#DEBUG#3ed74488-8bc1-11f1-85f0-eeee0a91cfe7.myfranchise-db-deployer#flowable-async-job-executor-thread-62830#
[PollStageAppStatusExecution] 29787a82-7f21-42fb-b29e-68fef013f5a1 [2026-07-30T02:27:44.470776] Deploying "src/gen/FranqueadoService.StatusNotificacao.hdbview"... ok (0s 29ms) (STDOUT, APP/TASK/deploy)#
#2026 07 30 02:49:54.232#Z#DEBUG#3ed74488-8bc1-11f1-85f0-eeee0a91cfe7.myfranchise-db-deployer#flowable-async-job-executor-thread-62830#
[PollStageAppStatusExecution] 29787a82-7f21-42fb-b29e-68fef013f5a1 [2026-07-30T02:27:44.470777] Deploying "src/gen/FranqueadoService.StatusOnboarding.hdbview"... (STDOUT, APP/TASK/deploy)#
#2026 07 30 02:49:54.232#Z#DEBUG#3ed74488-8bc1-11f1-85f0-eeee0a91cfe7.myfranchise-db-deployer#flowable-async-job-executor-thread-62830#
[PollStageAppStatusExecution] 29787a82-7f21-42fb-b29e-68fef013f5a1 [2026-07-30T02:27:44.470779] Deploying "src/gen/FranqueadoraService.StatusNotificacao.hdbview"... ok (0s 29ms) (STDOUT, APP/TASK/deploy)#
#2026 07 30 02:49:54.232#Z#DEBUG#3ed74488-8bc1-11f1-85f0-eeee0a91cfe7.myfranchise-db-deployer#flowable-async-job-executor-thread-62830#
[PollStageAppStatusExecution] 29787a82-7f21-42fb-b29e-68fef013f5a1 [2026-07-30T02:27:44.470781] Deploying "src/gen/FranqueadoraService.StatusOnboarding.hdbview"... (STDOUT, APP/TASK/deploy)#
#2026 07 30 02:49:54.232#Z#DEBUG#3ed74488-8bc1-11f1-85f0-eeee0a91cfe7.myfranchise-db-deployer#flowable-async-job-executor-thread-62830#
[PollStageAppStatusExecution] 29787a82-7f21-42fb-b29e-68fef013f5a1 [2026-07-30T02:27:44.470782] Deploying "src/gen/FranqueadoService.StatusOnboarding.hdbview"... ok (0s 29ms) (STDOUT, APP/TASK/deploy)#
#2026 07 30 02:49:54.232#Z#DEBUG#3ed74488-8bc1-11f1-85f0-eeee0a91cfe7.myfranchise-db-deployer#flowable-async-job-executor-thread-62830#
[PollStageAppStatusExecution] 29787a82-7f21-42fb-b29e-68fef013f5a1 [2026-07-30T02:27:44.470784] Deploying "src/gen/localized.myfranchise.StatusOnboarding.hdbview"... (STDOUT, APP/TASK/deploy)#
#2026 07 30 02:49:54.232#Z#DEBUG#3ed74488-8bc1-11f1-85f0-eeee0a91cfe7.myfranchise-db-deployer#flowable-async-job-executor-thread-62830#
[PollStageAppStatusExecution] 29787a82-7f21-42fb-b29e-68fef013f5a1 [2026-07-30T02:27:44.470786] Deploying "src/gen/localized.myfranchise.StatusNotificacao.hdbview"... ok (0s 29ms) (STDOUT, APP/TASK/deploy)#
#2026 07 30 02:49:54.232#Z#DEBUG#3ed74488-8bc1-11f1-85f0-eeee0a91cfe7.myfranchise-db-deployer#flowable-async-job-executor-thread-62830#
[PollStageAppStatusExecution] 29787a82-7f21-42fb-b29e-68fef013f5a1 [2026-07-30T02:27:44.470787] Deploying "src/gen/FranqueadoService.StatusRecomendacao.hdbview"... (STDOUT, APP/TASK/deploy)#
#2026 07 30 02:49:54.232#Z#DEBUG#3ed74488-8bc1-11f1-85f0-eeee0a91cfe7.myfranchise-db-deployer#flowable-async-job-executor-thread-62830#
[PollStageAppStatusExecution] 29787a82-7f21-42fb-b29e-68fef013f5a1 [2026-07-30T02:27:44.470789] Deploying "src/gen/FranqueadoraService.StatusOnboarding.hdbview"... ok (0s 29ms) (STDOUT, APP/TASK/deploy)#
#2026 07 30 02:49:54.232#Z#DEBUG#3ed74488-8bc1-11f1-85f0-eeee0a91cfe7.myfranchise-db-deployer#flowable-async-job-executor-thread-62830#
[PollStageAppStatusExecution] 29787a82-7f21-42fb-b29e-68fef013f5a1 [2026-07-30T02:27:44.470790] Deploying "src/gen/FranqueadoraService.StatusRecomendacao.hdbview"... (STDOUT, APP/TASK/deploy)#
#2026 07 30 02:49:54.232#Z#DEBUG#3ed74488-8bc1-11f1-85f0-eeee0a91cfe7.myfranchise-db-deployer#flowable-async-job-executor-thread-62830#
[PollStageAppStatusExecution] 29787a82-7f21-42fb-b29e-68fef013f5a1 [2026-07-30T02:27:44.470792] Deploying "src/gen/FranqueadoService.StatusRecomendacao.hdbview"... ok (0s 28ms) (STDOUT, APP/TASK/deploy)#
#2026 07 30 02:49:54.232#Z#DEBUG#3ed74488-8bc1-11f1-85f0-eeee0a91cfe7.myfranchise-db-deployer#flowable-async-job-executor-thread-62830#
[PollStageAppStatusExecution] 29787a82-7f21-42fb-b29e-68fef013f5a1 [2026-07-30T02:27:44.470793] Deploying "src/gen/localized.myfranchise.StatusOnboarding.hdbview"... ok (0s 30ms) (STDOUT, APP/TASK/deploy)#
#2026 07 30 02:49:54.233#Z#DEBUG#3ed74488-8bc1-11f1-85f0-eeee0a91cfe7.myfranchise-db-deployer#flowable-async-job-executor-thread-62830#
[PollStageAppStatusExecution] 29787a82-7f21-42fb-b29e-68fef013f5a1 [2026-07-30T02:27:45.480320] Deploying "src/gen/FranqueadoService.StatusTarefa.hdbview"... (STDOUT, APP/TASK/deploy)#
#2026 07 30 02:49:54.233#Z#DEBUG#3ed74488-8bc1-11f1-85f0-eeee0a91cfe7.myfranchise-db-deployer#flowable-async-job-executor-thread-62830#
[PollStageAppStatusExecution] 29787a82-7f21-42fb-b29e-68fef013f5a1 [2026-07-30T02:27:45.480337] Deploying "src/gen/FranqueadoraService.StatusRecomendacao.hdbview"... ok (0s 30ms) (STDOUT, APP/TASK/deploy)#
#2026 07 30 02:49:54.233#Z#DEBUG#3ed74488-8bc1-11f1-85f0-eeee0a91cfe7.myfranchise-db-deployer#flowable-async-job-executor-thread-62830#
[PollStageAppStatusExecution] 29787a82-7f21-42fb-b29e-68fef013f5a1 [2026-07-30T02:27:45.480345] Deploying "src/gen/FranqueadoraService.StatusTarefa.hdbview"... (STDOUT, APP/TASK/deploy)#
#2026 07 30 02:49:54.233#Z#DEBUG#3ed74488-8bc1-11f1-85f0-eeee0a91cfe7.myfranchise-db-deployer#flowable-async-job-executor-thread-62830#
[PollStageAppStatusExecution] 29787a82-7f21-42fb-b29e-68fef013f5a1 [2026-07-30T02:27:45.480354] Deploying "src/gen/localized.myfranchise.StatusRecomendacao.hdbview"... ok (STDOUT, APP/TASK/deploy)#
#2026 07 30 02:49:54.233#Z#DEBUG#3ed74488-8bc1-11f1-85f0-eeee0a91cfe7.myfranchise-db-deployer#flowable-async-job-executor-thread-62830#
[PollStageAppStatusExecution] 29787a82-7f21-42fb-b29e-68fef013f5a1 [2026-07-30T02:27:45.480358] Deploying "src/gen/localized.myfranchise.StatusTarefa.hdbview"... (STDOUT, APP/TASK/deploy)#
#2026 07 30 02:49:54.233#Z#DEBUG#3ed74488-8bc1-11f1-85f0-eeee0a91cfe7.myfranchise-db-deployer#flowable-async-job-executor-thread-62830#
[PollStageAppStatusExecution] 29787a82-7f21-42fb-b29e-68fef013f5a1 [2026-07-30T02:27:45.480360] Deploying "src/gen/FranqueadoService.StatusTarefa.hdbview"... ok (0s 30ms) (STDOUT, APP/TASK/deploy)#
#2026 07 30 02:49:54.233#Z#DEBUG#3ed74488-8bc1-11f1-85f0-eeee0a91cfe7.myfranchise-db-deployer#flowable-async-job-executor-thread-62830#
[PollStageAppStatusExecution] 29787a82-7f21-42fb-b29e-68fef013f5a1 [2026-07-30T02:27:45.480362] Deploying "src/gen/FranqueadoService.StatusUnidade.hdbview"... (STDOUT, APP/TASK/deploy)#
#2026 07 30 02:49:54.233#Z#DEBUG#3ed74488-8bc1-11f1-85f0-eeee0a91cfe7.myfranchise-db-deployer#flowable-async-job-executor-thread-62830#
[PollStageAppStatusExecution] 29787a82-7f21-42fb-b29e-68fef013f5a1 [2026-07-30T02:27:45.480364] Deploying "src/gen/FranqueadoraService.StatusTarefa.hdbview"... ok (0s 31ms) (STDOUT, APP/TASK/deploy)#
#2026 07 30 02:49:54.233#Z#DEBUG#3ed74488-8bc1-11f1-85f0-eeee0a91cfe7.myfranchise-db-deployer#flowable-async-job-executor-thread-62830#
[PollStageAppStatusExecution] 29787a82-7f21-42fb-b29e-68fef013f5a1 [2026-07-30T02:27:45.480366] Deploying "src/gen/FranqueadoraService.StatusUnidade.hdbview"... (STDOUT, APP/TASK/deploy)#
#2026 07 30 02:49:54.233#Z#DEBUG#3ed74488-8bc1-11f1-85f0-eeee0a91cfe7.myfranchise-db-deployer#flowable-async-job-executor-thread-62830#
[PollStageAppStatusExecution] 29787a82-7f21-42fb-b29e-68fef013f5a1 [2026-07-30T02:27:45.480369] Deploying "src/gen/localized.myfranchise.StatusTarefa.hdbview"... ok (0s 30ms) (STDOUT, APP/TASK/deploy)#
#2026 07 30 02:49:54.233#Z#DEBUG#3ed74488-8bc1-11f1-85f0-eeee0a91cfe7.myfranchise-db-deployer#flowable-async-job-executor-thread-62830#
[PollStageAppStatusExecution] 29787a82-7f21-42fb-b29e-68fef013f5a1 [2026-07-30T02:27:45.480374] Deploying "src/gen/localized.myfranchise.StatusUnidade.hdbview"... (STDOUT, APP/TASK/deploy)#
#2026 07 30 02:49:54.233#Z#DEBUG#3ed74488-8bc1-11f1-85f0-eeee0a91cfe7.myfranchise-db-deployer#flowable-async-job-executor-thread-62830#
[PollStageAppStatusExecution] 29787a82-7f21-42fb-b29e-68fef013f5a1 [2026-07-30T02:27:45.480376] Deploying "src/gen/FranqueadoService.StatusUnidade.hdbview"... ok (0s 30ms) (STDOUT, APP/TASK/deploy)#
#2026 07 30 02:49:54.233#Z#DEBUG#3ed74488-8bc1-11f1-85f0-eeee0a91cfe7.myfranchise-db-deployer#flowable-async-job-executor-thread-62830#
[PollStageAppStatusExecution] 29787a82-7f21-42fb-b29e-68fef013f5a1 [2026-07-30T02:27:45.480379] Deploying "src/gen/FranqueadoService.TipoAlerta.hdbview"... (STDOUT, APP/TASK/deploy)#
#2026 07 30 02:49:54.233#Z#DEBUG#3ed74488-8bc1-11f1-85f0-eeee0a91cfe7.myfranchise-db-deployer#flowable-async-job-executor-thread-62830#
[PollStageAppStatusExecution] 29787a82-7f21-42fb-b29e-68fef013f5a1 [2026-07-30T02:27:45.480381] Deploying "src/gen/FranqueadoraService.StatusUnidade.hdbview"... ok (0s 28ms) (STDOUT, APP/TASK/deploy)#
#2026 07 30 02:49:54.233#Z#DEBUG#3ed74488-8bc1-11f1-85f0-eeee0a91cfe7.myfranchise-db-deployer#flowable-async-job-executor-thread-62830#
[PollStageAppStatusExecution] 29787a82-7f21-42fb-b29e-68fef013f5a1 [2026-07-30T02:27:45.480398] Deploying "src/gen/FranqueadoraService.TipoAlerta.hdbview"... (STDOUT, APP/TASK/deploy)#
#2026 07 30 02:49:54.233#Z#DEBUG#3ed74488-8bc1-11f1-85f0-eeee0a91cfe7.myfranchise-db-deployer#flowable-async-job-executor-thread-62830#
[PollStageAppStatusExecution] 29787a82-7f21-42fb-b29e-68fef013f5a1 [2026-07-30T02:27:45.480400] Deploying "src/gen/localized.myfranchise.StatusUnidade.hdbview"... ok (0s 28ms) (STDOUT, APP/TASK/deploy)#
#2026 07 30 02:49:54.233#Z#DEBUG#3ed74488-8bc1-11f1-85f0-eeee0a91cfe7.myfranchise-db-deployer#flowable-async-job-executor-thread-62830#
[PollStageAppStatusExecution] 29787a82-7f21-42fb-b29e-68fef013f5a1 [2026-07-30T02:27:45.480402] Deploying "src/gen/localized.myfranchise.TipoAlerta.hdbview"... (STDOUT, APP/TASK/deploy)#
#2026 07 30 02:49:54.233#Z#DEBUG#3ed74488-8bc1-11f1-85f0-eeee0a91cfe7.myfranchise-db-deployer#flowable-async-job-executor-thread-62830#
[PollStageAppStatusExecution] 29787a82-7f21-42fb-b29e-68fef013f5a1 [2026-07-30T02:27:45.480411] Deploying "src/gen/FranqueadoService.TipoAlerta.hdbview"... ok (0s 29ms) (STDOUT, APP/TASK/deploy)#
#2026 07 30 02:49:54.233#Z#DEBUG#3ed74488-8bc1-11f1-85f0-eeee0a91cfe7.myfranchise-db-deployer#flowable-async-job-executor-thread-62830#
[PollStageAppStatusExecution] 29787a82-7f21-42fb-b29e-68fef013f5a1 [2026-07-30T02:27:45.480416] Deploying "src/gen/FranqueadoService.TipoDesvio.hdbview"... (STDOUT, APP/TASK/deploy)#
#2026 07 30 02:49:54.233#Z#DEBUG#3ed74488-8bc1-11f1-85f0-eeee0a91cfe7.myfranchise-db-deployer#flowable-async-job-executor-thread-62830#
[PollStageAppStatusExecution] 29787a82-7f21-42fb-b29e-68fef013f5a1 [2026-07-30T02:27:45.480420] Deploying "src/gen/FranqueadoraService.TipoAlerta.hdbview"... ok (0s 30ms) (STDOUT, APP/TASK/deploy)#
#2026 07 30 02:49:54.233#Z#DEBUG#3ed74488-8bc1-11f1-85f0-eeee0a91cfe7.myfranchise-db-deployer#flowable-async-job-executor-thread-62830#
[PollStageAppStatusExecution] 29787a82-7f21-42fb-b29e-68fef013f5a1 [2026-07-30T02:27:45.480425] Deploying "src/gen/FranqueadoraService.TipoDesvio.hdbview"... (STDOUT, APP/TASK/deploy)#
#2026 07 30 02:49:54.233#Z#DEBUG#3ed74488-8bc1-11f1-85f0-eeee0a91cfe7.myfranchise-db-deployer#flowable-async-job-executor-thread-62830#
[PollStageAppStatusExecution] 29787a82-7f21-42fb-b29e-68fef013f5a1 [2026-07-30T02:27:45.480427] Deploying "src/gen/localized.myfranchise.TipoAlerta.hdbview"... ok (0s 29ms) (STDOUT, APP/TASK/deploy)#
#2026 07 30 02:49:54.233#Z#DEBUG#3ed74488-8bc1-11f1-85f0-eeee0a91cfe7.myfranchise-db-deployer#flowable-async-job-executor-thread-62830#
[PollStageAppStatusExecution] 29787a82-7f21-42fb-b29e-68fef013f5a1 [2026-07-30T02:27:45.480429] Deploying "src/gen/localized.myfranchise.TipoDesvio.hdbview"... (STDOUT, APP/TASK/deploy)#
#2026 07 30 02:49:54.233#Z#DEBUG#3ed74488-8bc1-11f1-85f0-eeee0a91cfe7.myfranchise-db-deployer#flowable-async-job-executor-thread-62830#
[PollStageAppStatusExecution] 29787a82-7f21-42fb-b29e-68fef013f5a1 [2026-07-30T02:27:45.480431] Deploying "src/gen/FranqueadoService.TipoDesvio.hdbview"... ok (0s 29ms) (STDOUT, APP/TASK/deploy)#
#2026 07 30 02:49:54.233#Z#DEBUG#3ed74488-8bc1-11f1-85f0-eeee0a91cfe7.myfranchise-db-deployer#flowable-async-job-executor-thread-62830#
[PollStageAppStatusExecution] 29787a82-7f21-42fb-b29e-68fef013f5a1 [2026-07-30T02:27:45.480432] Deploying "src/gen/FranqueadoService.TipoDocumento.hdbview"... (STDOUT, APP/TASK/deploy)#
#2026 07 30 02:49:54.233#Z#DEBUG#3ed74488-8bc1-11f1-85f0-eeee0a91cfe7.myfranchise-db-deployer#flowable-async-job-executor-thread-62830#
[PollStageAppStatusExecution] 29787a82-7f21-42fb-b29e-68fef013f5a1 [2026-07-30T02:27:45.480435] Deploying "src/gen/FranqueadoraService.TipoDesvio.hdbview"... ok (0s 28ms) (STDOUT, APP/TASK/deploy)#
#2026 07 30 02:49:54.233#Z#DEBUG#3ed74488-8bc1-11f1-85f0-eeee0a91cfe7.myfranchise-db-deployer#flowable-async-job-executor-thread-62830#
[PollStageAppStatusExecution] 29787a82-7f21-42fb-b29e-68fef013f5a1 [2026-07-30T02:27:45.480440] Deploying "src/gen/FranqueadoraService.TipoDocumento.hdbview"... (STDOUT, APP/TASK/deploy)#
#2026 07 30 02:49:54.233#Z#DEBUG#3ed74488-8bc1-11f1-85f0-eeee0a91cfe7.myfranchise-db-deployer#flowable-async-job-executor-thread-62830#
[PollStageAppStatusExecution] 29787a82-7f21-42fb-b29e-68fef013f5a1 [2026-07-30T02:27:45.480443] Deploying "src/gen/localized.myfranchise.TipoDesvio.hdbview"... ok (0s 27ms) (STDOUT, APP/TASK/deploy)#
#2026 07 30 02:49:54.233#Z#DEBUG#3ed74488-8bc1-11f1-85f0-eeee0a91cfe7.myfranchise-db-deployer#flowable-async-job-executor-thread-62830#
[PollStageAppStatusExecution] 29787a82-7f21-42fb-b29e-68fef013f5a1 [2026-07-30T02:27:45.480445] Deploying "src/gen/localized.myfranchise.TipoDocumento.hdbview"... (STDOUT, APP/TASK/deploy)#
#2026 07 30 02:49:54.233#Z#DEBUG#3ed74488-8bc1-11f1-85f0-eeee0a91cfe7.myfranchise-db-deployer#flowable-async-job-executor-thread-62830#
[PollStageAppStatusExecution] 29787a82-7f21-42fb-b29e-68fef013f5a1 [2026-07-30T02:27:45.480447] Deploying "src/gen/FranqueadoService.TipoDocumento.hdbview"... ok (0s 28ms) (STDOUT, APP/TASK/deploy)#
#2026 07 30 02:49:54.233#Z#DEBUG#3ed74488-8bc1-11f1-85f0-eeee0a91cfe7.myfranchise-db-deployer#flowable-async-job-executor-thread-62830#
[PollStageAppStatusExecution] 29787a82-7f21-42fb-b29e-68fef013f5a1 [2026-07-30T02:27:45.480471] Deploying "src/gen/FranqueadoService.TipoRecomendacao.hdbview"... (STDOUT, APP/TASK/deploy)#
#2026 07 30 02:49:54.233#Z#DEBUG#3ed74488-8bc1-11f1-85f0-eeee0a91cfe7.myfranchise-db-deployer#flowable-async-job-executor-thread-62830#
[PollStageAppStatusExecution] 29787a82-7f21-42fb-b29e-68fef013f5a1 [2026-07-30T02:27:45.480475] Deploying "src/gen/FranqueadoraService.TipoDocumento.hdbview"... ok (0s 30ms) (STDOUT, APP/TASK/deploy)#
#2026 07 30 02:49:54.233#Z#DEBUG#3ed74488-8bc1-11f1-85f0-eeee0a91cfe7.myfranchise-db-deployer#flowable-async-job-executor-thread-62830#
[PollStageAppStatusExecution] 29787a82-7f21-42fb-b29e-68fef013f5a1 [2026-07-30T02:27:45.480478] Deploying "src/gen/FranqueadoraService.TipoRecomendacao.hdbview"... (STDOUT, APP/TASK/deploy)#
#2026 07 30 02:49:54.233#Z#DEBUG#3ed74488-8bc1-11f1-85f0-eeee0a91cfe7.myfranchise-db-deployer#flowable-async-job-executor-thread-62830#
[PollStageAppStatusExecution] 29787a82-7f21-42fb-b29e-68fef013f5a1 [2026-07-30T02:27:45.480482] Deploying "src/gen/localized.myfranchise.TipoDocumento.hdbview"... ok (0s 31ms) (STDOUT, APP/TASK/deploy)#
#2026 07 30 02:49:54.233#Z#DEBUG#3ed74488-8bc1-11f1-85f0-eeee0a91cfe7.myfranchise-db-deployer#flowable-async-job-executor-thread-62830#
[PollStageAppStatusExecution] 29787a82-7f21-42fb-b29e-68fef013f5a1 [2026-07-30T02:27:45.480488] Deploying "src/gen/localized.myfranchise.TipoRecomendacao.hdbview"... (STDOUT, APP/TASK/deploy)#
#2026 07 30 02:49:54.233#Z#DEBUG#3ed74488-8bc1-11f1-85f0-eeee0a91cfe7.myfranchise-db-deployer#flowable-async-job-executor-thread-62830#
[PollStageAppStatusExecution] 29787a82-7f21-42fb-b29e-68fef013f5a1 [2026-07-30T02:27:45.480495] Deploying "src/gen/FranqueadoService.TipoRecomendacao.hdbview"... ok (0s 30ms) (STDOUT, APP/TASK/deploy)#
#2026 07 30 02:49:54.233#Z#DEBUG#3ed74488-8bc1-11f1-85f0-eeee0a91cfe7.myfranchise-db-deployer#flowable-async-job-executor-thread-62830#
[PollStageAppStatusExecution] 29787a82-7f21-42fb-b29e-68fef013f5a1 [2026-07-30T02:27:45.480497] Deploying "src/gen/FranqueadoService.Unidades.hdbview"... (STDOUT, APP/TASK/deploy)#
#2026 07 30 02:49:54.233#Z#DEBUG#3ed74488-8bc1-11f1-85f0-eeee0a91cfe7.myfranchise-db-deployer#flowable-async-job-executor-thread-62830#
[PollStageAppStatusExecution] 29787a82-7f21-42fb-b29e-68fef013f5a1 [2026-07-30T02:27:45.480499] Deploying "src/gen/FranqueadoraService.TipoRecomendacao.hdbview"... ok (0s 30ms) (STDOUT, APP/TASK/deploy)#
#2026 07 30 02:49:54.233#Z#DEBUG#3ed74488-8bc1-11f1-85f0-eeee0a91cfe7.myfranchise-db-deployer#flowable-async-job-executor-thread-62830#
[PollStageAppStatusExecution] 29787a82-7f21-42fb-b29e-68fef013f5a1 [2026-07-30T02:27:45.480501] Deploying "src/gen/FranqueadoraService.Unidades.hdbview"... (STDOUT, APP/TASK/deploy)#
#2026 07 30 02:49:54.233#Z#DEBUG#3ed74488-8bc1-11f1-85f0-eeee0a91cfe7.myfranchise-db-deployer#flowable-async-job-executor-thread-62830#
[PollStageAppStatusExecution] 29787a82-7f21-42fb-b29e-68fef013f5a1 [2026-07-30T02:27:45.480503] Deploying "src/gen/localized.myfranchise.TipoRecomendacao.hdbview"... ok (0s 30ms) (STDOUT, APP/TASK/deploy)#
#2026 07 30 02:49:54.233#Z#DEBUG#3ed74488-8bc1-11f1-85f0-eeee0a91cfe7.myfranchise-db-deployer#flowable-async-job-executor-thread-62830#
[PollStageAppStatusExecution] 29787a82-7f21-42fb-b29e-68fef013f5a1 [2026-07-30T02:27:45.480506] Deploying "src/gen/FranqueadoraService.VendaPraticada.hdbview"... (STDOUT, APP/TASK/deploy)#
#2026 07 30 02:49:54.233#Z#DEBUG#3ed74488-8bc1-11f1-85f0-eeee0a91cfe7.myfranchise-db-deployer#flowable-async-job-executor-thread-62830#
[PollStageAppStatusExecution] 29787a82-7f21-42fb-b29e-68fef013f5a1 [2026-07-30T02:27:45.480508] Deploying "src/gen/FranqueadoService.Unidades.hdbview"... ok (0s 30ms) (STDOUT, APP/TASK/deploy)#
#2026 07 30 02:49:54.233#Z#DEBUG#3ed74488-8bc1-11f1-85f0-eeee0a91cfe7.myfranchise-db-deployer#flowable-async-job-executor-thread-62830#
[PollStageAppStatusExecution] 29787a82-7f21-42fb-b29e-68fef013f5a1 [2026-07-30T02:27:45.480511] Deploying "src/gen/localized.FranqueadoService.Cluster.hdbview"... (STDOUT, APP/TASK/deploy)#
#2026 07 30 02:49:54.233#Z#DEBUG#3ed74488-8bc1-11f1-85f0-eeee0a91cfe7.myfranchise-db-deployer#flowable-async-job-executor-thread-62830#
[PollStageAppStatusExecution] 29787a82-7f21-42fb-b29e-68fef013f5a1 [2026-07-30T02:27:45.480513] Deploying "src/gen/FranqueadoraService.Unidades.hdbview"... ok (0s 35ms) (STDOUT, APP/TASK/deploy)#
#2026 07 30 02:49:54.233#Z#DEBUG#3ed74488-8bc1-11f1-85f0-eeee0a91cfe7.myfranchise-db-deployer#flowable-async-job-executor-thread-62830#
[PollStageAppStatusExecution] 29787a82-7f21-42fb-b29e-68fef013f5a1 [2026-07-30T02:27:45.480515] Deploying "src/gen/localized.FranqueadoraService.Cluster.hdbview"... (STDOUT, APP/TASK/deploy)#
#2026 07 30 02:49:54.233#Z#DEBUG#3ed74488-8bc1-11f1-85f0-eeee0a91cfe7.myfranchise-db-deployer#flowable-async-job-executor-thread-62830#
[PollStageAppStatusExecution] 29787a82-7f21-42fb-b29e-68fef013f5a1 [2026-07-30T02:27:45.480519] Deploying "src/gen/localized.FranqueadoService.Cluster.hdbview"... ok (0s 35ms) (STDOUT, APP/TASK/deploy)#
#2026 07 30 02:49:54.233#Z#DEBUG#3ed74488-8bc1-11f1-85f0-eeee0a91cfe7.myfranchise-db-deployer#flowable-async-job-executor-thread-62830#
[PollStageAppStatusExecution] 29787a82-7f21-42fb-b29e-68fef013f5a1 [2026-07-30T02:27:45.480521] Deploying "src/gen/localized.FranqueadoService.Prioridade.hdbview"... (STDOUT, APP/TASK/deploy)#
#2026 07 30 02:49:54.233#Z#DEBUG#3ed74488-8bc1-11f1-85f0-eeee0a91cfe7.myfranchise-db-deployer#flowable-async-job-executor-thread-62830#
[PollStageAppStatusExecution] 29787a82-7f21-42fb-b29e-68fef013f5a1 [2026-07-30T02:27:45.480524] Deploying "src/gen/FranqueadoraService.VendaPraticada.hdbview"... ok (0s 36ms) (STDOUT, APP/TASK/deploy)#
#2026 07 30 02:49:54.233#Z#DEBUG#3ed74488-8bc1-11f1-85f0-eeee0a91cfe7.myfranchise-db-deployer#flowable-async-job-executor-thread-62830#
[PollStageAppStatusExecution] 29787a82-7f21-42fb-b29e-68fef013f5a1 [2026-07-30T02:27:45.480526] Deploying "src/gen/localized.FranqueadoraService.Prioridade.hdbview"... (STDOUT, APP/TASK/deploy)#
#2026 07 30 02:49:54.233#Z#DEBUG#3ed74488-8bc1-11f1-85f0-eeee0a91cfe7.myfranchise-db-deployer#flowable-async-job-executor-thread-62830#
[PollStageAppStatusExecution] 29787a82-7f21-42fb-b29e-68fef013f5a1 [2026-07-30T02:27:45.480548] Deploying "src/gen/localized.FranqueadoraService.Cluster.hdbview"... ok (0s 41ms) (STDOUT, APP/TASK/deploy)#
#2026 07 30 02:49:54.233#Z#DEBUG#3ed74488-8bc1-11f1-85f0-eeee0a91cfe7.myfranchise-db-deployer#flowable-async-job-executor-thread-62830#
[PollStageAppStatusExecution] 29787a82-7f21-42fb-b29e-68fef013f5a1 [2026-07-30T02:27:45.480553] Deploying "src/gen/localized.FranqueadoService.Regiao.hdbview"... (STDOUT, APP/TASK/deploy)#
#2026 07 30 02:49:54.233#Z#DEBUG#3ed74488-8bc1-11f1-85f0-eeee0a91cfe7.myfranchise-db-deployer#flowable-async-job-executor-thread-62830#
[PollStageAppStatusExecution] 29787a82-7f21-42fb-b29e-68fef013f5a1 [2026-07-30T02:27:45.480556] Deploying "src/gen/localized.FranqueadoraService.Prioridade.hdbview"... ok (0s 40ms) (STDOUT, APP/TASK/deploy)#
#2026 07 30 02:49:54.233#Z#DEBUG#3ed74488-8bc1-11f1-85f0-eeee0a91cfe7.myfranchise-db-deployer#flowable-async-job-executor-thread-62830#
[PollStageAppStatusExecution] 29787a82-7f21-42fb-b29e-68fef013f5a1 [2026-07-30T02:27:45.480559] Deploying "src/gen/localized.FranqueadoraService.Regiao.hdbview"... (STDOUT, APP/TASK/deploy)#
#2026 07 30 02:49:54.233#Z#DEBUG#3ed74488-8bc1-11f1-85f0-eeee0a91cfe7.myfranchise-db-deployer#flowable-async-job-executor-thread-62830#
[PollStageAppStatusExecution] 29787a82-7f21-42fb-b29e-68fef013f5a1 [2026-07-30T02:27:45.480562] Deploying "src/gen/localized.FranqueadoService.Prioridade.hdbview"... ok (0s 41ms) (STDOUT, APP/TASK/deploy)#
#2026 07 30 02:49:54.233#Z#DEBUG#3ed74488-8bc1-11f1-85f0-eeee0a91cfe7.myfranchise-db-deployer#flowable-async-job-executor-thread-62830#
[PollStageAppStatusExecution] 29787a82-7f21-42fb-b29e-68fef013f5a1 [2026-07-30T02:27:45.480564] Deploying "src/gen/localized.FranqueadoService.Severidade.hdbview"... (STDOUT, APP/TASK/deploy)#
#2026 07 30 02:49:54.233#Z#DEBUG#3ed74488-8bc1-11f1-85f0-eeee0a91cfe7.myfranchise-db-deployer#flowable-async-job-executor-thread-62830#
[PollStageAppStatusExecution] 29787a82-7f21-42fb-b29e-68fef013f5a1 [2026-07-30T02:27:45.480566] Deploying "src/gen/localized.FranqueadoService.Regiao.hdbview"... ok (0s 40ms) (STDOUT, APP/TASK/deploy)#
#2026 07 30 02:49:54.233#Z#DEBUG#3ed74488-8bc1-11f1-85f0-eeee0a91cfe7.myfranchise-db-deployer#flowable-async-job-executor-thread-62830#
[PollStageAppStatusExecution] 29787a82-7f21-42fb-b29e-68fef013f5a1 [2026-07-30T02:27:45.480567] Deploying "src/gen/localized.FranqueadoraService.Severidade.hdbview"... (STDOUT, APP/TASK/deploy)#
#2026 07 30 02:49:54.233#Z#DEBUG#3ed74488-8bc1-11f1-85f0-eeee0a91cfe7.myfranchise-db-deployer#flowable-async-job-executor-thread-62830#
[PollStageAppStatusExecution] 29787a82-7f21-42fb-b29e-68fef013f5a1 [2026-07-30T02:27:45.480569] Deploying "src/gen/localized.FranqueadoService.Severidade.hdbview"... ok (0s 40ms) (STDOUT, APP/TASK/deploy)#
#2026 07 30 02:49:54.233#Z#DEBUG#3ed74488-8bc1-11f1-85f0-eeee0a91cfe7.myfranchise-db-deployer#flowable-async-job-executor-thread-62830#
[PollStageAppStatusExecution] 29787a82-7f21-42fb-b29e-68fef013f5a1 [2026-07-30T02:27:45.480571] Deploying "src/gen/localized.FranqueadoService.StatusAlerta.hdbview"... (STDOUT, APP/TASK/deploy)#
#2026 07 30 02:49:54.233#Z#DEBUG#3ed74488-8bc1-11f1-85f0-eeee0a91cfe7.myfranchise-db-deployer#flowable-async-job-executor-thread-62830#
[PollStageAppStatusExecution] 29787a82-7f21-42fb-b29e-68fef013f5a1 [2026-07-30T02:27:45.480573] Deploying "src/gen/localized.FranqueadoraService.Regiao.hdbview"... ok (0s 40ms) (STDOUT, APP/TASK/deploy)#
#2026 07 30 02:49:54.233#Z#DEBUG#3ed74488-8bc1-11f1-85f0-eeee0a91cfe7.myfranchise-db-deployer#flowable-async-job-executor-thread-62830#
[PollStageAppStatusExecution] 29787a82-7f21-42fb-b29e-68fef013f5a1 [2026-07-30T02:27:45.480575] Deploying "src/gen/localized.FranqueadoraService.StatusAlerta.hdbview"... (STDOUT, APP/TASK/deploy)#
#2026 07 30 02:49:54.233#Z#DEBUG#3ed74488-8bc1-11f1-85f0-eeee0a91cfe7.myfranchise-db-deployer#flowable-async-job-executor-thread-62830#
[PollStageAppStatusExecution] 29787a82-7f21-42fb-b29e-68fef013f5a1 [2026-07-30T02:27:45.480577] Deploying "src/gen/localized.FranqueadoraService.Severidade.hdbview"... ok (0s 40ms) (STDOUT, APP/TASK/deploy)#
#2026 07 30 02:49:54.233#Z#DEBUG#3ed74488-8bc1-11f1-85f0-eeee0a91cfe7.myfranchise-db-deployer#flowable-async-job-executor-thread-62830#
[PollStageAppStatusExecution] 29787a82-7f21-42fb-b29e-68fef013f5a1 [2026-07-30T02:27:45.480579] Deploying "src/gen/localized.FranqueadoService.StatusAprovacao.hdbview"... (STDOUT, APP/TASK/deploy)#
#2026 07 30 02:49:54.233#Z#DEBUG#3ed74488-8bc1-11f1-85f0-eeee0a91cfe7.myfranchise-db-deployer#flowable-async-job-executor-thread-62830#
[PollStageAppStatusExecution] 29787a82-7f21-42fb-b29e-68fef013f5a1 [2026-07-30T02:27:45.480590] Deploying "src/gen/localized.FranqueadoraService.StatusAlerta.hdbview"... ok (0s 40ms) (STDOUT, APP/TASK/deploy)#
#2026 07 30 02:49:54.233#Z#DEBUG#3ed74488-8bc1-11f1-85f0-eeee0a91cfe7.myfranchise-db-deployer#flowable-async-job-executor-thread-62830#
[PollStageAppStatusExecution] 29787a82-7f21-42fb-b29e-68fef013f5a1 [2026-07-30T02:27:45.480591] Deploying "src/gen/localized.FranqueadoraService.StatusAprovacao.hdbview"... (STDOUT, APP/TASK/deploy)#
#2026 07 30 02:49:54.233#Z#DEBUG#3ed74488-8bc1-11f1-85f0-eeee0a91cfe7.myfranchise-db-deployer#flowable-async-job-executor-thread-62830#
[PollStageAppStatusExecution] 29787a82-7f21-42fb-b29e-68fef013f5a1 [2026-07-30T02:27:45.480593] Deploying "src/gen/localized.FranqueadoService.StatusAlerta.hdbview"... ok (0s 41ms) (STDOUT, APP/TASK/deploy)#
#2026 07 30 02:49:54.233#Z#DEBUG#3ed74488-8bc1-11f1-85f0-eeee0a91cfe7.myfranchise-db-deployer#flowable-async-job-executor-thread-62830#
[PollStageAppStatusExecution] 29787a82-7f21-42fb-b29e-68fef013f5a1 [2026-07-30T02:27:45.480595] Deploying "src/gen/localized.FranqueadoraService.StatusCatalogo.hdbview"... (STDOUT, APP/TASK/deploy)#
#2026 07 30 02:49:54.233#Z#DEBUG#3ed74488-8bc1-11f1-85f0-eeee0a91cfe7.myfranchise-db-deployer#flowable-async-job-executor-thread-62830#
[PollStageAppStatusExecution] 29787a82-7f21-42fb-b29e-68fef013f5a1 [2026-07-30T02:27:45.480597] Deploying "src/gen/localized.FranqueadoService.StatusAprovacao.hdbview"... ok (0s 42ms) (STDOUT, APP/TASK/deploy)#
#2026 07 30 02:49:54.233#Z#DEBUG#3ed74488-8bc1-11f1-85f0-eeee0a91cfe7.myfranchise-db-deployer#flowable-async-job-executor-thread-62830#
[PollStageAppStatusExecution] 29787a82-7f21-42fb-b29e-68fef013f5a1 [2026-07-30T02:27:45.480599] Deploying "src/gen/localized.FranqueadoService.StatusContrato.hdbview"... (STDOUT, APP/TASK/deploy)#
#2026 07 30 02:49:54.233#Z#DEBUG#3ed74488-8bc1-11f1-85f0-eeee0a91cfe7.myfranchise-db-deployer#flowable-async-job-executor-thread-62830#
[PollStageAppStatusExecution] 29787a82-7f21-42fb-b29e-68fef013f5a1 [2026-07-30T02:27:45.480601] Deploying "src/gen/localized.FranqueadoraService.StatusAprovacao.hdbview"... ok (0s 43ms) (STDOUT, APP/TASK/deploy)#
#2026 07 30 02:49:54.233#Z#DEBUG#3ed74488-8bc1-11f1-85f0-eeee0a91cfe7.myfranchise-db-deployer#flowable-async-job-executor-thread-62830#
[PollStageAppStatusExecution] 29787a82-7f21-42fb-b29e-68fef013f5a1 [2026-07-30T02:27:45.480619] Deploying "src/gen/localized.FranqueadoraService.StatusContrato.hdbview"... (STDOUT, APP/TASK/deploy)#
#2026 07 30 02:49:54.233#Z#DEBUG#3ed74488-8bc1-11f1-85f0-eeee0a91cfe7.myfranchise-db-deployer#flowable-async-job-executor-thread-62830#
[PollStageAppStatusExecution] 29787a82-7f21-42fb-b29e-68fef013f5a1 [2026-07-30T02:27:45.480621] Deploying "src/gen/localized.FranqueadoraService.StatusCatalogo.hdbview"... ok (0s 42ms) (STDOUT, APP/TASK/deploy)#
#2026 07 30 02:49:54.233#Z#DEBUG#3ed74488-8bc1-11f1-85f0-eeee0a91cfe7.myfranchise-db-deployer#flowable-async-job-executor-thread-62830#
[PollStageAppStatusExecution] 29787a82-7f21-42fb-b29e-68fef013f5a1 [2026-07-30T02:27:45.480623] Deploying "src/gen/localized.FranqueadoService.StatusDesvio.hdbview"... (STDOUT, APP/TASK/deploy)#
#2026 07 30 02:49:54.233#Z#DEBUG#3ed74488-8bc1-11f1-85f0-eeee0a91cfe7.myfranchise-db-deployer#flowable-async-job-executor-thread-62830#
[PollStageAppStatusExecution] 29787a82-7f21-42fb-b29e-68fef013f5a1 [2026-07-30T02:27:45.480628] Deploying "src/gen/localized.FranqueadoService.StatusContrato.hdbview"... ok (0s 39ms) (STDOUT, APP/TASK/deploy)#
#2026 07 30 02:49:54.233#Z#DEBUG#3ed74488-8bc1-11f1-85f0-eeee0a91cfe7.myfranchise-db-deployer#flowable-async-job-executor-thread-62830#
[PollStageAppStatusExecution] 29787a82-7f21-42fb-b29e-68fef013f5a1 [2026-07-30T02:27:45.480631] Deploying "src/gen/localized.FranqueadoraService.StatusDesvio.hdbview"... (STDOUT, APP/TASK/deploy)#
#2026 07 30 02:49:54.233#Z#DEBUG#3ed74488-8bc1-11f1-85f0-eeee0a91cfe7.myfranchise-db-deployer#flowable-async-job-executor-thread-62830#
[PollStageAppStatusExecution] 29787a82-7f21-42fb-b29e-68fef013f5a1 [2026-07-30T02:27:45.480633] Deploying "src/gen/localized.FranqueadoraService.StatusContrato.hdbview"... ok (0s 39ms) (STDOUT, APP/TASK/deploy)#
#2026 07 30 02:49:54.233#Z#DEBUG#3ed74488-8bc1-11f1-85f0-eeee0a91cfe7.myfranchise-db-deployer#flowable-async-job-executor-thread-62830#
[PollStageAppStatusExecution] 29787a82-7f21-42fb-b29e-68fef013f5a1 [2026-07-30T02:27:45.480636] Deploying "src/gen/localized.FranqueadoService.StatusDocumento.hdbview"... (STDOUT, APP/TASK/deploy)#
#2026 07 30 02:49:54.233#Z#DEBUG#3ed74488-8bc1-11f1-85f0-eeee0a91cfe7.myfranchise-db-deployer#flowable-async-job-executor-thread-62830#
[PollStageAppStatusExecution] 29787a82-7f21-42fb-b29e-68fef013f5a1 [2026-07-30T02:27:45.480647] Deploying "src/gen/localized.FranqueadoService.StatusDesvio.hdbview"... ok (0s 38ms) (STDOUT, APP/TASK/deploy)#
#2026 07 30 02:49:54.233#Z#DEBUG#3ed74488-8bc1-11f1-85f0-eeee0a91cfe7.myfranchise-db-deployer#flowable-async-job-executor-thread-62830#
[PollStageAppStatusExecution] 29787a82-7f21-42fb-b29e-68fef013f5a1 [2026-07-30T02:27:45.480650] Deploying "src/gen/localized.FranqueadoraService.StatusDocumento.hdbview"... (STDOUT, APP/TASK/deploy)#
#2026 07 30 02:49:54.233#Z#DEBUG#3ed74488-8bc1-11f1-85f0-eeee0a91cfe7.myfranchise-db-deployer#flowable-async-job-executor-thread-62830#
[PollStageAppStatusExecution] 29787a82-7f21-42fb-b29e-68fef013f5a1 [2026-07-30T02:27:45.480652] Deploying "src/gen/localized.FranqueadoraService.StatusDesvio.hdbview"... ok (0s 40ms) (STDOUT, APP/TASK/deploy)#
#2026 07 30 02:49:54.233#Z#DEBUG#3ed74488-8bc1-11f1-85f0-eeee0a91cfe7.myfranchise-db-deployer#flowable-async-job-executor-thread-62830#
[PollStageAppStatusExecution] 29787a82-7f21-42fb-b29e-68fef013f5a1 [2026-07-30T02:27:45.480654] Deploying "src/gen/localized.FranqueadoraService.StatusFranqueado.hdbview"... (STDOUT, APP/TASK/deploy)#
#2026 07 30 02:49:54.233#Z#DEBUG#3ed74488-8bc1-11f1-85f0-eeee0a91cfe7.myfranchise-db-deployer#flowable-async-job-executor-thread-62830#
[PollStageAppStatusExecution] 29787a82-7f21-42fb-b29e-68fef013f5a1 [2026-07-30T02:27:45.480656] Deploying "src/gen/localized.FranqueadoraService.StatusDocumento.hdbview"... ok (0s 39ms) (STDOUT, APP/TASK/deploy)#
#2026 07 30 02:49:54.233#Z#DEBUG#3ed74488-8bc1-11f1-85f0-eeee0a91cfe7.myfranchise-db-deployer#flowable-async-job-executor-thread-62830#
[PollStageAppStatusExecution] 29787a82-7f21-42fb-b29e-68fef013f5a1 [2026-07-30T02:27:45.480658] Deploying "src/gen/localized.FranqueadoService.StatusKPI.hdbview"... (STDOUT, APP/TASK/deploy)#
#2026 07 30 02:49:54.233#Z#DEBUG#3ed74488-8bc1-11f1-85f0-eeee0a91cfe7.myfranchise-db-deployer#flowable-async-job-executor-thread-62830#
[PollStageAppStatusExecution] 29787a82-7f21-42fb-b29e-68fef013f5a1 [2026-07-30T02:27:45.480668] Deploying "src/gen/localized.FranqueadoService.StatusDocumento.hdbview"... ok (0s 40ms) (STDOUT, APP/TASK/deploy)#
#2026 07 30 02:49:54.233#Z#DEBUG#3ed74488-8bc1-11f1-85f0-eeee0a91cfe7.myfranchise-db-deployer#flowable-async-job-executor-thread-62830#
[PollStageAppStatusExecution] 29787a82-7f21-42fb-b29e-68fef013f5a1 [2026-07-30T02:27:45.480670] Deploying "src/gen/localized.FranqueadoraService.StatusKPI.hdbview"... (STDOUT, APP/TASK/deploy)#
#2026 07 30 02:49:54.233#Z#DEBUG#3ed74488-8bc1-11f1-85f0-eeee0a91cfe7.myfranchise-db-deployer#flowable-async-job-executor-thread-62830#
[PollStageAppStatusExecution] 29787a82-7f21-42fb-b29e-68fef013f5a1 [2026-07-30T02:27:45.480672] Deploying "src/gen/localized.FranqueadoraService.StatusFranqueado.hdbview"... ok (0s 39ms) (STDOUT, APP/TASK/deploy)#
#2026 07 30 02:49:54.233#Z#DEBUG#3ed74488-8bc1-11f1-85f0-eeee0a91cfe7.myfranchise-db-deployer#flowable-async-job-executor-thread-62830#
[PollStageAppStatusExecution] 29787a82-7f21-42fb-b29e-68fef013f5a1 [2026-07-30T02:27:45.480673] Deploying "src/gen/localized.FranqueadoService.StatusNotificacao.hdbview"... (STDOUT, APP/TASK/deploy)#
#2026 07 30 02:49:54.233#Z#DEBUG#3ed74488-8bc1-11f1-85f0-eeee0a91cfe7.myfranchise-db-deployer#flowable-async-job-executor-thread-62830#
[PollStageAppStatusExecution] 29787a82-7f21-42fb-b29e-68fef013f5a1 [2026-07-30T02:27:45.480689] Deploying "src/gen/localized.FranqueadoService.StatusKPI.hdbview"... ok (0s 39ms) (STDOUT, APP/TASK/deploy)#
#2026 07 30 02:49:54.233#Z#DEBUG#3ed74488-8bc1-11f1-85f0-eeee0a91cfe7.myfranchise-db-deployer#flowable-async-job-executor-thread-62830#
[PollStageAppStatusExecution] 29787a82-7f21-42fb-b29e-68fef013f5a1 [2026-07-30T02:27:45.480691] Deploying "src/gen/localized.FranqueadoraService.StatusNotificacao.hdbview"... (STDOUT, APP/TASK/deploy)#
#2026 07 30 02:49:54.233#Z#DEBUG#3ed74488-8bc1-11f1-85f0-eeee0a91cfe7.myfranchise-db-deployer#flowable-async-job-executor-thread-62830#
[PollStageAppStatusExecution] 29787a82-7f21-42fb-b29e-68fef013f5a1 [2026-07-30T02:27:45.480693] Deploying "src/gen/localized.FranqueadoraService.StatusKPI.hdbview"... ok (0s 40ms) (STDOUT, APP/TASK/deploy)#
#2026 07 30 02:49:54.233#Z#DEBUG#3ed74488-8bc1-11f1-85f0-eeee0a91cfe7.myfranchise-db-deployer#flowable-async-job-executor-thread-62830#
[PollStageAppStatusExecution] 29787a82-7f21-42fb-b29e-68fef013f5a1 [2026-07-30T02:27:45.480695] Deploying "src/gen/localized.FranqueadoService.StatusOnboarding.hdbview"... (STDOUT, APP/TASK/deploy)#
#2026 07 30 02:49:54.233#Z#DEBUG#3ed74488-8bc1-11f1-85f0-eeee0a91cfe7.myfranchise-db-deployer#flowable-async-job-executor-thread-62830#
[PollStageAppStatusExecution] 29787a82-7f21-42fb-b29e-68fef013f5a1 [2026-07-30T02:27:45.480698] Deploying "src/gen/localized.FranqueadoService.StatusNotificacao.hdbview"... ok (0s 38ms) (STDOUT, APP/TASK/deploy)#
#2026 07 30 02:49:54.233#Z#DEBUG#3ed74488-8bc1-11f1-85f0-eeee0a91cfe7.myfranchise-db-deployer#flowable-async-job-executor-thread-62830#
[PollStageAppStatusExecution] 29787a82-7f21-42fb-b29e-68fef013f5a1 [2026-07-30T02:27:45.480701] Deploying "src/gen/localized.FranqueadoraService.StatusOnboarding.hdbview"... (STDOUT, APP/TASK/deploy)#
#2026 07 30 02:49:54.233#Z#DEBUG#3ed74488-8bc1-11f1-85f0-eeee0a91cfe7.myfranchise-db-deployer#flowable-async-job-executor-thread-62830#
[PollStageAppStatusExecution] 29787a82-7f21-42fb-b29e-68fef013f5a1 [2026-07-30T02:27:45.480704] Deploying "src/gen/localized.FranqueadoService.StatusOnboarding.hdbview"... ok (0s 38ms) (STDOUT, APP/TASK/deploy)#
#2026 07 30 02:49:54.233#Z#DEBUG#3ed74488-8bc1-11f1-85f0-eeee0a91cfe7.myfranchise-db-deployer#flowable-async-job-executor-thread-62830#
[PollStageAppStatusExecution] 29787a82-7f21-42fb-b29e-68fef013f5a1 [2026-07-30T02:27:45.480715] Deploying "src/gen/localized.FranqueadoService.StatusRecomendacao.hdbview"... (STDOUT, APP/TASK/deploy)#
#2026 07 30 02:49:54.233#Z#DEBUG#3ed74488-8bc1-11f1-85f0-eeee0a91cfe7.myfranchise-db-deployer#flowable-async-job-executor-thread-62830#
[PollStageAppStatusExecution] 29787a82-7f21-42fb-b29e-68fef013f5a1 [2026-07-30T02:27:45.480729] Deploying "src/gen/localized.FranqueadoraService.StatusNotificacao.hdbview"... ok (0s 38ms) (STDOUT, APP/TASK/deploy)#
#2026 07 30 02:49:54.233#Z#DEBUG#3ed74488-8bc1-11f1-85f0-eeee0a91cfe7.myfranchise-db-deployer#flowable-async-job-executor-thread-62830#
[PollStageAppStatusExecution] 29787a82-7f21-42fb-b29e-68fef013f5a1 [2026-07-30T02:27:45.480731] Deploying "src/gen/localized.FranqueadoraService.StatusRecomendacao.hdbview"... (STDOUT, APP/TASK/deploy)#
#2026 07 30 02:49:54.233#Z#DEBUG#3ed74488-8bc1-11f1-85f0-eeee0a91cfe7.myfranchise-db-deployer#flowable-async-job-executor-thread-62830#
[PollStageAppStatusExecution] 29787a82-7f21-42fb-b29e-68fef013f5a1 [2026-07-30T02:27:45.480733] Deploying "src/gen/localized.FranqueadoraService.StatusOnboarding.hdbview"... ok (0s 45ms) (STDOUT, APP/TASK/deploy)#
#2026 07 30 02:49:54.233#Z#DEBUG#3ed74488-8bc1-11f1-85f0-eeee0a91cfe7.myfranchise-db-deployer#flowable-async-job-executor-thread-62830#
[PollStageAppStatusExecution] 29787a82-7f21-42fb-b29e-68fef013f5a1 [2026-07-30T02:27:45.480735] Deploying "src/gen/localized.FranqueadoService.StatusTarefa.hdbview"... (STDOUT, APP/TASK/deploy)#
#2026 07 30 02:49:54.233#Z#DEBUG#3ed74488-8bc1-11f1-85f0-eeee0a91cfe7.myfranchise-db-deployer#flowable-async-job-executor-thread-62830#
[PollStageAppStatusExecution] 29787a82-7f21-42fb-b29e-68fef013f5a1 [2026-07-30T02:27:45.480737] Deploying "src/gen/localized.FranqueadoraService.StatusRecomendacao.hdbview"... ok (0s 44ms) (STDOUT, APP/TASK/deploy)#
#2026 07 30 02:49:54.233#Z#DEBUG#3ed74488-8bc1-11f1-85f0-eeee0a91cfe7.myfranchise-db-deployer#flowable-async-job-executor-thread-62830#
[PollStageAppStatusExecution] 29787a82-7f21-42fb-b29e-68fef013f5a1 [2026-07-30T02:27:45.480738] Deploying "src/gen/localized.FranqueadoraService.StatusTarefa.hdbview"... (STDOUT, APP/TASK/deploy)#
#2026 07 30 02:49:54.233#Z#DEBUG#3ed74488-8bc1-11f1-85f0-eeee0a91cfe7.myfranchise-db-deployer#flowable-async-job-executor-thread-62830#
[PollStageAppStatusExecution] 29787a82-7f21-42fb-b29e-68fef013f5a1 [2026-07-30T02:27:45.480748] Deploying "src/gen/localized.FranqueadoService.StatusRecomendacao.hdbview"... ok (0s 45ms) (STDOUT, APP/TASK/deploy)#
#2026 07 30 02:49:54.233#Z#DEBUG#3ed74488-8bc1-11f1-85f0-eeee0a91cfe7.myfranchise-db-deployer#flowable-async-job-executor-thread-62830#
[PollStageAppStatusExecution] 29787a82-7f21-42fb-b29e-68fef013f5a1 [2026-07-30T02:27:45.480750] Deploying "src/gen/localized.FranqueadoService.StatusUnidade.hdbview"... (STDOUT, APP/TASK/deploy)#
#2026 07 30 02:49:54.233#Z#DEBUG#3ed74488-8bc1-11f1-85f0-eeee0a91cfe7.myfranchise-db-deployer#flowable-async-job-executor-thread-62830#
[PollStageAppStatusExecution] 29787a82-7f21-42fb-b29e-68fef013f5a1 [2026-07-30T02:27:45.480752] Deploying "src/gen/localized.FranqueadoService.StatusTarefa.hdbview"... ok (0s 40ms) (STDOUT, APP/TASK/deploy)#
#2026 07 30 02:49:54.233#Z#DEBUG#3ed74488-8bc1-11f1-85f0-eeee0a91cfe7.myfranchise-db-deployer#flowable-async-job-executor-thread-62830#
[PollStageAppStatusExecution] 29787a82-7f21-42fb-b29e-68fef013f5a1 [2026-07-30T02:27:45.480755] Deploying "src/gen/localized.FranqueadoraService.StatusUnidade.hdbview"... (STDOUT, APP/TASK/deploy)#
#2026 07 30 02:49:54.233#Z#DEBUG#3ed74488-8bc1-11f1-85f0-eeee0a91cfe7.myfranchise-db-deployer#flowable-async-job-executor-thread-62830#
[PollStageAppStatusExecution] 29787a82-7f21-42fb-b29e-68fef013f5a1 [2026-07-30T02:27:45.480757] Deploying "src/gen/localized.FranqueadoraService.StatusTarefa.hdbview"... ok (0s 39ms) (STDOUT, APP/TASK/deploy)#
#2026 07 30 02:49:54.233#Z#DEBUG#3ed74488-8bc1-11f1-85f0-eeee0a91cfe7.myfranchise-db-deployer#flowable-async-job-executor-thread-62830#
[PollStageAppStatusExecution] 29787a82-7f21-42fb-b29e-68fef013f5a1 [2026-07-30T02:27:45.480759] Deploying "src/gen/localized.FranqueadoService.TipoAlerta.hdbview"... (STDOUT, APP/TASK/deploy)#
#2026 07 30 02:49:54.233#Z#DEBUG#3ed74488-8bc1-11f1-85f0-eeee0a91cfe7.myfranchise-db-deployer#flowable-async-job-executor-thread-62830#
[PollStageAppStatusExecution] 29787a82-7f21-42fb-b29e-68fef013f5a1 [2026-07-30T02:27:45.480762] Deploying "src/gen/localized.FranqueadoService.StatusUnidade.hdbview"... ok (0s 40ms) (STDOUT, APP/TASK/deploy)#
#2026 07 30 02:49:54.233#Z#DEBUG#3ed74488-8bc1-11f1-85f0-eeee0a91cfe7.myfranchise-db-deployer#flowable-async-job-executor-thread-62830#
[PollStageAppStatusExecution] 29787a82-7f21-42fb-b29e-68fef013f5a1 [2026-07-30T02:27:45.480764] Deploying "src/gen/localized.FranqueadoraService.TipoAlerta.hdbview"... (STDOUT, APP/TASK/deploy)#
#2026 07 30 02:49:54.233#Z#DEBUG#3ed74488-8bc1-11f1-85f0-eeee0a91cfe7.myfranchise-db-deployer#flowable-async-job-executor-thread-62830#
[PollStageAppStatusExecution] 29787a82-7f21-42fb-b29e-68fef013f5a1 [2026-07-30T02:27:45.480770] Deploying "src/gen/localized.FranqueadoraService.StatusUnidade.hdbview"... ok (0s 39ms) (STDOUT, APP/TASK/deploy)#
#2026 07 30 02:49:54.233#Z#DEBUG#3ed74488-8bc1-11f1-85f0-eeee0a91cfe7.myfranchise-db-deployer#flowable-async-job-executor-thread-62830#
[PollStageAppStatusExecution] 29787a82-7f21-42fb-b29e-68fef013f5a1 [2026-07-30T02:27:45.480772] Deploying "src/gen/localized.FranqueadoService.TipoDesvio.hdbview"... (STDOUT, APP/TASK/deploy)#
#2026 07 30 02:49:54.233#Z#DEBUG#3ed74488-8bc1-11f1-85f0-eeee0a91cfe7.myfranchise-db-deployer#flowable-async-job-executor-thread-62830#
[PollStageAppStatusExecution] 29787a82-7f21-42fb-b29e-68fef013f5a1 [2026-07-30T02:27:45.480831] Deploying "src/gen/localized.FranqueadoraService.TipoAlerta.hdbview"... ok (0s 40ms) (STDOUT, APP/TASK/deploy)#
#2026 07 30 02:49:54.233#Z#DEBUG#3ed74488-8bc1-11f1-85f0-eeee0a91cfe7.myfranchise-db-deployer#flowable-async-job-executor-thread-62830#
[PollStageAppStatusExecution] 29787a82-7f21-42fb-b29e-68fef013f5a1 [2026-07-30T02:27:45.480841] Deploying "src/gen/localized.FranqueadoraService.TipoDesvio.hdbview"... (STDOUT, APP/TASK/deploy)#
#2026 07 30 02:49:54.233#Z#DEBUG#3ed74488-8bc1-11f1-85f0-eeee0a91cfe7.myfranchise-db-deployer#flowable-async-job-executor-thread-62830#
[PollStageAppStatusExecution] 29787a82-7f21-42fb-b29e-68fef013f5a1 [2026-07-30T02:27:45.480848] Deploying "src/gen/localized.FranqueadoService.TipoAlerta.hdbview"... ok (0s 41ms) (STDOUT, APP/TASK/deploy)#
#2026 07 30 02:49:54.233#Z#DEBUG#3ed74488-8bc1-11f1-85f0-eeee0a91cfe7.myfranchise-db-deployer#flowable-async-job-executor-thread-62830#
[PollStageAppStatusExecution] 29787a82-7f21-42fb-b29e-68fef013f5a1 [2026-07-30T02:27:45.480851] Deploying "src/gen/localized.FranqueadoService.TipoDocumento.hdbview"... (STDOUT, APP/TASK/deploy)#
#2026 07 30 02:49:54.233#Z#DEBUG#3ed74488-8bc1-11f1-85f0-eeee0a91cfe7.myfranchise-db-deployer#flowable-async-job-executor-thread-62830#
[PollStageAppStatusExecution] 29787a82-7f21-42fb-b29e-68fef013f5a1 [2026-07-30T02:27:45.480858] Deploying "src/gen/localized.FranqueadoService.TipoDesvio.hdbview"... ok (0s 38ms) (STDOUT, APP/TASK/deploy)#
#2026 07 30 02:49:54.233#Z#DEBUG#3ed74488-8bc1-11f1-85f0-eeee0a91cfe7.myfranchise-db-deployer#flowable-async-job-executor-thread-62830#
[PollStageAppStatusExecution] 29787a82-7f21-42fb-b29e-68fef013f5a1 [2026-07-30T02:27:45.480864] Deploying "src/gen/localized.FranqueadoraService.TipoDocumento.hdbview"... (STDOUT, APP/TASK/deploy)#
#2026 07 30 02:49:54.233#Z#DEBUG#3ed74488-8bc1-11f1-85f0-eeee0a91cfe7.myfranchise-db-deployer#flowable-async-job-executor-thread-62830#
[PollStageAppStatusExecution] 29787a82-7f21-42fb-b29e-68fef013f5a1 [2026-07-30T02:27:45.480867] Deploying "src/gen/localized.FranqueadoraService.TipoDesvio.hdbview"... ok (0s 38ms) (STDOUT, APP/TASK/deploy)#
#2026 07 30 02:49:54.233#Z#DEBUG#3ed74488-8bc1-11f1-85f0-eeee0a91cfe7.myfranchise-db-deployer#flowable-async-job-executor-thread-62830#
[PollStageAppStatusExecution] 29787a82-7f21-42fb-b29e-68fef013f5a1 [2026-07-30T02:27:45.480869] Deploying "src/gen/localized.FranqueadoService.TipoRecomendacao.hdbview"... (STDOUT, APP/TASK/deploy)#
#2026 07 30 02:49:54.233#Z#DEBUG#3ed74488-8bc1-11f1-85f0-eeee0a91cfe7.myfranchise-db-deployer#flowable-async-job-executor-thread-62830#
[PollStageAppStatusExecution] 29787a82-7f21-42fb-b29e-68fef013f5a1 [2026-07-30T02:27:45.480872] Deploying "src/gen/localized.FranqueadoService.TipoDocumento.hdbview"... ok (0s 38ms) (STDOUT, APP/TASK/deploy)#
#2026 07 30 02:49:54.233#Z#DEBUG#3ed74488-8bc1-11f1-85f0-eeee0a91cfe7.myfranchise-db-deployer#flowable-async-job-executor-thread-62830#
[PollStageAppStatusExecution] 29787a82-7f21-42fb-b29e-68fef013f5a1 [2026-07-30T02:27:45.480875] Deploying "src/gen/localized.FranqueadoraService.TipoRecomendacao.hdbview"... (STDOUT, APP/TASK/deploy)#
#2026 07 30 02:49:54.233#Z#DEBUG#3ed74488-8bc1-11f1-85f0-eeee0a91cfe7.myfranchise-db-deployer#flowable-async-job-executor-thread-62830#
[PollStageAppStatusExecution] 29787a82-7f21-42fb-b29e-68fef013f5a1 [2026-07-30T02:27:45.480878] Deploying "src/gen/localized.FranqueadoraService.TipoDocumento.hdbview"... ok (0s 38ms) (STDOUT, APP/TASK/deploy)#
#2026 07 30 02:49:54.233#Z#DEBUG#3ed74488-8bc1-11f1-85f0-eeee0a91cfe7.myfranchise-db-deployer#flowable-async-job-executor-thread-62830#
[PollStageAppStatusExecution] 29787a82-7f21-42fb-b29e-68fef013f5a1 [2026-07-30T02:27:45.480880] Deploying "src/gen/localized.FranqueadoraService.TipoRecomendacao.hdbview"... ok (0s 37ms) (STDOUT, APP/TASK/deploy)#
#2026 07 30 02:49:54.233#Z#DEBUG#3ed74488-8bc1-11f1-85f0-eeee0a91cfe7.myfranchise-db-deployer#flowable-async-job-executor-thread-62830#
[PollStageAppStatusExecution] 29787a82-7f21-42fb-b29e-68fef013f5a1 [2026-07-30T02:27:45.480904] Deploying "src/gen/localized.FranqueadoService.TipoRecomendacao.hdbview"... ok (0s 39ms) (STDOUT, APP/TASK/deploy)#
#2026 07 30 02:49:54.233#Z#DEBUG#3ed74488-8bc1-11f1-85f0-eeee0a91cfe7.myfranchise-db-deployer#flowable-async-job-executor-thread-62830#
[PollStageAppStatusExecution] 29787a82-7f21-42fb-b29e-68fef013f5a1 [2026-07-30T02:27:45.480907] Processing work list... ok (3s 259ms) (STDOUT, APP/TASK/deploy)#
#2026 07 30 02:49:54.233#Z#DEBUG#3ed74488-8bc1-11f1-85f0-eeee0a91cfe7.myfranchise-db-deployer#flowable-async-job-executor-thread-62830#
[PollStageAppStatusExecution] 29787a82-7f21-42fb-b29e-68fef013f5a1 [2026-07-30T02:27:45.480909] Finalizing... (STDOUT, APP/TASK/deploy)#
#2026 07 30 02:49:54.233#Z#DEBUG#3ed74488-8bc1-11f1-85f0-eeee0a91cfe7.myfranchise-db-deployer#flowable-async-job-executor-thread-62830#
[PollStageAppStatusExecution] 29787a82-7f21-42fb-b29e-68fef013f5a1 [2026-07-30T02:27:45.480914] Finalizing... ok (0s 137ms) (STDOUT, APP/TASK/deploy)#
#2026 07 30 02:49:54.233#Z#DEBUG#3ed74488-8bc1-11f1-85f0-eeee0a91cfe7.myfranchise-db-deployer#flowable-async-job-executor-thread-62830#
[PollStageAppStatusExecution] 29787a82-7f21-42fb-b29e-68fef013f5a1 [2026-07-30T02:27:45.480916] Make succeeded (0 warnings): 313 files deployed (effective 348), 0 files undeployed (effective 0), 0 dependent files redeployed (STDOUT, APP/TASK/deploy)#
#2026 07 30 02:49:54.233#Z#DEBUG#3ed74488-8bc1-11f1-85f0-eeee0a91cfe7.myfranchise-db-deployer#flowable-async-job-executor-thread-62830#
[PollStageAppStatusExecution] 29787a82-7f21-42fb-b29e-68fef013f5a1 [2026-07-30T02:27:45.480918] Making... ok (5s 52ms) (STDOUT, APP/TASK/deploy)#
#2026 07 30 02:49:54.233#Z#DEBUG#3ed74488-8bc1-11f1-85f0-eeee0a91cfe7.myfranchise-db-deployer#flowable-async-job-executor-thread-62830#
[PollStageAppStatusExecution] 29787a82-7f21-42fb-b29e-68fef013f5a1 [2026-07-30T02:27:45.480921] Enabling table replication for the container schema "2177F43B75D34848AE3EA84FAB461E66"... (STDOUT, APP/TASK/deploy)#
#2026 07 30 02:49:54.233#Z#DEBUG#3ed74488-8bc1-11f1-85f0-eeee0a91cfe7.myfranchise-db-deployer#flowable-async-job-executor-thread-62830#
[PollStageAppStatusExecution] 29787a82-7f21-42fb-b29e-68fef013f5a1 [2026-07-30T02:27:45.480923] Enabling table replication for the container schema "2177F43B75D34848AE3EA84FAB461E66"... ok (0s 12ms) (STDOUT, APP/TASK/deploy)#
#2026 07 30 02:49:54.233#Z#DEBUG#3ed74488-8bc1-11f1-85f0-eeee0a91cfe7.myfranchise-db-deployer#flowable-async-job-executor-thread-62830#
[PollStageAppStatusExecution] 29787a82-7f21-42fb-b29e-68fef013f5a1 [2026-07-30T02:27:45.480925] Starting make in the container "2177F43B75D34848AE3EA84FAB461E66" with 313 files to deploy, 0 files to undeploy... ok (5s 121ms) (STDOUT, APP/TASK/deploy)#
#2026 07 30 02:49:54.233#Z#DEBUG#3ed74488-8bc1-11f1-85f0-eeee0a91cfe7.myfranchise-db-deployer#flowable-async-job-executor-thread-62830#
[PollStageAppStatusExecution] 29787a82-7f21-42fb-b29e-68fef013f5a1 [2026-07-30T02:27:45.489358] Deploying to the container "2177F43B75D34848AE3EA84FAB461E66"... ok (6s 241ms) (STDOUT, APP/TASK/deploy)#
#2026 07 30 02:49:54.233#Z#DEBUG#3ed74488-8bc1-11f1-85f0-eeee0a91cfe7.myfranchise-db-deployer#flowable-async-job-executor-thread-62830#
[PollStageAppStatusExecution] 29787a82-7f21-42fb-b29e-68fef013f5a1 [2026-07-30T02:27:45.489617] No default-access-role handling needed; global role "2177F43B75D34848AE3EA84FAB461E66::access_role" will not be adapted (STDOUT, APP/TASK/deploy)#
#2026 07 30 02:49:54.233#Z#DEBUG#3ed74488-8bc1-11f1-85f0-eeee0a91cfe7.myfranchise-db-deployer#flowable-async-job-executor-thread-62830#
[PollStageAppStatusExecution] 29787a82-7f21-42fb-b29e-68fef013f5a1 [2026-07-30T02:27:45.489640] Unlocking the container "2177F43B75D34848AE3EA84FAB461E66"... (STDOUT, APP/TASK/deploy)#
#2026 07 30 02:49:54.233#Z#DEBUG#3ed74488-8bc1-11f1-85f0-eeee0a91cfe7.myfranchise-db-deployer#flowable-async-job-executor-thread-62830#
[PollStageAppStatusExecution] 29787a82-7f21-42fb-b29e-68fef013f5a1 [2026-07-30T02:27:45.489877] Unlocking the container "2177F43B75D34848AE3EA84FAB461E66"... ok (0s 0ms) (STDOUT, APP/TASK/deploy)#
#2026 07 30 02:49:54.233#Z#DEBUG#3ed74488-8bc1-11f1-85f0-eeee0a91cfe7.myfranchise-db-deployer#flowable-async-job-executor-thread-62830#
[PollStageAppStatusExecution] 29787a82-7f21-42fb-b29e-68fef013f5a1 [2026-07-30T02:27:45.489950] Deployment to container 2177F43B75D34848AE3EA84FAB461E66 done [Deployment ID: none]. (STDOUT, APP/TASK/deploy)#
#2026 07 30 02:49:54.233#Z#DEBUG#3ed74488-8bc1-11f1-85f0-eeee0a91cfe7.myfranchise-db-deployer#flowable-async-job-executor-thread-62830#
[PollStageAppStatusExecution] 29787a82-7f21-42fb-b29e-68fef013f5a1 [2026-07-30T02:27:45.490427] Deployment ended at 2026-07-30 02:27:45 (STDOUT, APP/TASK/deploy)#
#2026 07 30 02:49:54.233#Z#DEBUG#3ed74488-8bc1-11f1-85f0-eeee0a91cfe7.myfranchise-db-deployer#flowable-async-job-executor-thread-62830#
[PollStageAppStatusExecution] 29787a82-7f21-42fb-b29e-68fef013f5a1 [2026-07-30T02:27:45.490820] (9s 201ms) (STDOUT, APP/TASK/deploy)#
#2026 07 30 02:49:54.233#Z#DEBUG#3ed74488-8bc1-11f1-85f0-eeee0a91cfe7.myfranchise-db-deployer#flowable-async-job-executor-thread-62830#
[PollStageAppStatusExecution] 29787a82-7f21-42fb-b29e-68fef013f5a1 [2026-07-30T02:27:45.501819] npm notice (STDERR, APP/TASK/deploy)#
#2026 07 30 02:49:54.233#Z#DEBUG#3ed74488-8bc1-11f1-85f0-eeee0a91cfe7.myfranchise-db-deployer#flowable-async-job-executor-thread-62830#
[PollStageAppStatusExecution] 29787a82-7f21-42fb-b29e-68fef013f5a1 [2026-07-30T02:27:45.501838] npm notice New major version of npm available! 11.12.1 -> 12.0.2 (STDERR, APP/TASK/deploy)#
#2026 07 30 02:49:54.233#Z#DEBUG#3ed74488-8bc1-11f1-85f0-eeee0a91cfe7.myfranchise-db-deployer#flowable-async-job-executor-thread-62830#
[PollStageAppStatusExecution] 29787a82-7f21-42fb-b29e-68fef013f5a1 [2026-07-30T02:27:45.501847] npm notice Changelog: https://github.com/npm/cli/releases/tag/v12.0.2 (STDERR, APP/TASK/deploy)#
#2026 07 30 02:49:54.233#Z#DEBUG#3ed74488-8bc1-11f1-85f0-eeee0a91cfe7.myfranchise-db-deployer#flowable-async-job-executor-thread-62830#
[PollStageAppStatusExecution] 29787a82-7f21-42fb-b29e-68fef013f5a1 [2026-07-30T02:27:45.501849] npm notice To update run: npm install -g npm@12.0.2 (STDERR, APP/TASK/deploy)#
#2026 07 30 02:49:54.233#Z#DEBUG#3ed74488-8bc1-11f1-85f0-eeee0a91cfe7.myfranchise-db-deployer#flowable-async-job-executor-thread-62830#
[PollStageAppStatusExecution] 29787a82-7f21-42fb-b29e-68fef013f5a1 [2026-07-30T02:27:45.501854] npm notice (STDERR, APP/TASK/deploy)#
#2026 07 30 02:49:54.233#Z#DEBUG#3ed74488-8bc1-11f1-85f0-eeee0a91cfe7.myfranchise-db-deployer#flowable-async-job-executor-thread-62830#
[PollStageAppStatusExecution] 29787a82-7f21-42fb-b29e-68fef013f5a1 [2026-07-30T02:27:45.556012] Exit status 0 (STDOUT, APP/TASK/deploy)#
#2026 07 30 02:49:54.233#Z#DEBUG#3ed74488-8bc1-11f1-85f0-eeee0a91cfe7.myfranchise-db-deployer#flowable-async-job-executor-thread-62830#
[PollStageAppStatusExecution] 29787a82-7f21-42fb-b29e-68fef013f5a1 [2026-07-30T02:27:46.056322] Cell 70c752ec-74c9-462a-8147-c4cdf5439f65 stopping instance f3293df5-ccfa-40d8-bc4f-cee0b1769b35 (STDOUT, CELL)#
#2026 07 30 02:49:54.233#Z#DEBUG#3ed74488-8bc1-11f1-85f0-eeee0a91cfe7.myfranchise-db-deployer#flowable-async-job-executor-thread-62830#
[PollStageAppStatusExecution] 29787a82-7f21-42fb-b29e-68fef013f5a1 [2026-07-30T02:27:46.056352] Cell 70c752ec-74c9-462a-8147-c4cdf5439f65 destroying container for instance f3293df5-ccfa-40d8-bc4f-cee0b1769b35 (STDOUT, CELL)#
#2026 07 30 02:49:54.233#Z#DEBUG#3ed74488-8bc1-11f1-85f0-eeee0a91cfe7.myfranchise-db-deployer#flowable-async-job-executor-thread-62830#
[PollStageAppStatusExecution] 29787a82-7f21-42fb-b29e-68fef013f5a1 [2026-07-30T02:27:47.805778] Cell 70c752ec-74c9-462a-8147-c4cdf5439f65 successfully destroyed container for instance f3293df5-ccfa-40d8-bc4f-cee0b1769b35 (STDOUT, CELL)#
#2026 07 30 02:49:54.233#Z#DEBUG#3ed74488-8bc1-11f1-85f0-eeee0a91cfe7.myfranchise-db-deployer#flowable-async-job-executor-thread-62830#
[PollStageAppStatusExecution] 29787a82-7f21-42fb-b29e-68fef013f5a1 [2026-07-30T02:37:25.461227] Updated app with guid 29787a82-7f21-42fb-b29e-68fef013f5a1 ({"lifecycle"=>{"data"=>{"buildpacks"=>["nodejs_buildpack"]}, "type"=>"buildpack"}}) (STDOUT, API)#
#2026 07 30 02:49:54.233#Z#DEBUG#3ed74488-8bc1-11f1-85f0-eeee0a91cfe7.myfranchise-db-deployer#flowable-async-job-executor-thread-62830#
[PollStageAppStatusExecution] 29787a82-7f21-42fb-b29e-68fef013f5a1 [2026-07-30T02:37:25.569760] Updating process: "web" (STDOUT, API)#
#2026 07 30 02:49:54.233#Z#DEBUG#3ed74488-8bc1-11f1-85f0-eeee0a91cfe7.myfranchise-db-deployer#flowable-async-job-executor-thread-62830#
[PollStageAppStatusExecution] 29787a82-7f21-42fb-b29e-68fef013f5a1 [2026-07-30T02:37:27.618155] Cell e07bf812-eb0a-496a-8728-2e644bd9e955 creating container for instance ee3bb3dc-6385-4cf3-90ce-73a14e77b1e2 (STDOUT, CELL)#
#2026 07 30 02:49:54.233#Z#DEBUG#3ed74488-8bc1-11f1-85f0-eeee0a91cfe7.myfranchise-db-deployer#flowable-async-job-executor-thread-62830#
[PollStageAppStatusExecution] 29787a82-7f21-42fb-b29e-68fef013f5a1 [2026-07-30T02:37:28.103375] Security group rules were updated (STDOUT, CELL)#
#2026 07 30 02:49:54.233#Z#DEBUG#3ed74488-8bc1-11f1-85f0-eeee0a91cfe7.myfranchise-db-deployer#flowable-async-job-executor-thread-62830#
[PollStageAppStatusExecution] 29787a82-7f21-42fb-b29e-68fef013f5a1 [2026-07-30T02:37:28.173950] Cell e07bf812-eb0a-496a-8728-2e644bd9e955 successfully created container for instance ee3bb3dc-6385-4cf3-90ce-73a14e77b1e2 (STDOUT, CELL)#
#2026 07 30 02:49:54.233#Z#DEBUG#3ed74488-8bc1-11f1-85f0-eeee0a91cfe7.myfranchise-db-deployer#flowable-async-job-executor-thread-62830#
[PollStageAppStatusExecution] 29787a82-7f21-42fb-b29e-68fef013f5a1 [2026-07-30T02:37:32.958022] Invoking pre-start scripts. (STDOUT, APP/TASK/deploy)#
#2026 07 30 02:49:54.233#Z#DEBUG#3ed74488-8bc1-11f1-85f0-eeee0a91cfe7.myfranchise-db-deployer#flowable-async-job-executor-thread-62830#
[PollStageAppStatusExecution] 29787a82-7f21-42fb-b29e-68fef013f5a1 [2026-07-30T02:37:33.105605] Invoking start command. (STDOUT, APP/TASK/deploy)#
#2026 07 30 02:49:54.233#Z#DEBUG#3ed74488-8bc1-11f1-85f0-eeee0a91cfe7.myfranchise-db-deployer#flowable-async-job-executor-thread-62830#
[PollStageAppStatusExecution] 29787a82-7f21-42fb-b29e-68fef013f5a1 [2026-07-30T02:37:33.434417] > start (STDOUT, APP/TASK/deploy)#
#2026 07 30 02:49:54.233#Z#DEBUG#3ed74488-8bc1-11f1-85f0-eeee0a91cfe7.myfranchise-db-deployer#flowable-async-job-executor-thread-62830#
[PollStageAppStatusExecution] 29787a82-7f21-42fb-b29e-68fef013f5a1 [2026-07-30T02:37:33.434446] > node node_modules/@sap/hdi-deploy/deploy.js --use-hdb --parameter com.sap.hana.di.table/try_fast_table_migration=true (STDOUT, APP/TASK/deploy)#
#2026 07 30 02:49:54.233#Z#DEBUG#3ed74488-8bc1-11f1-85f0-eeee0a91cfe7.myfranchise-db-deployer#flowable-async-job-executor-thread-62830#
[PollStageAppStatusExecution] 29787a82-7f21-42fb-b29e-68fef013f5a1 [2026-07-30T02:37:33.543078] VCAP_SERVICES: (STDOUT, APP/TASK/deploy)#
#2026 07 30 02:49:54.233#Z#DEBUG#3ed74488-8bc1-11f1-85f0-eeee0a91cfe7.myfranchise-db-deployer#flowable-async-job-executor-thread-62830#
[PollStageAppStatusExecution] 29787a82-7f21-42fb-b29e-68fef013f5a1 [2026-07-30T02:37:33.543630] { (STDOUT, APP/TASK/deploy)#
#2026 07 30 02:49:54.233#Z#DEBUG#3ed74488-8bc1-11f1-85f0-eeee0a91cfe7.myfranchise-db-deployer#flowable-async-job-executor-thread-62830#
[PollStageAppStatusExecution] 29787a82-7f21-42fb-b29e-68fef013f5a1 [2026-07-30T02:37:33.543655] "hana": [ (STDOUT, APP/TASK/deploy)#
#2026 07 30 02:49:54.233#Z#DEBUG#3ed74488-8bc1-11f1-85f0-eeee0a91cfe7.myfranchise-db-deployer#flowable-async-job-executor-thread-62830#
[PollStageAppStatusExecution] 29787a82-7f21-42fb-b29e-68fef013f5a1 [2026-07-30T02:37:33.543664] { (STDOUT, APP/TASK/deploy)#
#2026 07 30 02:49:54.233#Z#DEBUG#3ed74488-8bc1-11f1-85f0-eeee0a91cfe7.myfranchise-db-deployer#flowable-async-job-executor-thread-62830#
[PollStageAppStatusExecution] 29787a82-7f21-42fb-b29e-68fef013f5a1 [2026-07-30T02:37:33.543668] "name": "myfranchise-db", (STDOUT, APP/TASK/deploy)#
#2026 07 30 02:49:54.233#Z#DEBUG#3ed74488-8bc1-11f1-85f0-eeee0a91cfe7.myfranchise-db-deployer#flowable-async-job-executor-thread-62830#
[PollStageAppStatusExecution] 29787a82-7f21-42fb-b29e-68fef013f5a1 [2026-07-30T02:37:33.543672] "label": "hana", (STDOUT, APP/TASK/deploy)#
#2026 07 30 02:49:54.233#Z#DEBUG#3ed74488-8bc1-11f1-85f0-eeee0a91cfe7.myfranchise-db-deployer#flowable-async-job-executor-thread-62830#
[PollStageAppStatusExecution] 29787a82-7f21-42fb-b29e-68fef013f5a1 [2026-07-30T02:37:33.543674] "plan": "hdi-shared", (STDOUT, APP/TASK/deploy)#
#2026 07 30 02:49:54.233#Z#DEBUG#3ed74488-8bc1-11f1-85f0-eeee0a91cfe7.myfranchise-db-deployer#flowable-async-job-executor-thread-62830#
[PollStageAppStatusExecution] 29787a82-7f21-42fb-b29e-68fef013f5a1 [2026-07-30T02:37:33.543679] "credentials": { (STDOUT, APP/TASK/deploy)#
#2026 07 30 02:49:54.233#Z#DEBUG#3ed74488-8bc1-11f1-85f0-eeee0a91cfe7.myfranchise-db-deployer#flowable-async-job-executor-thread-62830#
[PollStageAppStatusExecution] 29787a82-7f21-42fb-b29e-68fef013f5a1 [2026-07-30T02:37:33.543682] "schema": "2177F43B75D34848AE3EA84FAB461E66", (STDOUT, APP/TASK/deploy)#
#2026 07 30 02:49:54.233#Z#DEBUG#3ed74488-8bc1-11f1-85f0-eeee0a91cfe7.myfranchise-db-deployer#flowable-async-job-executor-thread-62830#
[PollStageAppStatusExecution] 29787a82-7f21-42fb-b29e-68fef013f5a1 [2026-07-30T02:37:33.543685] "database_id": "70ddf6e8-ee91-4a59-aa45-f2009a7e6ff9", (STDOUT, APP/TASK/deploy)#
#2026 07 30 02:49:54.233#Z#DEBUG#3ed74488-8bc1-11f1-85f0-eeee0a91cfe7.myfranchise-db-deployer#flowable-async-job-executor-thread-62830#
[PollStageAppStatusExecution] 29787a82-7f21-42fb-b29e-68fef013f5a1 [2026-07-30T02:37:33.543688] "user": "2177F43B75D34848AE3EA84FAB461E66_1Z95B3L8QXHR5EZEQDDCB7IZ3_RT", (STDOUT, APP/TASK/deploy)#
#2026 07 30 02:49:54.233#Z#DEBUG#3ed74488-8bc1-11f1-85f0-eeee0a91cfe7.myfranchise-db-deployer#flowable-async-job-executor-thread-62830#
[PollStageAppStatusExecution] 29787a82-7f21-42fb-b29e-68fef013f5a1 [2026-07-30T02:37:33.543690] "hdi_user": "2177F43B75D34848AE3EA84FAB461E66_1Z95B3L8QXHR5EZEQDDCB7IZ3_DT" (STDOUT, APP/TASK/deploy)#
#2026 07 30 02:49:54.233#Z#DEBUG#3ed74488-8bc1-11f1-85f0-eeee0a91cfe7.myfranchise-db-deployer#flowable-async-job-executor-thread-62830#
[PollStageAppStatusExecution] 29787a82-7f21-42fb-b29e-68fef013f5a1 [2026-07-30T02:37:33.543692] }, (STDOUT, APP/TASK/deploy)#
#2026 07 30 02:49:54.233#Z#DEBUG#3ed74488-8bc1-11f1-85f0-eeee0a91cfe7.myfranchise-db-deployer#flowable-async-job-executor-thread-62830#
[PollStageAppStatusExecution] 29787a82-7f21-42fb-b29e-68fef013f5a1 [2026-07-30T02:37:33.543694] "tags": [ (STDOUT, APP/TASK/deploy)#
#2026 07 30 02:49:54.233#Z#DEBUG#3ed74488-8bc1-11f1-85f0-eeee0a91cfe7.myfranchise-db-deployer#flowable-async-job-executor-thread-62830#
[PollStageAppStatusExecution] 29787a82-7f21-42fb-b29e-68fef013f5a1 [2026-07-30T02:37:33.543696] "hana", (STDOUT, APP/TASK/deploy)#
#2026 07 30 02:49:54.233#Z#DEBUG#3ed74488-8bc1-11f1-85f0-eeee0a91cfe7.myfranchise-db-deployer#flowable-async-job-executor-thread-62830#
[PollStageAppStatusExecution] 29787a82-7f21-42fb-b29e-68fef013f5a1 [2026-07-30T02:37:33.543697] "database", (STDOUT, APP/TASK/deploy)#
#2026 07 30 02:49:54.233#Z#DEBUG#3ed74488-8bc1-11f1-85f0-eeee0a91cfe7.myfranchise-db-deployer#flowable-async-job-executor-thread-62830#
[PollStageAppStatusExecution] 29787a82-7f21-42fb-b29e-68fef013f5a1 [2026-07-30T02:37:33.543699] "relational" (STDOUT, APP/TASK/deploy)#
#2026 07 30 02:49:54.233#Z#DEBUG#3ed74488-8bc1-11f1-85f0-eeee0a91cfe7.myfranchise-db-deployer#flowable-async-job-executor-thread-62830#
[PollStageAppStatusExecution] 29787a82-7f21-42fb-b29e-68fef013f5a1 [2026-07-30T02:37:33.543702] ] (STDOUT, APP/TASK/deploy)#
#2026 07 30 02:49:54.233#Z#DEBUG#3ed74488-8bc1-11f1-85f0-eeee0a91cfe7.myfranchise-db-deployer#flowable-async-job-executor-thread-62830#
[PollStageAppStatusExecution] 29787a82-7f21-42fb-b29e-68fef013f5a1 [2026-07-30T02:37:33.543704] } (STDOUT, APP/TASK/deploy)#
#2026 07 30 02:49:54.233#Z#DEBUG#3ed74488-8bc1-11f1-85f0-eeee0a91cfe7.myfranchise-db-deployer#flowable-async-job-executor-thread-62830#
[PollStageAppStatusExecution] 29787a82-7f21-42fb-b29e-68fef013f5a1 [2026-07-30T02:37:33.543708] ] (STDOUT, APP/TASK/deploy)#
#2026 07 30 02:49:54.233#Z#DEBUG#3ed74488-8bc1-11f1-85f0-eeee0a91cfe7.myfranchise-db-deployer#flowable-async-job-executor-thread-62830#
[PollStageAppStatusExecution] 29787a82-7f21-42fb-b29e-68fef013f5a1 [2026-07-30T02:37:33.543710] } (STDOUT, APP/TASK/deploy)#
#2026 07 30 02:49:54.233#Z#DEBUG#3ed74488-8bc1-11f1-85f0-eeee0a91cfe7.myfranchise-db-deployer#flowable-async-job-executor-thread-62830#
[PollStageAppStatusExecution] 29787a82-7f21-42fb-b29e-68fef013f5a1 [2026-07-30T02:37:33.884848] @sap/hdi-deploy, version 5.7.0 (mode default), server version 4.00.000.00.1770715222 (4.0.0.0), cloud version 2025.40.13, node version 24.15.0, HDI version 1016, container API version 1007 (STDOUT, APP/TASK/deploy)#
#2026 07 30 02:49:54.233#Z#DEBUG#3ed74488-8bc1-11f1-85f0-eeee0a91cfe7.myfranchise-db-deployer#flowable-async-job-executor-thread-62830#
[PollStageAppStatusExecution] 29787a82-7f21-42fb-b29e-68fef013f5a1 [2026-07-30T02:37:33.884869] Deployment started at 2026-07-30 02:37:33 (STDOUT, APP/TASK/deploy)#
#2026 07 30 02:49:54.233#Z#DEBUG#3ed74488-8bc1-11f1-85f0-eeee0a91cfe7.myfranchise-db-deployer#flowable-async-job-executor-thread-62830#
[PollStageAppStatusExecution] 29787a82-7f21-42fb-b29e-68fef013f5a1 [2026-07-30T02:37:33.885117] Using hdb@2.29.5 for connection (STDOUT, APP/TASK/deploy)#
#2026 07 30 02:49:54.233#Z#DEBUG#3ed74488-8bc1-11f1-85f0-eeee0a91cfe7.myfranchise-db-deployer#flowable-async-job-executor-thread-62830#
[PollStageAppStatusExecution] 29787a82-7f21-42fb-b29e-68fef013f5a1 [2026-07-30T02:37:33.899230] No ignore file at /home/vcap/app/.hdiignore. (STDOUT, APP/TASK/deploy)#
#2026 07 30 02:49:54.233#Z#DEBUG#3ed74488-8bc1-11f1-85f0-eeee0a91cfe7.myfranchise-db-deployer#flowable-async-job-executor-thread-62830#
[PollStageAppStatusExecution] 29787a82-7f21-42fb-b29e-68fef013f5a1 [2026-07-30T02:37:33.899391] Collecting files... (STDOUT, APP/TASK/deploy)#
#2026 07 30 02:49:54.233#Z#DEBUG#3ed74488-8bc1-11f1-85f0-eeee0a91cfe7.myfranchise-db-deployer#flowable-async-job-executor-thread-62830#
[PollStageAppStatusExecution] 29787a82-7f21-42fb-b29e-68fef013f5a1 [2026-07-30T02:37:33.908832] Collecting files... ok (0s 9ms) (STDOUT, APP/TASK/deploy)#
#2026 07 30 02:49:54.233#Z#DEBUG#3ed74488-8bc1-11f1-85f0-eeee0a91cfe7.myfranchise-db-deployer#flowable-async-job-executor-thread-62830#
[PollStageAppStatusExecution] 29787a82-7f21-42fb-b29e-68fef013f5a1 [2026-07-30T02:37:33.908848] 3 directories collected (STDOUT, APP/TASK/deploy)#
#2026 07 30 02:49:54.233#Z#DEBUG#3ed74488-8bc1-11f1-85f0-eeee0a91cfe7.myfranchise-db-deployer#flowable-async-job-executor-thread-62830#
[PollStageAppStatusExecution] 29787a82-7f21-42fb-b29e-68fef013f5a1 [2026-07-30T02:37:33.908850] 313 files collected (STDOUT, APP/TASK/deploy)#
#2026 07 30 02:49:54.233#Z#DEBUG#3ed74488-8bc1-11f1-85f0-eeee0a91cfe7.myfranchise-db-deployer#flowable-async-job-executor-thread-62830#
[PollStageAppStatusExecution] 29787a82-7f21-42fb-b29e-68fef013f5a1 [2026-07-30T02:37:33.908852] 0 reusable modules collected (STDOUT, APP/TASK/deploy)#
#2026 07 30 02:49:54.233#Z#DEBUG#3ed74488-8bc1-11f1-85f0-eeee0a91cfe7.myfranchise-db-deployer#flowable-async-job-executor-thread-62830#
[PollStageAppStatusExecution] 29787a82-7f21-42fb-b29e-68fef013f5a1 [2026-07-30T02:37:33.909122] Target service: myfranchise-db (STDOUT, APP/TASK/deploy)#
#2026 07 30 02:49:54.233#Z#DEBUG#3ed74488-8bc1-11f1-85f0-eeee0a91cfe7.myfranchise-db-deployer#flowable-async-job-executor-thread-62830#
[PollStageAppStatusExecution] 29787a82-7f21-42fb-b29e-68fef013f5a1 [2026-07-30T02:37:34.100514] Previous build with request ID 1161 finished at 2026-07-30T02:27:45.398 with status Committed and message: Make succeeded (0 warnings): 313 files deployed (effective 348), 0 files undeployed (effective 0), 0 dependent files redeployed. (STDOUT, APP/TASK/deploy)#
#2026 07 30 02:49:54.233#Z#DEBUG#3ed74488-8bc1-11f1-85f0-eeee0a91cfe7.myfranchise-db-deployer#flowable-async-job-executor-thread-62830#
[PollStageAppStatusExecution] 29787a82-7f21-42fb-b29e-68fef013f5a1 [2026-07-30T02:37:34.100630] Processing revoke files... (STDOUT, APP/TASK/deploy)#
#2026 07 30 02:49:54.233#Z#DEBUG#3ed74488-8bc1-11f1-85f0-eeee0a91cfe7.myfranchise-db-deployer#flowable-async-job-executor-thread-62830#
[PollStageAppStatusExecution] 29787a82-7f21-42fb-b29e-68fef013f5a1 [2026-07-30T02:37:34.100824] Processing revoke files... ok (0s 0ms) (STDOUT, APP/TASK/deploy)#
#2026 07 30 02:49:54.233#Z#DEBUG#3ed74488-8bc1-11f1-85f0-eeee0a91cfe7.myfranchise-db-deployer#flowable-async-job-executor-thread-62830#
[PollStageAppStatusExecution] 29787a82-7f21-42fb-b29e-68fef013f5a1 [2026-07-30T02:37:34.100971] Processing grants files... (STDOUT, APP/TASK/deploy)#
#2026 07 30 02:49:54.233#Z#DEBUG#3ed74488-8bc1-11f1-85f0-eeee0a91cfe7.myfranchise-db-deployer#flowable-async-job-executor-thread-62830#
[PollStageAppStatusExecution] 29787a82-7f21-42fb-b29e-68fef013f5a1 [2026-07-30T02:37:34.101013] Processing grants files... ok (0s 0ms) (STDOUT, APP/TASK/deploy)#
#2026 07 30 02:49:54.233#Z#DEBUG#3ed74488-8bc1-11f1-85f0-eeee0a91cfe7.myfranchise-db-deployer#flowable-async-job-executor-thread-62830#
[PollStageAppStatusExecution] 29787a82-7f21-42fb-b29e-68fef013f5a1 [2026-07-30T02:37:34.103062] Preprocessing files... (STDOUT, APP/TASK/deploy)#
#2026 07 30 02:49:54.233#Z#DEBUG#3ed74488-8bc1-11f1-85f0-eeee0a91cfe7.myfranchise-db-deployer#flowable-async-job-executor-thread-62830#
[PollStageAppStatusExecution] 29787a82-7f21-42fb-b29e-68fef013f5a1 [2026-07-30T02:37:34.103231] Preprocessing files... ok (0s 0ms) (STDOUT, APP/TASK/deploy)#
#2026 07 30 02:49:54.233#Z#DEBUG#3ed74488-8bc1-11f1-85f0-eeee0a91cfe7.myfranchise-db-deployer#flowable-async-job-executor-thread-62830#
[PollStageAppStatusExecution] 29787a82-7f21-42fb-b29e-68fef013f5a1 [2026-07-30T02:37:34.103323] Connecting to the container "2177F43B75D34848AE3EA84FAB461E66"... (STDOUT, APP/TASK/deploy)#
#2026 07 30 02:49:54.233#Z#DEBUG#3ed74488-8bc1-11f1-85f0-eeee0a91cfe7.myfranchise-db-deployer#flowable-async-job-executor-thread-62830#
[PollStageAppStatusExecution] 29787a82-7f21-42fb-b29e-68fef013f5a1 [2026-07-30T02:37:34.168716] Connecting to the container "2177F43B75D34848AE3EA84FAB461E66"... ok (0s 65ms) (STDOUT, APP/TASK/deploy)#
#2026 07 30 02:49:54.233#Z#DEBUG#3ed74488-8bc1-11f1-85f0-eeee0a91cfe7.myfranchise-db-deployer#flowable-async-job-executor-thread-62830#
[PollStageAppStatusExecution] 29787a82-7f21-42fb-b29e-68fef013f5a1 [2026-07-30T02:37:34.168741] Locking the container "2177F43B75D34848AE3EA84FAB461E66"... (STDOUT, APP/TASK/deploy)#
#2026 07 30 02:49:54.233#Z#DEBUG#3ed74488-8bc1-11f1-85f0-eeee0a91cfe7.myfranchise-db-deployer#flowable-async-job-executor-thread-62830#
[PollStageAppStatusExecution] 29787a82-7f21-42fb-b29e-68fef013f5a1 [2026-07-30T02:37:34.299690] Locking the container "2177F43B75D34848AE3EA84FAB461E66"... ok (0s 131ms) (STDOUT, APP/TASK/deploy)#
#2026 07 30 02:49:54.233#Z#DEBUG#3ed74488-8bc1-11f1-85f0-eeee0a91cfe7.myfranchise-db-deployer#flowable-async-job-executor-thread-62830#
[PollStageAppStatusExecution] 29787a82-7f21-42fb-b29e-68fef013f5a1 [2026-07-30T02:37:34.299717] Synchronizing files with the container "2177F43B75D34848AE3EA84FAB461E66"... (STDOUT, APP/TASK/deploy)#
#2026 07 30 02:49:54.233#Z#DEBUG#3ed74488-8bc1-11f1-85f0-eeee0a91cfe7.myfranchise-db-deployer#flowable-async-job-executor-thread-62830#
[PollStageAppStatusExecution] 29787a82-7f21-42fb-b29e-68fef013f5a1 [2026-07-30T02:37:34.746665] Deleting files... (STDOUT, APP/TASK/deploy)#
#2026 07 30 02:49:54.233#Z#DEBUG#3ed74488-8bc1-11f1-85f0-eeee0a91cfe7.myfranchise-db-deployer#flowable-async-job-executor-thread-62830#
[PollStageAppStatusExecution] 29787a82-7f21-42fb-b29e-68fef013f5a1 [2026-07-30T02:37:34.927293] Deleting files... ok (STDOUT, APP/TASK/deploy)#
#2026 07 30 02:49:54.233#Z#DEBUG#3ed74488-8bc1-11f1-85f0-eeee0a91cfe7.myfranchise-db-deployer#flowable-async-job-executor-thread-62830#
[PollStageAppStatusExecution] 29787a82-7f21-42fb-b29e-68fef013f5a1 [2026-07-30T02:37:34.927315] Writing files... (STDOUT, APP/TASK/deploy)#
#2026 07 30 02:49:54.233#Z#DEBUG#3ed74488-8bc1-11f1-85f0-eeee0a91cfe7.myfranchise-db-deployer#flowable-async-job-executor-thread-62830#
[PollStageAppStatusExecution] 29787a82-7f21-42fb-b29e-68fef013f5a1 [2026-07-30T02:37:34.927584] Writing 3 items (STDOUT, APP/TASK/deploy)#
#2026 07 30 02:49:54.233#Z#DEBUG#3ed74488-8bc1-11f1-85f0-eeee0a91cfe7.myfranchise-db-deployer#flowable-async-job-executor-thread-62830#
[PollStageAppStatusExecution] 29787a82-7f21-42fb-b29e-68fef013f5a1 [2026-07-30T02:37:35.127391] Writing files... ok (STDOUT, APP/TASK/deploy)#
#2026 07 30 02:49:54.233#Z#DEBUG#3ed74488-8bc1-11f1-85f0-eeee0a91cfe7.myfranchise-db-deployer#flowable-async-job-executor-thread-62830#
[PollStageAppStatusExecution] 29787a82-7f21-42fb-b29e-68fef013f5a1 [2026-07-30T02:37:35.127422] Synchronizing files with the container "2177F43B75D34848AE3EA84FAB461E66"... ok (0s 828ms) (STDOUT, APP/TASK/deploy)#
#2026 07 30 02:49:54.233#Z#DEBUG#3ed74488-8bc1-11f1-85f0-eeee0a91cfe7.myfranchise-db-deployer#flowable-async-job-executor-thread-62830#
[PollStageAppStatusExecution] 29787a82-7f21-42fb-b29e-68fef013f5a1 [2026-07-30T02:37:35.127711] added files: [] (STDOUT, APP/TASK/deploy)#
#2026 07 30 02:49:54.233#Z#DEBUG#3ed74488-8bc1-11f1-85f0-eeee0a91cfe7.myfranchise-db-deployer#flowable-async-job-executor-thread-62830#
[PollStageAppStatusExecution] 29787a82-7f21-42fb-b29e-68fef013f5a1 [2026-07-30T02:37:35.127732] modified files: [] (STDOUT, APP/TASK/deploy)#
#2026 07 30 02:49:54.233#Z#DEBUG#3ed74488-8bc1-11f1-85f0-eeee0a91cfe7.myfranchise-db-deployer#flowable-async-job-executor-thread-62830#
[PollStageAppStatusExecution] 29787a82-7f21-42fb-b29e-68fef013f5a1 [2026-07-30T02:37:35.127735] deleted files: [] (STDOUT, APP/TASK/deploy)#
#2026 07 30 02:49:54.233#Z#DEBUG#3ed74488-8bc1-11f1-85f0-eeee0a91cfe7.myfranchise-db-deployer#flowable-async-job-executor-thread-62830#
[PollStageAppStatusExecution] 29787a82-7f21-42fb-b29e-68fef013f5a1 [2026-07-30T02:37:35.127834] 0 modified or added files are scheduled for deploy based on delta detection (STDOUT, APP/TASK/deploy)#
#2026 07 30 02:49:54.233#Z#DEBUG#3ed74488-8bc1-11f1-85f0-eeee0a91cfe7.myfranchise-db-deployer#flowable-async-job-executor-thread-62830#
[PollStageAppStatusExecution] 29787a82-7f21-42fb-b29e-68fef013f5a1 [2026-07-30T02:37:35.128153] 0 deleted files are scheduled for undeploy based on delta detection (filtered by undeploy allowlist) (STDOUT, APP/TASK/deploy)#
#2026 07 30 02:49:54.233#Z#DEBUG#3ed74488-8bc1-11f1-85f0-eeee0a91cfe7.myfranchise-db-deployer#flowable-async-job-executor-thread-62830#
[PollStageAppStatusExecution] 29787a82-7f21-42fb-b29e-68fef013f5a1 [2026-07-30T02:37:35.128175] 0 files are scheduled for deploy based on explicit specification (STDOUT, APP/TASK/deploy)#
#2026 07 30 02:49:54.233#Z#DEBUG#3ed74488-8bc1-11f1-85f0-eeee0a91cfe7.myfranchise-db-deployer#flowable-async-job-executor-thread-62830#
[PollStageAppStatusExecution] 29787a82-7f21-42fb-b29e-68fef013f5a1 [2026-07-30T02:37:35.128180] 0 files are scheduled for undeploy based on explicit specification (STDOUT, APP/TASK/deploy)#
#2026 07 30 02:49:54.233#Z#DEBUG#3ed74488-8bc1-11f1-85f0-eeee0a91cfe7.myfranchise-db-deployer#flowable-async-job-executor-thread-62830#
[PollStageAppStatusExecution] 29787a82-7f21-42fb-b29e-68fef013f5a1 [2026-07-30T02:37:35.128185] Deploying to the container "2177F43B75D34848AE3EA84FAB461E66"... (STDOUT, APP/TASK/deploy)#
#2026 07 30 02:49:54.233#Z#DEBUG#3ed74488-8bc1-11f1-85f0-eeee0a91cfe7.myfranchise-db-deployer#flowable-async-job-executor-thread-62830#
[PollStageAppStatusExecution] 29787a82-7f21-42fb-b29e-68fef013f5a1 [2026-07-30T02:37:35.442771] Starting make in the container "2177F43B75D34848AE3EA84FAB461E66" with 0 files to deploy, 0 files to undeploy... (STDOUT, APP/TASK/deploy)#
#2026 07 30 02:49:54.233#Z#DEBUG#3ed74488-8bc1-11f1-85f0-eeee0a91cfe7.myfranchise-db-deployer#flowable-async-job-executor-thread-62830#
[PollStageAppStatusExecution] 29787a82-7f21-42fb-b29e-68fef013f5a1 [2026-07-30T02:37:35.442802] Disabling table replication for the container schema "2177F43B75D34848AE3EA84FAB461E66"... (STDOUT, APP/TASK/deploy)#
#2026 07 30 02:49:54.233#Z#DEBUG#3ed74488-8bc1-11f1-85f0-eeee0a91cfe7.myfranchise-db-deployer#flowable-async-job-executor-thread-62830#
[PollStageAppStatusExecution] 29787a82-7f21-42fb-b29e-68fef013f5a1 [2026-07-30T02:37:35.442805] Disabling table replication for the container schema "2177F43B75D34848AE3EA84FAB461E66"... ok (0s 15ms) (STDOUT, APP/TASK/deploy)#
#2026 07 30 02:49:54.233#Z#DEBUG#3ed74488-8bc1-11f1-85f0-eeee0a91cfe7.myfranchise-db-deployer#flowable-async-job-executor-thread-62830#
[PollStageAppStatusExecution] 29787a82-7f21-42fb-b29e-68fef013f5a1 [2026-07-30T02:37:35.442808] Migrating libraries... (STDOUT, APP/TASK/deploy)#
#2026 07 30 02:49:54.233#Z#DEBUG#3ed74488-8bc1-11f1-85f0-eeee0a91cfe7.myfranchise-db-deployer#flowable-async-job-executor-thread-62830#
[PollStageAppStatusExecution] 29787a82-7f21-42fb-b29e-68fef013f5a1 [2026-07-30T02:37:35.442815] Migrating libraries... ok (0s 19ms) (STDOUT, APP/TASK/deploy)#
#2026 07 30 02:49:54.233#Z#DEBUG#3ed74488-8bc1-11f1-85f0-eeee0a91cfe7.myfranchise-db-deployer#flowable-async-job-executor-thread-62830#
[PollStageAppStatusExecution] 29787a82-7f21-42fb-b29e-68fef013f5a1 [2026-07-30T02:37:35.442829] Making... (STDOUT, APP/TASK/deploy)#
#2026 07 30 02:49:54.233#Z#DEBUG#3ed74488-8bc1-11f1-85f0-eeee0a91cfe7.myfranchise-db-deployer#flowable-async-job-executor-thread-62830#
[PollStageAppStatusExecution] 29787a82-7f21-42fb-b29e-68fef013f5a1 [2026-07-30T02:37:35.442831] Preparing... (STDOUT, APP/TASK/deploy)#
#2026 07 30 02:49:54.233#Z#DEBUG#3ed74488-8bc1-11f1-85f0-eeee0a91cfe7.myfranchise-db-deployer#flowable-async-job-executor-thread-62830#
[PollStageAppStatusExecution] 29787a82-7f21-42fb-b29e-68fef013f5a1 [2026-07-30T02:37:35.442833] Preparing... ok (0s 0ms) (STDOUT, APP/TASK/deploy)#
#2026 07 30 02:49:54.233#Z#DEBUG#3ed74488-8bc1-11f1-85f0-eeee0a91cfe7.myfranchise-db-deployer#flowable-async-job-executor-thread-62830#
[PollStageAppStatusExecution] 29787a82-7f21-42fb-b29e-68fef013f5a1 [2026-07-30T02:37:35.442841] Preparing the make transaction... (STDOUT, APP/TASK/deploy)#
#2026 07 30 02:49:54.233#Z#DEBUG#3ed74488-8bc1-11f1-85f0-eeee0a91cfe7.myfranchise-db-deployer#flowable-async-job-executor-thread-62830#
[PollStageAppStatusExecution] 29787a82-7f21-42fb-b29e-68fef013f5a1 [2026-07-30T02:37:35.442984] Preparing the make transaction... ok (0s 15ms) (STDOUT, APP/TASK/deploy)#
#2026 07 30 02:49:54.233#Z#DEBUG#3ed74488-8bc1-11f1-85f0-eeee0a91cfe7.myfranchise-db-deployer#flowable-async-job-executor-thread-62830#
[PollStageAppStatusExecution] 29787a82-7f21-42fb-b29e-68fef013f5a1 [2026-07-30T02:37:35.443013] Calculating dependencies... (STDOUT, APP/TASK/deploy)#
#2026 07 30 02:49:54.233#Z#DEBUG#3ed74488-8bc1-11f1-85f0-eeee0a91cfe7.myfranchise-db-deployer#flowable-async-job-executor-thread-62830#
[PollStageAppStatusExecution] 29787a82-7f21-42fb-b29e-68fef013f5a1 [2026-07-30T02:37:35.443020] Expanding... (STDOUT, APP/TASK/deploy)#
#2026 07 30 02:49:54.233#Z#DEBUG#3ed74488-8bc1-11f1-85f0-eeee0a91cfe7.myfranchise-db-deployer#flowable-async-job-executor-thread-62830#
[PollStageAppStatusExecution] 29787a82-7f21-42fb-b29e-68fef013f5a1 [2026-07-30T02:37:35.443063] Expanding... ok (0s 6ms) (STDOUT, APP/TASK/deploy)#
#2026 07 30 02:49:54.233#Z#DEBUG#3ed74488-8bc1-11f1-85f0-eeee0a91cfe7.myfranchise-db-deployer#flowable-async-job-executor-thread-62830#
[PollStageAppStatusExecution] 29787a82-7f21-42fb-b29e-68fef013f5a1 [2026-07-30T02:37:35.443073] Precompiling... (STDOUT, APP/TASK/deploy)#
#2026 07 30 02:49:54.233#Z#DEBUG#3ed74488-8bc1-11f1-85f0-eeee0a91cfe7.myfranchise-db-deployer#flowable-async-job-executor-thread-62830#
[PollStageAppStatusExecution] 29787a82-7f21-42fb-b29e-68fef013f5a1 [2026-07-30T02:37:35.443081] Precompiling... ok (0s 0ms) (STDOUT, APP/TASK/deploy)#
#2026 07 30 02:49:54.233#Z#DEBUG#3ed74488-8bc1-11f1-85f0-eeee0a91cfe7.myfranchise-db-deployer#flowable-async-job-executor-thread-62830#
[PollStageAppStatusExecution] 29787a82-7f21-42fb-b29e-68fef013f5a1 [2026-07-30T02:37:35.443153] Merging... (STDOUT, APP/TASK/deploy)#
#2026 07 30 02:49:54.233#Z#DEBUG#3ed74488-8bc1-11f1-85f0-eeee0a91cfe7.myfranchise-db-deployer#flowable-async-job-executor-thread-62830#
[PollStageAppStatusExecution] 29787a82-7f21-42fb-b29e-68fef013f5a1 [2026-07-30T02:37:35.443166] Merging... ok (0s 0ms) (STDOUT, APP/TASK/deploy)#
#2026 07 30 02:49:54.233#Z#DEBUG#3ed74488-8bc1-11f1-85f0-eeee0a91cfe7.myfranchise-db-deployer#flowable-async-job-executor-thread-62830#
[PollStageAppStatusExecution] 29787a82-7f21-42fb-b29e-68fef013f5a1 [2026-07-30T02:37:35.443181] Calculating dependencies... ok (0s 6ms) (STDOUT, APP/TASK/deploy)#
#2026 07 30 02:49:54.233#Z#DEBUG#3ed74488-8bc1-11f1-85f0-eeee0a91cfe7.myfranchise-db-deployer#flowable-async-job-executor-thread-62830#
[PollStageAppStatusExecution] 29787a82-7f21-42fb-b29e-68fef013f5a1 [2026-07-30T02:37:35.443183] No make necessary (STDOUT, APP/TASK/deploy)#
#2026 07 30 02:49:54.233#Z#DEBUG#3ed74488-8bc1-11f1-85f0-eeee0a91cfe7.myfranchise-db-deployer#flowable-async-job-executor-thread-62830#
[PollStageAppStatusExecution] 29787a82-7f21-42fb-b29e-68fef013f5a1 [2026-07-30T02:37:35.443277] Making... ok (0s 66ms) (STDOUT, APP/TASK/deploy)#
#2026 07 30 02:49:54.233#Z#DEBUG#3ed74488-8bc1-11f1-85f0-eeee0a91cfe7.myfranchise-db-deployer#flowable-async-job-executor-thread-62830#
[PollStageAppStatusExecution] 29787a82-7f21-42fb-b29e-68fef013f5a1 [2026-07-30T02:37:35.443288] Enabling table replication for the container schema "2177F43B75D34848AE3EA84FAB461E66"... (STDOUT, APP/TASK/deploy)#
#2026 07 30 02:49:54.233#Z#DEBUG#3ed74488-8bc1-11f1-85f0-eeee0a91cfe7.myfranchise-db-deployer#flowable-async-job-executor-thread-62830#
[PollStageAppStatusExecution] 29787a82-7f21-42fb-b29e-68fef013f5a1 [2026-07-30T02:37:35.443294] Enabling table replication for the container schema "2177F43B75D34848AE3EA84FAB461E66"... ok (0s 13ms) (STDOUT, APP/TASK/deploy)#
#2026 07 30 02:49:54.233#Z#DEBUG#3ed74488-8bc1-11f1-85f0-eeee0a91cfe7.myfranchise-db-deployer#flowable-async-job-executor-thread-62830#
[PollStageAppStatusExecution] 29787a82-7f21-42fb-b29e-68fef013f5a1 [2026-07-30T02:37:35.443296] Starting make in the container "2177F43B75D34848AE3EA84FAB461E66" with 0 files to deploy, 0 files to undeploy... ok (0s 121ms) (STDOUT, APP/TASK/deploy)#
#2026 07 30 02:49:54.233#Z#DEBUG#3ed74488-8bc1-11f1-85f0-eeee0a91cfe7.myfranchise-db-deployer#flowable-async-job-executor-thread-62830#
[PollStageAppStatusExecution] 29787a82-7f21-42fb-b29e-68fef013f5a1 [2026-07-30T02:37:35.443919] Deploying to the container "2177F43B75D34848AE3EA84FAB461E66"... ok (0s 316ms) (STDOUT, APP/TASK/deploy)#
#2026 07 30 02:49:54.233#Z#DEBUG#3ed74488-8bc1-11f1-85f0-eeee0a91cfe7.myfranchise-db-deployer#flowable-async-job-executor-thread-62830#
[PollStageAppStatusExecution] 29787a82-7f21-42fb-b29e-68fef013f5a1 [2026-07-30T02:37:35.444179] No default-access-role handling needed; global role "2177F43B75D34848AE3EA84FAB461E66::access_role" will not be adapted (STDOUT, APP/TASK/deploy)#
#2026 07 30 02:49:54.233#Z#DEBUG#3ed74488-8bc1-11f1-85f0-eeee0a91cfe7.myfranchise-db-deployer#flowable-async-job-executor-thread-62830#
[PollStageAppStatusExecution] 29787a82-7f21-42fb-b29e-68fef013f5a1 [2026-07-30T02:37:35.444289] Unlocking the container "2177F43B75D34848AE3EA84FAB461E66"... (STDOUT, APP/TASK/deploy)#
#2026 07 30 02:49:54.233#Z#DEBUG#3ed74488-8bc1-11f1-85f0-eeee0a91cfe7.myfranchise-db-deployer#flowable-async-job-executor-thread-62830#
[PollStageAppStatusExecution] 29787a82-7f21-42fb-b29e-68fef013f5a1 [2026-07-30T02:37:35.444601] Unlocking the container "2177F43B75D34848AE3EA84FAB461E66"... ok (0s 0ms) (STDOUT, APP/TASK/deploy)#
#2026 07 30 02:49:54.233#Z#DEBUG#3ed74488-8bc1-11f1-85f0-eeee0a91cfe7.myfranchise-db-deployer#flowable-async-job-executor-thread-62830#
[PollStageAppStatusExecution] 29787a82-7f21-42fb-b29e-68fef013f5a1 [2026-07-30T02:37:35.444743] Deployment to container 2177F43B75D34848AE3EA84FAB461E66 done [Deployment ID: none]. (STDOUT, APP/TASK/deploy)#
#2026 07 30 02:49:54.233#Z#DEBUG#3ed74488-8bc1-11f1-85f0-eeee0a91cfe7.myfranchise-db-deployer#flowable-async-job-executor-thread-62830#
[PollStageAppStatusExecution] 29787a82-7f21-42fb-b29e-68fef013f5a1 [2026-07-30T02:37:35.445260] Deployment ended at 2026-07-30 02:37:35 (STDOUT, APP/TASK/deploy)#
#2026 07 30 02:49:54.233#Z#DEBUG#3ed74488-8bc1-11f1-85f0-eeee0a91cfe7.myfranchise-db-deployer#flowable-async-job-executor-thread-62830#
[PollStageAppStatusExecution] 29787a82-7f21-42fb-b29e-68fef013f5a1 [2026-07-30T02:37:35.445974] (1s 976ms) (STDOUT, APP/TASK/deploy)#
#2026 07 30 02:49:54.233#Z#DEBUG#3ed74488-8bc1-11f1-85f0-eeee0a91cfe7.myfranchise-db-deployer#flowable-async-job-executor-thread-62830#
[PollStageAppStatusExecution] 29787a82-7f21-42fb-b29e-68fef013f5a1 [2026-07-30T02:37:35.457235] npm notice (STDERR, APP/TASK/deploy)#
#2026 07 30 02:49:54.233#Z#DEBUG#3ed74488-8bc1-11f1-85f0-eeee0a91cfe7.myfranchise-db-deployer#flowable-async-job-executor-thread-62830#
[PollStageAppStatusExecution] 29787a82-7f21-42fb-b29e-68fef013f5a1 [2026-07-30T02:37:35.457254] npm notice New major version of npm available! 11.12.1 -> 12.0.2 (STDERR, APP/TASK/deploy)#
#2026 07 30 02:49:54.233#Z#DEBUG#3ed74488-8bc1-11f1-85f0-eeee0a91cfe7.myfranchise-db-deployer#flowable-async-job-executor-thread-62830#
[PollStageAppStatusExecution] 29787a82-7f21-42fb-b29e-68fef013f5a1 [2026-07-30T02:37:35.457257] npm notice Changelog: https://github.com/npm/cli/releases/tag/v12.0.2 (STDERR, APP/TASK/deploy)#
#2026 07 30 02:49:54.233#Z#DEBUG#3ed74488-8bc1-11f1-85f0-eeee0a91cfe7.myfranchise-db-deployer#flowable-async-job-executor-thread-62830#
[PollStageAppStatusExecution] 29787a82-7f21-42fb-b29e-68fef013f5a1 [2026-07-30T02:37:35.457259] npm notice To update run: npm install -g npm@12.0.2 (STDERR, APP/TASK/deploy)#
#2026 07 30 02:49:54.233#Z#DEBUG#3ed74488-8bc1-11f1-85f0-eeee0a91cfe7.myfranchise-db-deployer#flowable-async-job-executor-thread-62830#
[PollStageAppStatusExecution] 29787a82-7f21-42fb-b29e-68fef013f5a1 [2026-07-30T02:37:35.457262] npm notice (STDERR, APP/TASK/deploy)#
#2026 07 30 02:49:54.233#Z#DEBUG#3ed74488-8bc1-11f1-85f0-eeee0a91cfe7.myfranchise-db-deployer#flowable-async-job-executor-thread-62830#
[PollStageAppStatusExecution] 29787a82-7f21-42fb-b29e-68fef013f5a1 [2026-07-30T02:37:35.510857] Exit status 0 (STDOUT, APP/TASK/deploy)#
#2026 07 30 02:49:54.233#Z#DEBUG#3ed74488-8bc1-11f1-85f0-eeee0a91cfe7.myfranchise-db-deployer#flowable-async-job-executor-thread-62830#
[PollStageAppStatusExecution] 29787a82-7f21-42fb-b29e-68fef013f5a1 [2026-07-30T02:37:35.911822] Cell e07bf812-eb0a-496a-8728-2e644bd9e955 stopping instance ee3bb3dc-6385-4cf3-90ce-73a14e77b1e2 (STDOUT, CELL)#
#2026 07 30 02:49:54.233#Z#DEBUG#3ed74488-8bc1-11f1-85f0-eeee0a91cfe7.myfranchise-db-deployer#flowable-async-job-executor-thread-62830#
[PollStageAppStatusExecution] 29787a82-7f21-42fb-b29e-68fef013f5a1 [2026-07-30T02:37:35.911855] Cell e07bf812-eb0a-496a-8728-2e644bd9e955 destroying container for instance ee3bb3dc-6385-4cf3-90ce-73a14e77b1e2 (STDOUT, CELL)#
#2026 07 30 02:49:54.233#Z#DEBUG#3ed74488-8bc1-11f1-85f0-eeee0a91cfe7.myfranchise-db-deployer#flowable-async-job-executor-thread-62830#
[PollStageAppStatusExecution] 29787a82-7f21-42fb-b29e-68fef013f5a1 [2026-07-30T02:37:37.881080] Cell e07bf812-eb0a-496a-8728-2e644bd9e955 successfully destroyed container for instance ee3bb3dc-6385-4cf3-90ce-73a14e77b1e2 (STDOUT, CELL)#
#2026 07 30 02:49:54.233#Z#DEBUG#3ed74488-8bc1-11f1-85f0-eeee0a91cfe7.myfranchise-db-deployer#flowable-async-job-executor-thread-62830#
[PollStageAppStatusExecution] 29787a82-7f21-42fb-b29e-68fef013f5a1 [2026-07-30T02:49:24.847921] Updated app with guid 29787a82-7f21-42fb-b29e-68fef013f5a1 ({"lifecycle"=>{"data"=>{"buildpacks"=>["nodejs_buildpack"]}, "type"=>"buildpack"}}) (STDOUT, API)#
#2026 07 30 02:49:54.233#Z#DEBUG#3ed74488-8bc1-11f1-85f0-eeee0a91cfe7.myfranchise-db-deployer#flowable-async-job-executor-thread-62830#
[PollStageAppStatusExecution] 29787a82-7f21-42fb-b29e-68fef013f5a1 [2026-07-30T02:49:24.957259] Updating process: "web" (STDOUT, API)#
#2026 07 30 02:49:54.233#Z#DEBUG#3ed74488-8bc1-11f1-85f0-eeee0a91cfe7.myfranchise-db-deployer#flowable-async-job-executor-thread-62830#
[PollStageAppStatusExecution] 29787a82-7f21-42fb-b29e-68fef013f5a1 [2026-07-30T02:49:34.206605] Uploading app package for app with guid 29787a82-7f21-42fb-b29e-68fef013f5a1 (STDOUT, API)#
#2026 07 30 02:49:54.233#Z#DEBUG#3ed74488-8bc1-11f1-85f0-eeee0a91cfe7.myfranchise-db-deployer#flowable-async-job-executor-thread-62830#
[PollStageAppStatusExecution] 29787a82-7f21-42fb-b29e-68fef013f5a1 [2026-07-30T02:49:34.429834] Updated app with guid 29787a82-7f21-42fb-b29e-68fef013f5a1 ({"environment_variables"=>"[PRIVATE DATA HIDDEN]"}) (STDOUT, API)#
#2026 07 30 02:49:54.233#Z#DEBUG#3ed74488-8bc1-11f1-85f0-eeee0a91cfe7.myfranchise-db-deployer#flowable-async-job-executor-thread-62830#
[PollStageAppStatusExecution] 29787a82-7f21-42fb-b29e-68fef013f5a1 [2026-07-30T02:49:44.323213] Creating build for app with guid 29787a82-7f21-42fb-b29e-68fef013f5a1 (STDOUT, API)#
#2026 07 30 02:49:54.233#Z#DEBUG#3ed74488-8bc1-11f1-85f0-eeee0a91cfe7.myfranchise-db-deployer#flowable-async-job-executor-thread-62830#
[PollStageAppStatusExecution] 29787a82-7f21-42fb-b29e-68fef013f5a1 [2026-07-30T02:49:44.761372] Downloading nodejs_buildpack... (STDOUT, STG)#
#2026 07 30 02:50:04.267#Z#DEBUG#3ed74488-8bc1-11f1-85f0-eeee0a91cfe7.myfranchise-db-deployer#flowable-async-job-executor-thread-62839#
[PollStageAppStatusExecution] 29787a82-7f21-42fb-b29e-68fef013f5a1 [2026-07-30T02:50:01.335907] Downloaded nodejs_buildpack (560.6M) (STDOUT, STG)#
#2026 07 30 02:50:04.267#Z#DEBUG#3ed74488-8bc1-11f1-85f0-eeee0a91cfe7.myfranchise-db-deployer#flowable-async-job-executor-thread-62839#
[PollStageAppStatusExecution] 29787a82-7f21-42fb-b29e-68fef013f5a1 [2026-07-30T02:50:01.335982] Cell 97428f24-2047-4bed-a8ec-ca76a473de77 creating container for instance a8988b68-ca3c-4f40-8f64-87366845b96f (STDOUT, STG)#
#2026 07 30 02:50:04.267#Z#DEBUG#3ed74488-8bc1-11f1-85f0-eeee0a91cfe7.myfranchise-db-deployer#flowable-async-job-executor-thread-62839#
[PollStageAppStatusExecution] 29787a82-7f21-42fb-b29e-68fef013f5a1 [2026-07-30T02:50:01.875187] Security group rules were updated (STDOUT, STG)#
#2026 07 30 02:50:04.267#Z#DEBUG#3ed74488-8bc1-11f1-85f0-eeee0a91cfe7.myfranchise-db-deployer#flowable-async-job-executor-thread-62839#
[PollStageAppStatusExecution] 29787a82-7f21-42fb-b29e-68fef013f5a1 [2026-07-30T02:50:01.952603] Cell 97428f24-2047-4bed-a8ec-ca76a473de77 successfully created container for instance a8988b68-ca3c-4f40-8f64-87366845b96f (STDOUT, STG)#
#2026 07 30 02:50:04.267#Z#DEBUG#3ed74488-8bc1-11f1-85f0-eeee0a91cfe7.myfranchise-db-deployer#flowable-async-job-executor-thread-62839#
[PollStageAppStatusExecution] 29787a82-7f21-42fb-b29e-68fef013f5a1 [2026-07-30T02:50:02.717140] Downloading build artifacts cache... (STDOUT, STG)#
#2026 07 30 02:50:04.267#Z#DEBUG#3ed74488-8bc1-11f1-85f0-eeee0a91cfe7.myfranchise-db-deployer#flowable-async-job-executor-thread-62839#
[PollStageAppStatusExecution] 29787a82-7f21-42fb-b29e-68fef013f5a1 [2026-07-30T02:50:02.717153] Downloading app package... (STDOUT, STG)#
#2026 07 30 02:50:04.267#Z#DEBUG#3ed74488-8bc1-11f1-85f0-eeee0a91cfe7.myfranchise-db-deployer#flowable-async-job-executor-thread-62839#
[PollStageAppStatusExecution] 29787a82-7f21-42fb-b29e-68fef013f5a1 [2026-07-30T02:50:02.778348] Downloaded build artifacts cache (215B) (STDOUT, STG)#
#2026 07 30 02:50:04.267#Z#DEBUG#3ed74488-8bc1-11f1-85f0-eeee0a91cfe7.myfranchise-db-deployer#flowable-async-job-executor-thread-62839#
[PollStageAppStatusExecution] 29787a82-7f21-42fb-b29e-68fef013f5a1 [2026-07-30T02:50:03.025068] Downloaded app package (2.4M) (STDOUT, STG)#
#2026 07 30 02:50:04.267#Z#DEBUG#3ed74488-8bc1-11f1-85f0-eeee0a91cfe7.myfranchise-db-deployer#flowable-async-job-executor-thread-62839#
[PollStageAppStatusExecution] 29787a82-7f21-42fb-b29e-68fef013f5a1 [2026-07-30T02:50:03.100715] -----> Nodejs Buildpack version 1.9.2 (STDOUT, STG)#
#2026 07 30 02:50:04.267#Z#DEBUG#3ed74488-8bc1-11f1-85f0-eeee0a91cfe7.myfranchise-db-deployer#flowable-async-job-executor-thread-62839#
[PollStageAppStatusExecution] 29787a82-7f21-42fb-b29e-68fef013f5a1 [2026-07-30T02:50:03.203448] -----> Bootstrapping python (STDOUT, STG)#
#2026 07 30 02:50:04.267#Z#DEBUG#3ed74488-8bc1-11f1-85f0-eeee0a91cfe7.myfranchise-db-deployer#flowable-async-job-executor-thread-62839#
[PollStageAppStatusExecution] 29787a82-7f21-42fb-b29e-68fef013f5a1 [2026-07-30T02:50:03.203476] -----> Installing python 3.13.13 (STDOUT, STG)#
#2026 07 30 02:50:04.267#Z#DEBUG#3ed74488-8bc1-11f1-85f0-eeee0a91cfe7.myfranchise-db-deployer#flowable-async-job-executor-thread-62839#
[PollStageAppStatusExecution] 29787a82-7f21-42fb-b29e-68fef013f5a1 [2026-07-30T02:50:03.203484] Copy [/tmp/buildpacks/718562a61f132ed7/dependencies/268a5e3743d51a14b86ea9da64439307/python_3.13.13_linux_x64_cflinuxfs4_8311abbf.tgz] (STDOUT, STG)#
#2026 07 30 02:50:14.168#Z#DEBUG#3ed74488-8bc1-11f1-85f0-eeee0a91cfe7.myfranchise-db-deployer#flowable-async-job-executor-thread-62844#
[PollStageAppStatusExecution] 29787a82-7f21-42fb-b29e-68fef013f5a1 [2026-07-30T02:50:06.306507] -----> Installing binaries (STDOUT, STG)#
#2026 07 30 02:50:14.168#Z#DEBUG#3ed74488-8bc1-11f1-85f0-eeee0a91cfe7.myfranchise-db-deployer#flowable-async-job-executor-thread-62844#
[PollStageAppStatusExecution] 29787a82-7f21-42fb-b29e-68fef013f5a1 [2026-07-30T02:50:06.306625] engines.node (package.json): ^24 (STDOUT, STG)#
#2026 07 30 02:50:14.168#Z#DEBUG#3ed74488-8bc1-11f1-85f0-eeee0a91cfe7.myfranchise-db-deployer#flowable-async-job-executor-thread-62844#
[PollStageAppStatusExecution] 29787a82-7f21-42fb-b29e-68fef013f5a1 [2026-07-30T02:50:06.306638] engines.npm (package.json): unspecified (use default) (STDOUT, STG)#
#2026 07 30 02:50:14.168#Z#DEBUG#3ed74488-8bc1-11f1-85f0-eeee0a91cfe7.myfranchise-db-deployer#flowable-async-job-executor-thread-62844#
[PollStageAppStatusExecution] 29787a82-7f21-42fb-b29e-68fef013f5a1 [2026-07-30T02:50:06.306729] -----> Installing node 24.15.0 (STDOUT, STG)#
#2026 07 30 02:50:14.168#Z#DEBUG#3ed74488-8bc1-11f1-85f0-eeee0a91cfe7.myfranchise-db-deployer#flowable-async-job-executor-thread-62844#
[PollStageAppStatusExecution] 29787a82-7f21-42fb-b29e-68fef013f5a1 [2026-07-30T02:50:06.306846] Copy [/tmp/buildpacks/718562a61f132ed7/dependencies/6441e97e6386f47ec4c16cfdf8db0a17/node_24.15.0_linux_x64_cflinuxfs4_1a62d98b.tgz] (STDOUT, STG)#
#2026 07 30 02:50:14.168#Z#DEBUG#3ed74488-8bc1-11f1-85f0-eeee0a91cfe7.myfranchise-db-deployer#flowable-async-job-executor-thread-62844#
[PollStageAppStatusExecution] 29787a82-7f21-42fb-b29e-68fef013f5a1 [2026-07-30T02:50:08.146503] Using default npm version: 11.12.1 (STDOUT, STG)#
#2026 07 30 02:50:14.168#Z#DEBUG#3ed74488-8bc1-11f1-85f0-eeee0a91cfe7.myfranchise-db-deployer#flowable-async-job-executor-thread-62844#
[PollStageAppStatusExecution] 29787a82-7f21-42fb-b29e-68fef013f5a1 [2026-07-30T02:50:08.146527] -----> Installing yarn 1.22.22 (STDOUT, STG)#
#2026 07 30 02:50:14.168#Z#DEBUG#3ed74488-8bc1-11f1-85f0-eeee0a91cfe7.myfranchise-db-deployer#flowable-async-job-executor-thread-62844#
[PollStageAppStatusExecution] 29787a82-7f21-42fb-b29e-68fef013f5a1 [2026-07-30T02:50:08.146712] Copy [/tmp/buildpacks/718562a61f132ed7/dependencies/e4fe26756e9984a665478d350474fa2e/yarn_1.22.22_linux_noarch_any-stack_b6132b86.tgz] (STDOUT, STG)#
#2026 07 30 02:50:14.168#Z#DEBUG#3ed74488-8bc1-11f1-85f0-eeee0a91cfe7.myfranchise-db-deployer#flowable-async-job-executor-thread-62844#
[PollStageAppStatusExecution] 29787a82-7f21-42fb-b29e-68fef013f5a1 [2026-07-30T02:50:08.416887] Installed yarn 1.22.22 (STDOUT, STG)#
#2026 07 30 02:50:14.168#Z#DEBUG#3ed74488-8bc1-11f1-85f0-eeee0a91cfe7.myfranchise-db-deployer#flowable-async-job-executor-thread-62844#
[PollStageAppStatusExecution] 29787a82-7f21-42fb-b29e-68fef013f5a1 [2026-07-30T02:50:08.416924] -----> Creating runtime environment (STDOUT, STG)#
#2026 07 30 02:50:14.168#Z#DEBUG#3ed74488-8bc1-11f1-85f0-eeee0a91cfe7.myfranchise-db-deployer#flowable-async-job-executor-thread-62844#
[PollStageAppStatusExecution] 29787a82-7f21-42fb-b29e-68fef013f5a1 [2026-07-30T02:50:08.418510] NODE_ENV=production (STDOUT, STG)#
#2026 07 30 02:50:14.168#Z#DEBUG#3ed74488-8bc1-11f1-85f0-eeee0a91cfe7.myfranchise-db-deployer#flowable-async-job-executor-thread-62844#
[PollStageAppStatusExecution] 29787a82-7f21-42fb-b29e-68fef013f5a1 [2026-07-30T02:50:08.418529] NODE_HOME=/tmp/contents680819710/deps/0/node (STDOUT, STG)#
#2026 07 30 02:50:14.168#Z#DEBUG#3ed74488-8bc1-11f1-85f0-eeee0a91cfe7.myfranchise-db-deployer#flowable-async-job-executor-thread-62844#
[PollStageAppStatusExecution] 29787a82-7f21-42fb-b29e-68fef013f5a1 [2026-07-30T02:50:08.418535] NODE_MODULES_CACHE=true (STDOUT, STG)#
#2026 07 30 02:50:14.168#Z#DEBUG#3ed74488-8bc1-11f1-85f0-eeee0a91cfe7.myfranchise-db-deployer#flowable-async-job-executor-thread-62844#
[PollStageAppStatusExecution] 29787a82-7f21-42fb-b29e-68fef013f5a1 [2026-07-30T02:50:08.418538] NODE_VERBOSE=false (STDOUT, STG)#
#2026 07 30 02:50:14.168#Z#DEBUG#3ed74488-8bc1-11f1-85f0-eeee0a91cfe7.myfranchise-db-deployer#flowable-async-job-executor-thread-62844#
[PollStageAppStatusExecution] 29787a82-7f21-42fb-b29e-68fef013f5a1 [2026-07-30T02:50:08.418540] NPM_CONFIG_LOGLEVEL=error (STDOUT, STG)#
#2026 07 30 02:50:14.168#Z#DEBUG#3ed74488-8bc1-11f1-85f0-eeee0a91cfe7.myfranchise-db-deployer#flowable-async-job-executor-thread-62844#
[PollStageAppStatusExecution] 29787a82-7f21-42fb-b29e-68fef013f5a1 [2026-07-30T02:50:08.418542] NPM_CONFIG_PRODUCTION=true (STDOUT, STG)#
#2026 07 30 02:50:14.168#Z#DEBUG#3ed74488-8bc1-11f1-85f0-eeee0a91cfe7.myfranchise-db-deployer#flowable-async-job-executor-thread-62844#
[PollStageAppStatusExecution] 29787a82-7f21-42fb-b29e-68fef013f5a1 [2026-07-30T02:50:08.418557] -----> Building dependencies (STDOUT, STG)#
#2026 07 30 02:50:14.168#Z#DEBUG#3ed74488-8bc1-11f1-85f0-eeee0a91cfe7.myfranchise-db-deployer#flowable-async-job-executor-thread-62844#
[PollStageAppStatusExecution] 29787a82-7f21-42fb-b29e-68fef013f5a1 [2026-07-30T02:50:08.418560] Prebuild detected (node_modules already exists) (STDOUT, STG)#
#2026 07 30 02:50:14.168#Z#DEBUG#3ed74488-8bc1-11f1-85f0-eeee0a91cfe7.myfranchise-db-deployer#flowable-async-job-executor-thread-62844#
[PollStageAppStatusExecution] 29787a82-7f21-42fb-b29e-68fef013f5a1 [2026-07-30T02:50:08.418578] Rebuilding any native modules (STDOUT, STG)#
#2026 07 30 02:50:14.168#Z#DEBUG#3ed74488-8bc1-11f1-85f0-eeee0a91cfe7.myfranchise-db-deployer#flowable-async-job-executor-thread-62844#
[PollStageAppStatusExecution] 29787a82-7f21-42fb-b29e-68fef013f5a1 [2026-07-30T02:50:08.850914] rebuilt dependencies successfully (STDOUT, STG)#
#2026 07 30 02:50:14.168#Z#DEBUG#3ed74488-8bc1-11f1-85f0-eeee0a91cfe7.myfranchise-db-deployer#flowable-async-job-executor-thread-62844#
[PollStageAppStatusExecution] 29787a82-7f21-42fb-b29e-68fef013f5a1 [2026-07-30T02:50:08.904330] Installing any new modules (package.json + package-lock.json) (STDOUT, STG)#
#2026 07 30 02:50:14.168#Z#DEBUG#3ed74488-8bc1-11f1-85f0-eeee0a91cfe7.myfranchise-db-deployer#flowable-async-job-executor-thread-62844#
[PollStageAppStatusExecution] 29787a82-7f21-42fb-b29e-68fef013f5a1 [2026-07-30T02:50:09.241774] up to date in 273ms (STDOUT, STG)#
#2026 07 30 02:50:14.168#Z#DEBUG#3ed74488-8bc1-11f1-85f0-eeee0a91cfe7.myfranchise-db-deployer#flowable-async-job-executor-thread-62844#
[PollStageAppStatusExecution] 29787a82-7f21-42fb-b29e-68fef013f5a1 [2026-07-30T02:50:09.242013] 4 packages are looking for funding (STDOUT, STG)#
#2026 07 30 02:50:14.168#Z#DEBUG#3ed74488-8bc1-11f1-85f0-eeee0a91cfe7.myfranchise-db-deployer#flowable-async-job-executor-thread-62844#
[PollStageAppStatusExecution] 29787a82-7f21-42fb-b29e-68fef013f5a1 [2026-07-30T02:50:09.242048] run `npm fund` for details (STDOUT, STG)#
#2026 07 30 02:50:14.168#Z#DEBUG#3ed74488-8bc1-11f1-85f0-eeee0a91cfe7.myfranchise-db-deployer#flowable-async-job-executor-thread-62844#
[PollStageAppStatusExecution] 29787a82-7f21-42fb-b29e-68fef013f5a1 [2026-07-30T02:50:09.673790] Contrast Security no credentials found. Will not write environment files. (STDOUT, STG)#
#2026 07 30 02:50:24.287#Z#DEBUG#3ed74488-8bc1-11f1-85f0-eeee0a91cfe7.myfranchise-db-deployer#flowable-async-job-executor-thread-62849#
[PollStageAppStatusExecution] 29787a82-7f21-42fb-b29e-68fef013f5a1 [2026-07-30T02:50:17.392062] Exit status 0 (STDOUT, STG)#
#2026 07 30 02:50:24.287#Z#DEBUG#3ed74488-8bc1-11f1-85f0-eeee0a91cfe7.myfranchise-db-deployer#flowable-async-job-executor-thread-62849#
[PollStageAppStatusExecution] 29787a82-7f21-42fb-b29e-68fef013f5a1 [2026-07-30T02:50:17.392109] Uploading droplet, build artifacts cache... (STDOUT, STG)#
#2026 07 30 02:50:24.287#Z#DEBUG#3ed74488-8bc1-11f1-85f0-eeee0a91cfe7.myfranchise-db-deployer#flowable-async-job-executor-thread-62849#
[PollStageAppStatusExecution] 29787a82-7f21-42fb-b29e-68fef013f5a1 [2026-07-30T02:50:17.392141] Uploading build artifacts cache... (STDOUT, STG)#
#2026 07 30 02:50:24.287#Z#DEBUG#3ed74488-8bc1-11f1-85f0-eeee0a91cfe7.myfranchise-db-deployer#flowable-async-job-executor-thread-62849#
[PollStageAppStatusExecution] 29787a82-7f21-42fb-b29e-68fef013f5a1 [2026-07-30T02:50:17.392155] Uploading droplet... (STDOUT, STG)#
#2026 07 30 02:50:24.287#Z#DEBUG#3ed74488-8bc1-11f1-85f0-eeee0a91cfe7.myfranchise-db-deployer#flowable-async-job-executor-thread-62849#
[PollStageAppStatusExecution] 29787a82-7f21-42fb-b29e-68fef013f5a1 [2026-07-30T02:50:17.432169] Uploaded build artifacts cache (222B) (STDOUT, STG)#
#2026 07 30 02:50:24.287#Z#DEBUG#3ed74488-8bc1-11f1-85f0-eeee0a91cfe7.myfranchise-db-deployer#flowable-async-job-executor-thread-62849#
[PollStageAppStatusExecution] 29787a82-7f21-42fb-b29e-68fef013f5a1 [2026-07-30T02:50:18.013233] Creating droplet for app with guid 29787a82-7f21-42fb-b29e-68fef013f5a1 (STDOUT, API)#
#2026 07 30 02:50:24.287#Z#DEBUG#3ed74488-8bc1-11f1-85f0-eeee0a91cfe7.myfranchise-db-deployer#flowable-async-job-executor-thread-62849#
[PollStageAppStatusExecution] 29787a82-7f21-42fb-b29e-68fef013f5a1 [2026-07-30T02:50:22.083526] Uploaded droplet (58.6M) (STDOUT, STG)#
#2026 07 30 02:50:24.287#Z#DEBUG#3ed74488-8bc1-11f1-85f0-eeee0a91cfe7.myfranchise-db-deployer#flowable-async-job-executor-thread-62849#
[PollStageAppStatusExecution] 29787a82-7f21-42fb-b29e-68fef013f5a1 [2026-07-30T02:50:22.099387] Uploading complete (STDOUT, STG)#
#2026 07 30 02:50:24.287#Z#DEBUG#3ed74488-8bc1-11f1-85f0-eeee0a91cfe7.myfranchise-db-deployer#flowable-async-job-executor-thread-62849#
[PollStageAppStatusExecution] 29787a82-7f21-42fb-b29e-68fef013f5a1 [2026-07-30T02:50:22.796127] Cell 97428f24-2047-4bed-a8ec-ca76a473de77 stopping instance a8988b68-ca3c-4f40-8f64-87366845b96f (STDOUT, STG)#
#2026 07 30 02:50:24.287#Z#DEBUG#3ed74488-8bc1-11f1-85f0-eeee0a91cfe7.myfranchise-db-deployer#flowable-async-job-executor-thread-62849#
[PollStageAppStatusExecution] 29787a82-7f21-42fb-b29e-68fef013f5a1 [2026-07-30T02:50:22.796156] Cell 97428f24-2047-4bed-a8ec-ca76a473de77 destroying container for instance a8988b68-ca3c-4f40-8f64-87366845b96f (STDOUT, STG)#
#2026 07 30 02:50:24.287#Z#DEBUG#3ed74488-8bc1-11f1-85f0-eeee0a91cfe7.myfranchise-db-deployer#flowable-async-job-executor-thread-62849#
[PollStageAppStatusExecution] 29787a82-7f21-42fb-b29e-68fef013f5a1 [2026-07-30T02:50:22.862623] Staging complete for build a8988b68-ca3c-4f40-8f64-87366845b96f (STDOUT, API)#
#2026 07 30 02:50:34.294#Z#DEBUG#3ed74488-8bc1-11f1-85f0-eeee0a91cfe7.myfranchise-db-deployer#flowable-async-job-executor-thread-62858#
[PollExecuteTaskStatusExecution] 29787a82-7f21-42fb-b29e-68fef013f5a1 [2026-07-30T02:27:42.448013] Deploying "src/gen/data/myfranchise-NotificacoesCompliance.hdbtabledata"... ok (0s 0ms) (STDOUT, APP/TASK/deploy)#
#2026 07 30 02:50:34.294#Z#DEBUG#3ed74488-8bc1-11f1-85f0-eeee0a91cfe7.myfranchise-db-deployer#flowable-async-job-executor-thread-62858#
[PollExecuteTaskStatusExecution] 29787a82-7f21-42fb-b29e-68fef013f5a1 [2026-07-30T02:27:42.448016] Deploying "src/gen/data/myfranchise-Prioridade.csv"... (STDOUT, APP/TASK/deploy)#
#2026 07 30 02:50:34.294#Z#DEBUG#3ed74488-8bc1-11f1-85f0-eeee0a91cfe7.myfranchise-db-deployer#flowable-async-job-executor-thread-62858#
[PollExecuteTaskStatusExecution] 29787a82-7f21-42fb-b29e-68fef013f5a1 [2026-07-30T02:27:42.448018] Deploying "src/gen/data/myfranchise-NotificacoesCompliance.csv"... ok (0s 2ms) (STDOUT, APP/TASK/deploy)#
#2026 07 30 02:50:34.294#Z#DEBUG#3ed74488-8bc1-11f1-85f0-eeee0a91cfe7.myfranchise-db-deployer#flowable-async-job-executor-thread-62858#
[PollExecuteTaskStatusExecution] 29787a82-7f21-42fb-b29e-68fef013f5a1 [2026-07-30T02:27:42.448021] Deploying "src/gen/data/myfranchise-Prioridade.hdbtabledata"... (STDOUT, APP/TASK/deploy)#
#2026 07 30 02:50:34.294#Z#DEBUG#3ed74488-8bc1-11f1-85f0-eeee0a91cfe7.myfranchise-db-deployer#flowable-async-job-executor-thread-62858#
[PollExecuteTaskStatusExecution] 29787a82-7f21-42fb-b29e-68fef013f5a1 [2026-07-30T02:27:42.448025] Deploying "src/gen/data/myfranchise-Prioridade.hdbtabledata"... ok (0s 0ms) (STDOUT, APP/TASK/deploy)#
#2026 07 30 02:50:34.294#Z#DEBUG#3ed74488-8bc1-11f1-85f0-eeee0a91cfe7.myfranchise-db-deployer#flowable-async-job-executor-thread-62858#
[PollExecuteTaskStatusExecution] 29787a82-7f21-42fb-b29e-68fef013f5a1 [2026-07-30T02:27:42.448027] Deploying "src/gen/data/myfranchise-Recomendacoes.csv"... (STDOUT, APP/TASK/deploy)#
#2026 07 30 02:50:34.294#Z#DEBUG#3ed74488-8bc1-11f1-85f0-eeee0a91cfe7.myfranchise-db-deployer#flowable-async-job-executor-thread-62858#
[PollExecuteTaskStatusExecution] 29787a82-7f21-42fb-b29e-68fef013f5a1 [2026-07-30T02:27:42.448030] Deploying "src/gen/data/myfranchise-KPI_Unidade.csv"... ok (0s 3ms) (STDOUT, APP/TASK/deploy)#
#2026 07 30 02:50:34.294#Z#DEBUG#3ed74488-8bc1-11f1-85f0-eeee0a91cfe7.myfranchise-db-deployer#flowable-async-job-executor-thread-62858#
[PollExecuteTaskStatusExecution] 29787a82-7f21-42fb-b29e-68fef013f5a1 [2026-07-30T02:27:42.448033] Deploying "src/gen/data/myfranchise-Recomendacoes.hdbtabledata"... (STDOUT, APP/TASK/deploy)#
#2026 07 30 02:50:34.294#Z#DEBUG#3ed74488-8bc1-11f1-85f0-eeee0a91cfe7.myfranchise-db-deployer#flowable-async-job-executor-thread-62858#
[PollExecuteTaskStatusExecution] 29787a82-7f21-42fb-b29e-68fef013f5a1 [2026-07-30T02:27:42.448035] Deploying "src/gen/data/myfranchise-Recomendacoes.hdbtabledata"... ok (0s 1ms) (STDOUT, APP/TASK/deploy)#
#2026 07 30 02:50:34.294#Z#DEBUG#3ed74488-8bc1-11f1-85f0-eeee0a91cfe7.myfranchise-db-deployer#flowable-async-job-executor-thread-62858#
[PollExecuteTaskStatusExecution] 29787a82-7f21-42fb-b29e-68fef013f5a1 [2026-07-30T02:27:42.448037] Deploying "src/gen/data/myfranchise-Regiao.csv"... (STDOUT, APP/TASK/deploy)#
#2026 07 30 02:50:34.294#Z#DEBUG#3ed74488-8bc1-11f1-85f0-eeee0a91cfe7.myfranchise-db-deployer#flowable-async-job-executor-thread-62858#
[PollExecuteTaskStatusExecution] 29787a82-7f21-42fb-b29e-68fef013f5a1 [2026-07-30T02:27:42.448041] Deploying "src/gen/data/myfranchise-Prioridade.csv"... ok (0s 3ms) (STDOUT, APP/TASK/deploy)#
#2026 07 30 02:50:34.294#Z#DEBUG#3ed74488-8bc1-11f1-85f0-eeee0a91cfe7.myfranchise-db-deployer#flowable-async-job-executor-thread-62858#
[PollExecuteTaskStatusExecution] 29787a82-7f21-42fb-b29e-68fef013f5a1 [2026-07-30T02:27:42.448043] Deploying "src/gen/data/myfranchise-Regiao.hdbtabledata"... (STDOUT, APP/TASK/deploy)#
#2026 07 30 02:50:34.294#Z#DEBUG#3ed74488-8bc1-11f1-85f0-eeee0a91cfe7.myfranchise-db-deployer#flowable-async-job-executor-thread-62858#
[PollExecuteTaskStatusExecution] 29787a82-7f21-42fb-b29e-68fef013f5a1 [2026-07-30T02:27:42.448046] Deploying "src/gen/data/myfranchise-Regiao.hdbtabledata"... ok (0s 0ms) (STDOUT, APP/TASK/deploy)#
#2026 07 30 02:50:34.294#Z#DEBUG#3ed74488-8bc1-11f1-85f0-eeee0a91cfe7.myfranchise-db-deployer#flowable-async-job-executor-thread-62858#
[PollExecuteTaskStatusExecution] 29787a82-7f21-42fb-b29e-68fef013f5a1 [2026-07-30T02:27:42.448049] Deploying "src/gen/data/myfranchise-RegrasCompliance.csv"... (STDOUT, APP/TASK/deploy)#
#2026 07 30 02:50:34.294#Z#DEBUG#3ed74488-8bc1-11f1-85f0-eeee0a91cfe7.myfranchise-db-deployer#flowable-async-job-executor-thread-62858#
[PollExecuteTaskStatusExecution] 29787a82-7f21-42fb-b29e-68fef013f5a1 [2026-07-30T02:27:42.448051] Deploying "src/gen/data/myfranchise-Recomendacoes.csv"... ok (0s 2ms) (STDOUT, APP/TASK/deploy)#
#2026 07 30 02:50:34.294#Z#DEBUG#3ed74488-8bc1-11f1-85f0-eeee0a91cfe7.myfranchise-db-deployer#flowable-async-job-executor-thread-62858#
[PollExecuteTaskStatusExecution] 29787a82-7f21-42fb-b29e-68fef013f5a1 [2026-07-30T02:27:42.448054] Deploying "src/gen/data/myfranchise-RegrasCompliance.hdbtabledata"... (STDOUT, APP/TASK/deploy)#
#2026 07 30 02:50:34.294#Z#DEBUG#3ed74488-8bc1-11f1-85f0-eeee0a91cfe7.myfranchise-db-deployer#flowable-async-job-executor-thread-62858#
[PollExecuteTaskStatusExecution] 29787a82-7f21-42fb-b29e-68fef013f5a1 [2026-07-30T02:27:42.448079] Deploying "src/gen/data/myfranchise-RegrasCompliance.hdbtabledata"... ok (0s 0ms) (STDOUT, APP/TASK/deploy)#
#2026 07 30 02:50:34.294#Z#DEBUG#3ed74488-8bc1-11f1-85f0-eeee0a91cfe7.myfranchise-db-deployer#flowable-async-job-executor-thread-62858#
[PollExecuteTaskStatusExecution] 29787a82-7f21-42fb-b29e-68fef013f5a1 [2026-07-30T02:27:42.448083] Deploying "src/gen/data/myfranchise-Saude_Unidade.csv"... (STDOUT, APP/TASK/deploy)#
#2026 07 30 02:50:34.294#Z#DEBUG#3ed74488-8bc1-11f1-85f0-eeee0a91cfe7.myfranchise-db-deployer#flowable-async-job-executor-thread-62858#
[PollExecuteTaskStatusExecution] 29787a82-7f21-42fb-b29e-68fef013f5a1 [2026-07-30T02:27:42.448086] Deploying "src/gen/data/myfranchise-Regiao.csv"... ok (0s 2ms) (STDOUT, APP/TASK/deploy)#
#2026 07 30 02:50:34.294#Z#DEBUG#3ed74488-8bc1-11f1-85f0-eeee0a91cfe7.myfranchise-db-deployer#flowable-async-job-executor-thread-62858#
[PollExecuteTaskStatusExecution] 29787a82-7f21-42fb-b29e-68fef013f5a1 [2026-07-30T02:27:42.448088] Deploying "src/gen/data/myfranchise-Saude_Unidade.hdbtabledata"... (STDOUT, APP/TASK/deploy)#
#2026 07 30 02:50:34.294#Z#DEBUG#3ed74488-8bc1-11f1-85f0-eeee0a91cfe7.myfranchise-db-deployer#flowable-async-job-executor-thread-62858#
[PollExecuteTaskStatusExecution] 29787a82-7f21-42fb-b29e-68fef013f5a1 [2026-07-30T02:27:42.448090] Deploying "src/gen/data/myfranchise-Saude_Unidade.hdbtabledata"... ok (0s 0ms) (STDOUT, APP/TASK/deploy)#
#2026 07 30 02:50:34.294#Z#DEBUG#3ed74488-8bc1-11f1-85f0-eeee0a91cfe7.myfranchise-db-deployer#flowable-async-job-executor-thread-62858#
[PollExecuteTaskStatusExecution] 29787a82-7f21-42fb-b29e-68fef013f5a1 [2026-07-30T02:27:42.448092] Deploying "src/gen/data/myfranchise-Severidade.csv"... (STDOUT, APP/TASK/deploy)#
#2026 07 30 02:50:34.294#Z#DEBUG#3ed74488-8bc1-11f1-85f0-eeee0a91cfe7.myfranchise-db-deployer#flowable-async-job-executor-thread-62858#
[PollExecuteTaskStatusExecution] 29787a82-7f21-42fb-b29e-68fef013f5a1 [2026-07-30T02:27:42.448094] Deploying "src/gen/data/myfranchise-RegrasCompliance.csv"... ok (0s 3ms) (STDOUT, APP/TASK/deploy)#
#2026 07 30 02:50:34.294#Z#DEBUG#3ed74488-8bc1-11f1-85f0-eeee0a91cfe7.myfranchise-db-deployer#flowable-async-job-executor-thread-62858#
[PollExecuteTaskStatusExecution] 29787a82-7f21-42fb-b29e-68fef013f5a1 [2026-07-30T02:27:42.448097] Deploying "src/gen/data/myfranchise-Severidade.hdbtabledata"... (STDOUT, APP/TASK/deploy)#
#2026 07 30 02:50:34.294#Z#DEBUG#3ed74488-8bc1-11f1-85f0-eeee0a91cfe7.myfranchise-db-deployer#flowable-async-job-executor-thread-62858#
[PollExecuteTaskStatusExecution] 29787a82-7f21-42fb-b29e-68fef013f5a1 [2026-07-30T02:27:42.448100] Deploying "src/gen/data/myfranchise-Severidade.hdbtabledata"... ok (0s 0ms) (STDOUT, APP/TASK/deploy)#
#2026 07 30 02:50:34.294#Z#DEBUG#3ed74488-8bc1-11f1-85f0-eeee0a91cfe7.myfranchise-db-deployer#flowable-async-job-executor-thread-62858#
[PollExecuteTaskStatusExecution] 29787a82-7f21-42fb-b29e-68fef013f5a1 [2026-07-30T02:27:42.448102] Deploying "src/gen/data/myfranchise-StatusAlerta.csv"... (STDOUT, APP/TASK/deploy)#
#2026 07 30 02:50:34.294#Z#DEBUG#3ed74488-8bc1-11f1-85f0-eeee0a91cfe7.myfranchise-db-deployer#flowable-async-job-executor-thread-62858#
[PollExecuteTaskStatusExecution] 29787a82-7f21-42fb-b29e-68fef013f5a1 [2026-07-30T02:27:42.448105] Deploying "src/gen/data/myfranchise-Saude_Unidade.csv"... ok (0s 3ms) (STDOUT, APP/TASK/deploy)#
#2026 07 30 02:50:34.294#Z#DEBUG#3ed74488-8bc1-11f1-85f0-eeee0a91cfe7.myfranchise-db-deployer#flowable-async-job-executor-thread-62858#
[PollExecuteTaskStatusExecution] 29787a82-7f21-42fb-b29e-68fef013f5a1 [2026-07-30T02:27:42.448107] Deploying "src/gen/data/myfranchise-StatusAlerta.hdbtabledata"... (STDOUT, APP/TASK/deploy)#
#2026 07 30 02:50:34.294#Z#DEBUG#3ed74488-8bc1-11f1-85f0-eeee0a91cfe7.myfranchise-db-deployer#flowable-async-job-executor-thread-62858#
[PollExecuteTaskStatusExecution] 29787a82-7f21-42fb-b29e-68fef013f5a1 [2026-07-30T02:27:42.448109] Deploying "src/gen/data/myfranchise-StatusAlerta.hdbtabledata"... ok (0s 0ms) (STDOUT, APP/TASK/deploy)#
#2026 07 30 02:50:34.294#Z#DEBUG#3ed74488-8bc1-11f1-85f0-eeee0a91cfe7.myfranchise-db-deployer#flowable-async-job-executor-thread-62858#
[PollExecuteTaskStatusExecution] 29787a82-7f21-42fb-b29e-68fef013f5a1 [2026-07-30T02:27:42.448111] Deploying "src/gen/data/myfranchise-StatusAprovacao.csv"... (STDOUT, APP/TASK/deploy)#
#2026 07 30 02:50:34.294#Z#DEBUG#3ed74488-8bc1-11f1-85f0-eeee0a91cfe7.myfranchise-db-deployer#flowable-async-job-executor-thread-62858#
[PollExecuteTaskStatusExecution] 29787a82-7f21-42fb-b29e-68fef013f5a1 [2026-07-30T02:27:42.448113] Deploying "src/gen/data/myfranchise-Severidade.csv"... ok (0s 3ms) (STDOUT, APP/TASK/deploy)#
#2026 07 30 02:50:34.294#Z#DEBUG#3ed74488-8bc1-11f1-85f0-eeee0a91cfe7.myfranchise-db-deployer#flowable-async-job-executor-thread-62858#
[PollExecuteTaskStatusExecution] 29787a82-7f21-42fb-b29e-68fef013f5a1 [2026-07-30T02:27:42.448116] Deploying "src/gen/data/myfranchise-StatusAprovacao.hdbtabledata"... (STDOUT, APP/TASK/deploy)#
#2026 07 30 02:50:34.294#Z#DEBUG#3ed74488-8bc1-11f1-85f0-eeee0a91cfe7.myfranchise-db-deployer#flowable-async-job-executor-thread-62858#
[PollExecuteTaskStatusExecution] 29787a82-7f21-42fb-b29e-68fef013f5a1 [2026-07-30T02:27:42.448118] Deploying "src/gen/data/myfranchise-StatusAprovacao.hdbtabledata"... ok (0s 0ms) (STDOUT, APP/TASK/deploy)#
#2026 07 30 02:50:34.294#Z#DEBUG#3ed74488-8bc1-11f1-85f0-eeee0a91cfe7.myfranchise-db-deployer#flowable-async-job-executor-thread-62858#
[PollExecuteTaskStatusExecution] 29787a82-7f21-42fb-b29e-68fef013f5a1 [2026-07-30T02:27:42.448120] Deploying "src/gen/data/myfranchise-StatusCatalogo.csv"... (STDOUT, APP/TASK/deploy)#
#2026 07 30 02:50:34.294#Z#DEBUG#3ed74488-8bc1-11f1-85f0-eeee0a91cfe7.myfranchise-db-deployer#flowable-async-job-executor-thread-62858#
[PollExecuteTaskStatusExecution] 29787a82-7f21-42fb-b29e-68fef013f5a1 [2026-07-30T02:27:42.448123] Deploying "src/gen/data/myfranchise-StatusAlerta.csv"... ok (0s 3ms) (STDOUT, APP/TASK/deploy)#
#2026 07 30 02:50:34.294#Z#DEBUG#3ed74488-8bc1-11f1-85f0-eeee0a91cfe7.myfranchise-db-deployer#flowable-async-job-executor-thread-62858#
[PollExecuteTaskStatusExecution] 29787a82-7f21-42fb-b29e-68fef013f5a1 [2026-07-30T02:27:42.448125] Deploying "src/gen/data/myfranchise-StatusCatalogo.hdbtabledata"... (STDOUT, APP/TASK/deploy)#
#2026 07 30 02:50:34.294#Z#DEBUG#3ed74488-8bc1-11f1-85f0-eeee0a91cfe7.myfranchise-db-deployer#flowable-async-job-executor-thread-62858#
[PollExecuteTaskStatusExecution] 29787a82-7f21-42fb-b29e-68fef013f5a1 [2026-07-30T02:27:42.448127] Deploying "src/gen/data/myfranchise-StatusCatalogo.hdbtabledata"... ok (0s 0ms) (STDOUT, APP/TASK/deploy)#
#2026 07 30 02:50:34.294#Z#DEBUG#3ed74488-8bc1-11f1-85f0-eeee0a91cfe7.myfranchise-db-deployer#flowable-async-job-executor-thread-62858#
[PollExecuteTaskStatusExecution] 29787a82-7f21-42fb-b29e-68fef013f5a1 [2026-07-30T02:27:42.448129] Deploying "src/gen/data/myfranchise-StatusContrato.csv"... (STDOUT, APP/TASK/deploy)#
#2026 07 30 02:50:34.294#Z#DEBUG#3ed74488-8bc1-11f1-85f0-eeee0a91cfe7.myfranchise-db-deployer#flowable-async-job-executor-thread-62858#
[PollExecuteTaskStatusExecution] 29787a82-7f21-42fb-b29e-68fef013f5a1 [2026-07-30T02:27:42.448132] Deploying "src/gen/data/myfranchise-StatusAprovacao.csv"... ok (0s 2ms) (STDOUT, APP/TASK/deploy)#
#2026 07 30 02:50:34.294#Z#DEBUG#3ed74488-8bc1-11f1-85f0-eeee0a91cfe7.myfranchise-db-deployer#flowable-async-job-executor-thread-62858#
[PollExecuteTaskStatusExecution] 29787a82-7f21-42fb-b29e-68fef013f5a1 [2026-07-30T02:27:42.448150] Deploying "src/gen/data/myfranchise-StatusContrato.hdbtabledata"... (STDOUT, APP/TASK/deploy)#
#2026 07 30 02:50:34.294#Z#DEBUG#3ed74488-8bc1-11f1-85f0-eeee0a91cfe7.myfranchise-db-deployer#flowable-async-job-executor-thread-62858#
[PollExecuteTaskStatusExecution] 29787a82-7f21-42fb-b29e-68fef013f5a1 [2026-07-30T02:27:42.448153] Deploying "src/gen/data/myfranchise-StatusContrato.hdbtabledata"... ok (0s 0ms) (STDOUT, APP/TASK/deploy)#
#2026 07 30 02:50:34.294#Z#DEBUG#3ed74488-8bc1-11f1-85f0-eeee0a91cfe7.myfranchise-db-deployer#flowable-async-job-executor-thread-62858#
[PollExecuteTaskStatusExecution] 29787a82-7f21-42fb-b29e-68fef013f5a1 [2026-07-30T02:27:42.448156] Deploying "src/gen/data/myfranchise-StatusDesvio.csv"... (STDOUT, APP/TASK/deploy)#
#2026 07 30 02:50:34.294#Z#DEBUG#3ed74488-8bc1-11f1-85f0-eeee0a91cfe7.myfranchise-db-deployer#flowable-async-job-executor-thread-62858#
[PollExecuteTaskStatusExecution] 29787a82-7f21-42fb-b29e-68fef013f5a1 [2026-07-30T02:27:42.448159] Deploying "src/gen/data/myfranchise-StatusCatalogo.csv"... ok (0s 3ms) (STDOUT, APP/TASK/deploy)#
#2026 07 30 02:50:34.294#Z#DEBUG#3ed74488-8bc1-11f1-85f0-eeee0a91cfe7.myfranchise-db-deployer#flowable-async-job-executor-thread-62858#
[PollExecuteTaskStatusExecution] 29787a82-7f21-42fb-b29e-68fef013f5a1 [2026-07-30T02:27:42.448161] Deploying "src/gen/data/myfranchise-StatusDesvio.hdbtabledata"... (STDOUT, APP/TASK/deploy)#
#2026 07 30 02:50:34.294#Z#DEBUG#3ed74488-8bc1-11f1-85f0-eeee0a91cfe7.myfranchise-db-deployer#flowable-async-job-executor-thread-62858#
[PollExecuteTaskStatusExecution] 29787a82-7f21-42fb-b29e-68fef013f5a1 [2026-07-30T02:27:42.448165] Deploying "src/gen/data/myfranchise-StatusDesvio.hdbtabledata"... ok (0s 0ms) (STDOUT, APP/TASK/deploy)#
#2026 07 30 02:50:34.294#Z#DEBUG#3ed74488-8bc1-11f1-85f0-eeee0a91cfe7.myfranchise-db-deployer#flowable-async-job-executor-thread-62858#
[PollExecuteTaskStatusExecution] 29787a82-7f21-42fb-b29e-68fef013f5a1 [2026-07-30T02:27:42.448168] Deploying "src/gen/data/myfranchise-StatusDocumento.csv"... (STDOUT, APP/TASK/deploy)#
#2026 07 30 02:50:34.294#Z#DEBUG#3ed74488-8bc1-11f1-85f0-eeee0a91cfe7.myfranchise-db-deployer#flowable-async-job-executor-thread-62858#
[PollExecuteTaskStatusExecution] 29787a82-7f21-42fb-b29e-68fef013f5a1 [2026-07-30T02:27:42.448607] Deploying "src/gen/data/myfranchise-StatusContrato.csv"... ok (0s 2ms) (STDOUT, APP/TASK/deploy)#
#2026 07 30 02:50:34.294#Z#DEBUG#3ed74488-8bc1-11f1-85f0-eeee0a91cfe7.myfranchise-db-deployer#flowable-async-job-executor-thread-62858#
[PollExecuteTaskStatusExecution] 29787a82-7f21-42fb-b29e-68fef013f5a1 [2026-07-30T02:27:42.448614] Deploying "src/gen/data/myfranchise-StatusDocumento.hdbtabledata"... (STDOUT, APP/TASK/deploy)#
#2026 07 30 02:50:34.294#Z#DEBUG#3ed74488-8bc1-11f1-85f0-eeee0a91cfe7.myfranchise-db-deployer#flowable-async-job-executor-thread-62858#
[PollExecuteTaskStatusExecution] 29787a82-7f21-42fb-b29e-68fef013f5a1 [2026-07-30T02:27:42.448617] Deploying "src/gen/data/myfranchise-StatusDocumento.hdbtabledata"... ok (0s 0ms) (STDOUT, APP/TASK/deploy)#
#2026 07 30 02:50:34.294#Z#DEBUG#3ed74488-8bc1-11f1-85f0-eeee0a91cfe7.myfranchise-db-deployer#flowable-async-job-executor-thread-62858#
[PollExecuteTaskStatusExecution] 29787a82-7f21-42fb-b29e-68fef013f5a1 [2026-07-30T02:27:42.448620] Deploying "src/gen/data/myfranchise-StatusFranqueado.csv"... (STDOUT, APP/TASK/deploy)#
#2026 07 30 02:50:34.294#Z#DEBUG#3ed74488-8bc1-11f1-85f0-eeee0a91cfe7.myfranchise-db-deployer#flowable-async-job-executor-thread-62858#
[PollExecuteTaskStatusExecution] 29787a82-7f21-42fb-b29e-68fef013f5a1 [2026-07-30T02:27:42.448657] Deploying "src/gen/data/myfranchise-StatusDesvio.csv"... ok (0s 2ms) (STDOUT, APP/TASK/deploy)#
#2026 07 30 02:50:34.294#Z#DEBUG#3ed74488-8bc1-11f1-85f0-eeee0a91cfe7.myfranchise-db-deployer#flowable-async-job-executor-thread-62858#
[PollExecuteTaskStatusExecution] 29787a82-7f21-42fb-b29e-68fef013f5a1 [2026-07-30T02:27:42.448659] Deploying "src/gen/data/myfranchise-StatusFranqueado.hdbtabledata"... (STDOUT, APP/TASK/deploy)#
#2026 07 30 02:50:34.294#Z#DEBUG#3ed74488-8bc1-11f1-85f0-eeee0a91cfe7.myfranchise-db-deployer#flowable-async-job-executor-thread-62858#
[PollExecuteTaskStatusExecution] 29787a82-7f21-42fb-b29e-68fef013f5a1 [2026-07-30T02:27:42.448660] Deploying "src/gen/data/myfranchise-StatusFranqueado.hdbtabledata"... ok (0s 0ms) (STDOUT, APP/TASK/deploy)#
#2026 07 30 02:50:34.294#Z#DEBUG#3ed74488-8bc1-11f1-85f0-eeee0a91cfe7.myfranchise-db-deployer#flowable-async-job-executor-thread-62858#
[PollExecuteTaskStatusExecution] 29787a82-7f21-42fb-b29e-68fef013f5a1 [2026-07-30T02:27:42.448666] Deploying "src/gen/data/myfranchise-StatusKPI.csv"... (STDOUT, APP/TASK/deploy)#
#2026 07 30 02:50:34.294#Z#DEBUG#3ed74488-8bc1-11f1-85f0-eeee0a91cfe7.myfranchise-db-deployer#flowable-async-job-executor-thread-62858#
[PollExecuteTaskStatusExecution] 29787a82-7f21-42fb-b29e-68fef013f5a1 [2026-07-30T02:27:42.448667] Deploying "src/gen/data/myfranchise-StatusDocumento.csv"... ok (0s 2ms) (STDOUT, APP/TASK/deploy)#
#2026 07 30 02:50:34.294#Z#DEBUG#3ed74488-8bc1-11f1-85f0-eeee0a91cfe7.myfranchise-db-deployer#flowable-async-job-executor-thread-62858#
[PollExecuteTaskStatusExecution] 29787a82-7f21-42fb-b29e-68fef013f5a1 [2026-07-30T02:27:42.448670] Deploying "src/gen/data/myfranchise-StatusKPI.hdbtabledata"... (STDOUT, APP/TASK/deploy)#
#2026 07 30 02:50:34.294#Z#DEBUG#3ed74488-8bc1-11f1-85f0-eeee0a91cfe7.myfranchise-db-deployer#flowable-async-job-executor-thread-62858#
[PollExecuteTaskStatusExecution] 29787a82-7f21-42fb-b29e-68fef013f5a1 [2026-07-30T02:27:42.448672] Deploying "src/gen/data/myfranchise-StatusKPI.hdbtabledata"... ok (0s 0ms) (STDOUT, APP/TASK/deploy)#
#2026 07 30 02:50:34.294#Z#DEBUG#3ed74488-8bc1-11f1-85f0-eeee0a91cfe7.myfranchise-db-deployer#flowable-async-job-executor-thread-62858#
[PollExecuteTaskStatusExecution] 29787a82-7f21-42fb-b29e-68fef013f5a1 [2026-07-30T02:27:42.448674] Deploying "src/gen/data/myfranchise-StatusNotificacao.csv"... (STDOUT, APP/TASK/deploy)#
#2026 07 30 02:50:34.294#Z#DEBUG#3ed74488-8bc1-11f1-85f0-eeee0a91cfe7.myfranchise-db-deployer#flowable-async-job-executor-thread-62858#
[PollExecuteTaskStatusExecution] 29787a82-7f21-42fb-b29e-68fef013f5a1 [2026-07-30T02:27:42.448675] Deploying "src/gen/data/myfranchise-StatusFranqueado.csv"... ok (0s 2ms) (STDOUT, APP/TASK/deploy)#
#2026 07 30 02:50:34.294#Z#DEBUG#3ed74488-8bc1-11f1-85f0-eeee0a91cfe7.myfranchise-db-deployer#flowable-async-job-executor-thread-62858#
[PollExecuteTaskStatusExecution] 29787a82-7f21-42fb-b29e-68fef013f5a1 [2026-07-30T02:27:42.448677] Deploying "src/gen/data/myfranchise-StatusNotificacao.hdbtabledata"... (STDOUT, APP/TASK/deploy)#
#2026 07 30 02:50:34.294#Z#DEBUG#3ed74488-8bc1-11f1-85f0-eeee0a91cfe7.myfranchise-db-deployer#flowable-async-job-executor-thread-62858#
[PollExecuteTaskStatusExecution] 29787a82-7f21-42fb-b29e-68fef013f5a1 [2026-07-30T02:27:42.448678] Deploying "src/gen/data/myfranchise-StatusNotificacao.hdbtabledata"... ok (0s 0ms) (STDOUT, APP/TASK/deploy)#
#2026 07 30 02:50:34.294#Z#DEBUG#3ed74488-8bc1-11f1-85f0-eeee0a91cfe7.myfranchise-db-deployer#flowable-async-job-executor-thread-62858#
[PollExecuteTaskStatusExecution] 29787a82-7f21-42fb-b29e-68fef013f5a1 [2026-07-30T02:27:42.448680] Deploying "src/gen/data/myfranchise-StatusOnboarding.csv"... (STDOUT, APP/TASK/deploy)#
#2026 07 30 02:50:34.294#Z#DEBUG#3ed74488-8bc1-11f1-85f0-eeee0a91cfe7.myfranchise-db-deployer#flowable-async-job-executor-thread-62858#
[PollExecuteTaskStatusExecution] 29787a82-7f21-42fb-b29e-68fef013f5a1 [2026-07-30T02:27:42.448681] Deploying "src/gen/data/myfranchise-StatusKPI.csv"... ok (0s 2ms) (STDOUT, APP/TASK/deploy)#
#2026 07 30 02:50:34.294#Z#DEBUG#3ed74488-8bc1-11f1-85f0-eeee0a91cfe7.myfranchise-db-deployer#flowable-async-job-executor-thread-62858#
[PollExecuteTaskStatusExecution] 29787a82-7f21-42fb-b29e-68fef013f5a1 [2026-07-30T02:27:42.448682] Deploying "src/gen/data/myfranchise-StatusOnboarding.hdbtabledata"... (STDOUT, APP/TASK/deploy)#
#2026 07 30 02:50:34.294#Z#DEBUG#3ed74488-8bc1-11f1-85f0-eeee0a91cfe7.myfranchise-db-deployer#flowable-async-job-executor-thread-62858#
[PollExecuteTaskStatusExecution] 29787a82-7f21-42fb-b29e-68fef013f5a1 [2026-07-30T02:27:42.448685] Deploying "src/gen/data/myfranchise-StatusOnboarding.hdbtabledata"... ok (0s 0ms) (STDOUT, APP/TASK/deploy)#
#2026 07 30 02:50:34.294#Z#DEBUG#3ed74488-8bc1-11f1-85f0-eeee0a91cfe7.myfranchise-db-deployer#flowable-async-job-executor-thread-62858#
[PollExecuteTaskStatusExecution] 29787a82-7f21-42fb-b29e-68fef013f5a1 [2026-07-30T02:27:42.448686] Deploying "src/gen/data/myfranchise-StatusRecomendacao.csv"... (STDOUT, APP/TASK/deploy)#
#2026 07 30 02:50:34.294#Z#DEBUG#3ed74488-8bc1-11f1-85f0-eeee0a91cfe7.myfranchise-db-deployer#flowable-async-job-executor-thread-62858#
[PollExecuteTaskStatusExecution] 29787a82-7f21-42fb-b29e-68fef013f5a1 [2026-07-30T02:27:42.448689] Deploying "src/gen/data/myfranchise-StatusNotificacao.csv"... ok (0s 3ms) (STDOUT, APP/TASK/deploy)#
#2026 07 30 02:50:34.294#Z#DEBUG#3ed74488-8bc1-11f1-85f0-eeee0a91cfe7.myfranchise-db-deployer#flowable-async-job-executor-thread-62858#
[PollExecuteTaskStatusExecution] 29787a82-7f21-42fb-b29e-68fef013f5a1 [2026-07-30T02:27:42.448692] Deploying "src/gen/data/myfranchise-StatusRecomendacao.hdbtabledata"... (STDOUT, APP/TASK/deploy)#
#2026 07 30 02:50:34.294#Z#DEBUG#3ed74488-8bc1-11f1-85f0-eeee0a91cfe7.myfranchise-db-deployer#flowable-async-job-executor-thread-62858#
[PollExecuteTaskStatusExecution] 29787a82-7f21-42fb-b29e-68fef013f5a1 [2026-07-30T02:27:42.448695] Deploying "src/gen/data/myfranchise-StatusRecomendacao.hdbtabledata"... ok (0s 0ms) (STDOUT, APP/TASK/deploy)#
#2026 07 30 02:50:34.294#Z#DEBUG#3ed74488-8bc1-11f1-85f0-eeee0a91cfe7.myfranchise-db-deployer#flowable-async-job-executor-thread-62858#
[PollExecuteTaskStatusExecution] 29787a82-7f21-42fb-b29e-68fef013f5a1 [2026-07-30T02:27:42.448696] Deploying "src/gen/data/myfranchise-StatusTarefa.csv"... (STDOUT, APP/TASK/deploy)#
#2026 07 30 02:50:34.294#Z#DEBUG#3ed74488-8bc1-11f1-85f0-eeee0a91cfe7.myfranchise-db-deployer#flowable-async-job-executor-thread-62858#
[PollExecuteTaskStatusExecution] 29787a82-7f21-42fb-b29e-68fef013f5a1 [2026-07-30T02:27:42.448698] Deploying "src/gen/data/myfranchise-StatusOnboarding.csv"... ok (0s 3ms) (STDOUT, APP/TASK/deploy)#
#2026 07 30 02:50:34.294#Z#DEBUG#3ed74488-8bc1-11f1-85f0-eeee0a91cfe7.myfranchise-db-deployer#flowable-async-job-executor-thread-62858#
[PollExecuteTaskStatusExecution] 29787a82-7f21-42fb-b29e-68fef013f5a1 [2026-07-30T02:27:42.448700] Deploying "src/gen/data/myfranchise-StatusTarefa.hdbtabledata"... (STDOUT, APP/TASK/deploy)#
#2026 07 30 02:50:34.294#Z#DEBUG#3ed74488-8bc1-11f1-85f0-eeee0a91cfe7.myfranchise-db-deployer#flowable-async-job-executor-thread-62858#
[PollExecuteTaskStatusExecution] 29787a82-7f21-42fb-b29e-68fef013f5a1 [2026-07-30T02:27:42.448701] Deploying "src/gen/data/myfranchise-StatusTarefa.hdbtabledata"... ok (0s 0ms) (STDOUT, APP/TASK/deploy)#
#2026 07 30 02:50:34.294#Z#DEBUG#3ed74488-8bc1-11f1-85f0-eeee0a91cfe7.myfranchise-db-deployer#flowable-async-job-executor-thread-62858#
[PollExecuteTaskStatusExecution] 29787a82-7f21-42fb-b29e-68fef013f5a1 [2026-07-30T02:27:42.448702] Deploying "src/gen/data/myfranchise-StatusUnidade.csv"... (STDOUT, APP/TASK/deploy)#
#2026 07 30 02:50:34.294#Z#DEBUG#3ed74488-8bc1-11f1-85f0-eeee0a91cfe7.myfranchise-db-deployer#flowable-async-job-executor-thread-62858#
[PollExecuteTaskStatusExecution] 29787a82-7f21-42fb-b29e-68fef013f5a1 [2026-07-30T02:27:42.448704] Deploying "src/gen/data/myfranchise-StatusRecomendacao.csv"... ok (0s 2ms) (STDOUT, APP/TASK/deploy)#
#2026 07 30 02:50:34.294#Z#DEBUG#3ed74488-8bc1-11f1-85f0-eeee0a91cfe7.myfranchise-db-deployer#flowable-async-job-executor-thread-62858#
[PollExecuteTaskStatusExecution] 29787a82-7f21-42fb-b29e-68fef013f5a1 [2026-07-30T02:27:42.448706] Deploying "src/gen/data/myfranchise-StatusUnidade.hdbtabledata"... (STDOUT, APP/TASK/deploy)#
#2026 07 30 02:50:34.294#Z#DEBUG#3ed74488-8bc1-11f1-85f0-eeee0a91cfe7.myfranchise-db-deployer#flowable-async-job-executor-thread-62858#
[PollExecuteTaskStatusExecution] 29787a82-7f21-42fb-b29e-68fef013f5a1 [2026-07-30T02:27:42.448707] Deploying "src/gen/data/myfranchise-StatusUnidade.hdbtabledata"... ok (0s 0ms) (STDOUT, APP/TASK/deploy)#
#2026 07 30 02:50:34.294#Z#DEBUG#3ed74488-8bc1-11f1-85f0-eeee0a91cfe7.myfranchise-db-deployer#flowable-async-job-executor-thread-62858#
[PollExecuteTaskStatusExecution] 29787a82-7f21-42fb-b29e-68fef013f5a1 [2026-07-30T02:27:42.448708] Deploying "src/gen/data/myfranchise-TipoAlerta.csv"... (STDOUT, APP/TASK/deploy)#
#2026 07 30 02:50:34.294#Z#DEBUG#3ed74488-8bc1-11f1-85f0-eeee0a91cfe7.myfranchise-db-deployer#flowable-async-job-executor-thread-62858#
[PollExecuteTaskStatusExecution] 29787a82-7f21-42fb-b29e-68fef013f5a1 [2026-07-30T02:27:42.448710] Deploying "src/gen/data/myfranchise-StatusTarefa.csv"... ok (0s 2ms) (STDOUT, APP/TASK/deploy)#
#2026 07 30 02:50:34.294#Z#DEBUG#3ed74488-8bc1-11f1-85f0-eeee0a91cfe7.myfranchise-db-deployer#flowable-async-job-executor-thread-62858#
[PollExecuteTaskStatusExecution] 29787a82-7f21-42fb-b29e-68fef013f5a1 [2026-07-30T02:27:42.448711] Deploying "src/gen/data/myfranchise-TipoAlerta.hdbtabledata"... (STDOUT, APP/TASK/deploy)#
#2026 07 30 02:50:34.294#Z#DEBUG#3ed74488-8bc1-11f1-85f0-eeee0a91cfe7.myfranchise-db-deployer#flowable-async-job-executor-thread-62858#
[PollExecuteTaskStatusExecution] 29787a82-7f21-42fb-b29e-68fef013f5a1 [2026-07-30T02:27:42.448713] Deploying "src/gen/data/myfranchise-TipoAlerta.hdbtabledata"... ok (0s 0ms) (STDOUT, APP/TASK/deploy)#
#2026 07 30 02:50:34.294#Z#DEBUG#3ed74488-8bc1-11f1-85f0-eeee0a91cfe7.myfranchise-db-deployer#flowable-async-job-executor-thread-62858#
[PollExecuteTaskStatusExecution] 29787a82-7f21-42fb-b29e-68fef013f5a1 [2026-07-30T02:27:42.448715] Deploying "src/gen/data/myfranchise-TipoDesvio.csv"... (STDOUT, APP/TASK/deploy)#
#2026 07 30 02:50:34.294#Z#DEBUG#3ed74488-8bc1-11f1-85f0-eeee0a91cfe7.myfranchise-db-deployer#flowable-async-job-executor-thread-62858#
[PollExecuteTaskStatusExecution] 29787a82-7f21-42fb-b29e-68fef013f5a1 [2026-07-30T02:27:42.448716] Deploying "src/gen/data/myfranchise-TipoAlerta.csv"... ok (0s 2ms) (STDOUT, APP/TASK/deploy)#
#2026 07 30 02:50:34.294#Z#DEBUG#3ed74488-8bc1-11f1-85f0-eeee0a91cfe7.myfranchise-db-deployer#flowable-async-job-executor-thread-62858#
[PollExecuteTaskStatusExecution] 29787a82-7f21-42fb-b29e-68fef013f5a1 [2026-07-30T02:27:42.448718] Deploying "src/gen/data/myfranchise-TipoDesvio.hdbtabledata"... (STDOUT, APP/TASK/deploy)#
#2026 07 30 02:50:34.294#Z#DEBUG#3ed74488-8bc1-11f1-85f0-eeee0a91cfe7.myfranchise-db-deployer#flowable-async-job-executor-thread-62858#
[PollExecuteTaskStatusExecution] 29787a82-7f21-42fb-b29e-68fef013f5a1 [2026-07-30T02:27:42.448720] Deploying "src/gen/data/myfranchise-TipoDesvio.hdbtabledata"... ok (0s 0ms) (STDOUT, APP/TASK/deploy)#
#2026 07 30 02:50:34.294#Z#DEBUG#3ed74488-8bc1-11f1-85f0-eeee0a91cfe7.myfranchise-db-deployer#flowable-async-job-executor-thread-62858#
[PollExecuteTaskStatusExecution] 29787a82-7f21-42fb-b29e-68fef013f5a1 [2026-07-30T02:27:42.448722] Deploying "src/gen/data/myfranchise-TipoDocumento.csv"... (STDOUT, APP/TASK/deploy)#
#2026 07 30 02:50:34.294#Z#DEBUG#3ed74488-8bc1-11f1-85f0-eeee0a91cfe7.myfranchise-db-deployer#flowable-async-job-executor-thread-62858#
[PollExecuteTaskStatusExecution] 29787a82-7f21-42fb-b29e-68fef013f5a1 [2026-07-30T02:27:42.448723] Deploying "src/gen/data/myfranchise-StatusUnidade.csv"... ok (0s 3ms) (STDOUT, APP/TASK/deploy)#
#2026 07 30 02:50:34.294#Z#DEBUG#3ed74488-8bc1-11f1-85f0-eeee0a91cfe7.myfranchise-db-deployer#flowable-async-job-executor-thread-62858#
[PollExecuteTaskStatusExecution] 29787a82-7f21-42fb-b29e-68fef013f5a1 [2026-07-30T02:27:42.448724] Deploying "src/gen/data/myfranchise-TipoDocumento.hdbtabledata"... (STDOUT, APP/TASK/deploy)#
#2026 07 30 02:50:34.294#Z#DEBUG#3ed74488-8bc1-11f1-85f0-eeee0a91cfe7.myfranchise-db-deployer#flowable-async-job-executor-thread-62858#
[PollExecuteTaskStatusExecution] 29787a82-7f21-42fb-b29e-68fef013f5a1 [2026-07-30T02:27:42.448726] Deploying "src/gen/data/myfranchise-TipoDocumento.hdbtabledata"... ok (0s 0ms) (STDOUT, APP/TASK/deploy)#
#2026 07 30 02:50:34.294#Z#DEBUG#3ed74488-8bc1-11f1-85f0-eeee0a91cfe7.myfranchise-db-deployer#flowable-async-job-executor-thread-62858#
[PollExecuteTaskStatusExecution] 29787a82-7f21-42fb-b29e-68fef013f5a1 [2026-07-30T02:27:42.448728] Deploying "src/gen/data/myfranchise-TipoRecomendacao.csv"... (STDOUT, APP/TASK/deploy)#
#2026 07 30 02:50:34.294#Z#DEBUG#3ed74488-8bc1-11f1-85f0-eeee0a91cfe7.myfranchise-db-deployer#flowable-async-job-executor-thread-62858#
[PollExecuteTaskStatusExecution] 29787a82-7f21-42fb-b29e-68fef013f5a1 [2026-07-30T02:27:42.448730] Deploying "src/gen/data/myfranchise-TipoDesvio.csv"... ok (0s 2ms) (STDOUT, APP/TASK/deploy)#
#2026 07 30 02:50:34.294#Z#DEBUG#3ed74488-8bc1-11f1-85f0-eeee0a91cfe7.myfranchise-db-deployer#flowable-async-job-executor-thread-62858#
[PollExecuteTaskStatusExecution] 29787a82-7f21-42fb-b29e-68fef013f5a1 [2026-07-30T02:27:42.448732] Deploying "src/gen/data/myfranchise-TipoRecomendacao.hdbtabledata"... (STDOUT, APP/TASK/deploy)#
#2026 07 30 02:50:34.294#Z#DEBUG#3ed74488-8bc1-11f1-85f0-eeee0a91cfe7.myfranchise-db-deployer#flowable-async-job-executor-thread-62858#
[PollExecuteTaskStatusExecution] 29787a82-7f21-42fb-b29e-68fef013f5a1 [2026-07-30T02:27:42.448734] Deploying "src/gen/data/myfranchise-TipoRecomendacao.hdbtabledata"... ok (0s 1ms) (STDOUT, APP/TASK/deploy)#
#2026 07 30 02:50:34.294#Z#DEBUG#3ed74488-8bc1-11f1-85f0-eeee0a91cfe7.myfranchise-db-deployer#flowable-async-job-executor-thread-62858#
[PollExecuteTaskStatusExecution] 29787a82-7f21-42fb-b29e-68fef013f5a1 [2026-07-30T02:27:42.448735] Deploying "src/gen/data/myfranchise-Unidades.csv"... (STDOUT, APP/TASK/deploy)#
#2026 07 30 02:50:34.294#Z#DEBUG#3ed74488-8bc1-11f1-85f0-eeee0a91cfe7.myfranchise-db-deployer#flowable-async-job-executor-thread-62858#
[PollExecuteTaskStatusExecution] 29787a82-7f21-42fb-b29e-68fef013f5a1 [2026-07-30T02:27:42.448737] Deploying "src/gen/data/myfranchise-TipoDocumento.csv"... ok (0s 3ms) (STDOUT, APP/TASK/deploy)#
#2026 07 30 02:50:34.294#Z#DEBUG#3ed74488-8bc1-11f1-85f0-eeee0a91cfe7.myfranchise-db-deployer#flowable-async-job-executor-thread-62858#
[PollExecuteTaskStatusExecution] 29787a82-7f21-42fb-b29e-68fef013f5a1 [2026-07-30T02:27:42.448739] Deploying "src/gen/data/myfranchise-Unidades.hdbtabledata"... (STDOUT, APP/TASK/deploy)#
#2026 07 30 02:50:34.294#Z#DEBUG#3ed74488-8bc1-11f1-85f0-eeee0a91cfe7.myfranchise-db-deployer#flowable-async-job-executor-thread-62858#
[PollExecuteTaskStatusExecution] 29787a82-7f21-42fb-b29e-68fef013f5a1 [2026-07-30T02:27:42.448751] Deploying "src/gen/data/myfranchise-Unidades.hdbtabledata"... ok (0s 0ms) (STDOUT, APP/TASK/deploy)#
#2026 07 30 02:50:34.294#Z#DEBUG#3ed74488-8bc1-11f1-85f0-eeee0a91cfe7.myfranchise-db-deployer#flowable-async-job-executor-thread-62858#
[PollExecuteTaskStatusExecution] 29787a82-7f21-42fb-b29e-68fef013f5a1 [2026-07-30T02:27:42.448753] Deploying "src/gen/data/myfranchise-VendaPraticada.csv"... (STDOUT, APP/TASK/deploy)#
#2026 07 30 02:50:34.294#Z#DEBUG#3ed74488-8bc1-11f1-85f0-eeee0a91cfe7.myfranchise-db-deployer#flowable-async-job-executor-thread-62858#
[PollExecuteTaskStatusExecution] 29787a82-7f21-42fb-b29e-68fef013f5a1 [2026-07-30T02:27:42.448756] Deploying "src/gen/data/myfranchise-TipoRecomendacao.csv"... ok (0s 2ms) (STDOUT, APP/TASK/deploy)#
#2026 07 30 02:50:34.294#Z#DEBUG#3ed74488-8bc1-11f1-85f0-eeee0a91cfe7.myfranchise-db-deployer#flowable-async-job-executor-thread-62858#
[PollExecuteTaskStatusExecution] 29787a82-7f21-42fb-b29e-68fef013f5a1 [2026-07-30T02:27:42.448758] Deploying "src/gen/data/myfranchise-VendaPraticada.hdbtabledata"... (STDOUT, APP/TASK/deploy)#
#2026 07 30 02:50:34.294#Z#DEBUG#3ed74488-8bc1-11f1-85f0-eeee0a91cfe7.myfranchise-db-deployer#flowable-async-job-executor-thread-62858#
[PollExecuteTaskStatusExecution] 29787a82-7f21-42fb-b29e-68fef013f5a1 [2026-07-30T02:27:42.448761] Deploying "src/gen/data/myfranchise-VendaPraticada.hdbtabledata"... ok (0s 0ms) (STDOUT, APP/TASK/deploy)#
#2026 07 30 02:50:34.294#Z#DEBUG#3ed74488-8bc1-11f1-85f0-eeee0a91cfe7.myfranchise-db-deployer#flowable-async-job-executor-thread-62858#
[PollExecuteTaskStatusExecution] 29787a82-7f21-42fb-b29e-68fef013f5a1 [2026-07-30T02:27:42.448763] Deploying "src/gen/myfranchise.Alertas.hdbtable"... (STDOUT, APP/TASK/deploy)#
#2026 07 30 02:50:34.294#Z#DEBUG#3ed74488-8bc1-11f1-85f0-eeee0a91cfe7.myfranchise-db-deployer#flowable-async-job-executor-thread-62858#
[PollExecuteTaskStatusExecution] 29787a82-7f21-42fb-b29e-68fef013f5a1 [2026-07-30T02:27:42.448765] Deploying "src/gen/data/myfranchise-Unidades.csv"... ok (0s 2ms) (STDOUT, APP/TASK/deploy)#
#2026 07 30 02:50:34.294#Z#DEBUG#3ed74488-8bc1-11f1-85f0-eeee0a91cfe7.myfranchise-db-deployer#flowable-async-job-executor-thread-62858#
[PollExecuteTaskStatusExecution] 29787a82-7f21-42fb-b29e-68fef013f5a1 [2026-07-30T02:27:42.448768] Deploying "src/gen/myfranchise.AprovacoesOnboarding.hdbtable"... (STDOUT, APP/TASK/deploy)#
#2026 07 30 02:50:34.294#Z#DEBUG#3ed74488-8bc1-11f1-85f0-eeee0a91cfe7.myfranchise-db-deployer#flowable-async-job-executor-thread-62858#
[PollExecuteTaskStatusExecution] 29787a82-7f21-42fb-b29e-68fef013f5a1 [2026-07-30T02:27:42.448770] Deploying "src/gen/data/myfranchise-VendaPraticada.csv"... ok (0s 2ms) (STDOUT, APP/TASK/deploy)#
#2026 07 30 02:50:34.294#Z#DEBUG#3ed74488-8bc1-11f1-85f0-eeee0a91cfe7.myfranchise-db-deployer#flowable-async-job-executor-thread-62858#
[PollExecuteTaskStatusExecution] 29787a82-7f21-42fb-b29e-68fef013f5a1 [2026-07-30T02:27:42.448772] Deploying "src/gen/myfranchise.Benchmark_Cluster.hdbtable"... (STDOUT, APP/TASK/deploy)#
#2026 07 30 02:50:34.294#Z#DEBUG#3ed74488-8bc1-11f1-85f0-eeee0a91cfe7.myfranchise-db-deployer#flowable-async-job-executor-thread-62858#
[PollExecuteTaskStatusExecution] 29787a82-7f21-42fb-b29e-68fef013f5a1 [2026-07-30T02:27:42.448774] Deploying "src/gen/myfranchise.Alertas.hdbtable"... ok (0s 23ms) (STDOUT, APP/TASK/deploy)#
#2026 07 30 02:50:34.294#Z#DEBUG#3ed74488-8bc1-11f1-85f0-eeee0a91cfe7.myfranchise-db-deployer#flowable-async-job-executor-thread-62858#
[PollExecuteTaskStatusExecution] 29787a82-7f21-42fb-b29e-68fef013f5a1 [2026-07-30T02:27:42.448777] Deploying "src/gen/myfranchise.Catalogos.hdbtable"... (STDOUT, APP/TASK/deploy)#
#2026 07 30 02:50:34.294#Z#DEBUG#3ed74488-8bc1-11f1-85f0-eeee0a91cfe7.myfranchise-db-deployer#flowable-async-job-executor-thread-62858#
[PollExecuteTaskStatusExecution] 29787a82-7f21-42fb-b29e-68fef013f5a1 [2026-07-30T02:27:42.448797] Deploying "src/gen/myfranchise.AprovacoesOnboarding.hdbtable"... ok (0s 29ms) (STDOUT, APP/TASK/deploy)#
#2026 07 30 02:50:34.294#Z#DEBUG#3ed74488-8bc1-11f1-85f0-eeee0a91cfe7.myfranchise-db-deployer#flowable-async-job-executor-thread-62858#
[PollExecuteTaskStatusExecution] 29787a82-7f21-42fb-b29e-68fef013f5a1 [2026-07-30T02:27:42.448800] Deploying "src/gen/myfranchise.Cluster.hdbtable"... (STDOUT, APP/TASK/deploy)#
#2026 07 30 02:50:34.294#Z#DEBUG#3ed74488-8bc1-11f1-85f0-eeee0a91cfe7.myfranchise-db-deployer#flowable-async-job-executor-thread-62858#
[PollExecuteTaskStatusExecution] 29787a82-7f21-42fb-b29e-68fef013f5a1 [2026-07-30T02:27:42.448804] Deploying "src/gen/myfranchise.Benchmark_Cluster.hdbtable"... ok (0s 31ms) (STDOUT, APP/TASK/deploy)#
#2026 07 30 02:50:34.294#Z#DEBUG#3ed74488-8bc1-11f1-85f0-eeee0a91cfe7.myfranchise-db-deployer#flowable-async-job-executor-thread-62858#
[PollExecuteTaskStatusExecution] 29787a82-7f21-42fb-b29e-68fef013f5a1 [2026-07-30T02:27:42.448806] Deploying "src/gen/myfranchise.Cluster_texts.hdbtable"... (STDOUT, APP/TASK/deploy)#
#2026 07 30 02:50:34.294#Z#DEBUG#3ed74488-8bc1-11f1-85f0-eeee0a91cfe7.myfranchise-db-deployer#flowable-async-job-executor-thread-62858#
[PollExecuteTaskStatusExecution] 29787a82-7f21-42fb-b29e-68fef013f5a1 [2026-07-30T02:27:42.448808] Deploying "src/gen/myfranchise.Catalogos.hdbtable"... ok (0s 25ms) (STDOUT, APP/TASK/deploy)#
#2026 07 30 02:50:34.294#Z#DEBUG#3ed74488-8bc1-11f1-85f0-eeee0a91cfe7.myfranchise-db-deployer#flowable-async-job-executor-thread-62858#
[PollExecuteTaskStatusExecution] 29787a82-7f21-42fb-b29e-68fef013f5a1 [2026-07-30T02:27:42.448810] Deploying "src/gen/myfranchise.Cluster.hdbtable"... ok (0s 19ms) (STDOUT, APP/TASK/deploy)#
#2026 07 30 02:50:34.294#Z#DEBUG#3ed74488-8bc1-11f1-85f0-eeee0a91cfe7.myfranchise-db-deployer#flowable-async-job-executor-thread-62858#
[PollExecuteTaskStatusExecution] 29787a82-7f21-42fb-b29e-68fef013f5a1 [2026-07-30T02:27:42.448818] Deploying "src/gen/myfranchise.Contratos_Franquia.hdbtable"... (STDOUT, APP/TASK/deploy)#
#2026 07 30 02:50:34.294#Z#DEBUG#3ed74488-8bc1-11f1-85f0-eeee0a91cfe7.myfranchise-db-deployer#flowable-async-job-executor-thread-62858#
[PollExecuteTaskStatusExecution] 29787a82-7f21-42fb-b29e-68fef013f5a1 [2026-07-30T02:27:42.448820] Deploying "src/gen/myfranchise.Desvios.hdbtable"... (STDOUT, APP/TASK/deploy)#
#2026 07 30 02:50:34.294#Z#DEBUG#3ed74488-8bc1-11f1-85f0-eeee0a91cfe7.myfranchise-db-deployer#flowable-async-job-executor-thread-62858#
[PollExecuteTaskStatusExecution] 29787a82-7f21-42fb-b29e-68fef013f5a1 [2026-07-30T02:27:42.448822] Deploying "src/gen/myfranchise.Cluster_texts.hdbtable"... ok (0s 24ms) (STDOUT, APP/TASK/deploy)#
#2026 07 30 02:50:34.294#Z#DEBUG#3ed74488-8bc1-11f1-85f0-eeee0a91cfe7.myfranchise-db-deployer#flowable-async-job-executor-thread-62858#
[PollExecuteTaskStatusExecution] 29787a82-7f21-42fb-b29e-68fef013f5a1 [2026-07-30T02:27:42.448873] Deploying "src/gen/myfranchise.DocumentosOnboarding.hdbtable"... (STDOUT, APP/TASK/deploy)#
#2026 07 30 02:50:34.294#Z#DEBUG#3ed74488-8bc1-11f1-85f0-eeee0a91cfe7.myfranchise-db-deployer#flowable-async-job-executor-thread-62858#
[PollExecuteTaskStatusExecution] 29787a82-7f21-42fb-b29e-68fef013f5a1 [2026-07-30T02:27:42.448879] Deploying "src/gen/myfranchise.Contratos_Franquia.hdbtable"... ok (0s 24ms) (STDOUT, APP/TASK/deploy)#
#2026 07 30 02:50:34.294#Z#DEBUG#3ed74488-8bc1-11f1-85f0-eeee0a91cfe7.myfranchise-db-deployer#flowable-async-job-executor-thread-62858#
[PollExecuteTaskStatusExecution] 29787a82-7f21-42fb-b29e-68fef013f5a1 [2026-07-30T02:27:42.448882] Deploying "src/gen/myfranchise.Desvios.hdbtable"... ok (0s 24ms) (STDOUT, APP/TASK/deploy)#
#2026 07 30 02:50:34.294#Z#DEBUG#3ed74488-8bc1-11f1-85f0-eeee0a91cfe7.myfranchise-db-deployer#flowable-async-job-executor-thread-62858#
[PollExecuteTaskStatusExecution] 29787a82-7f21-42fb-b29e-68fef013f5a1 [2026-07-30T02:27:42.448885] Deploying "src/gen/myfranchise.EtapasOnboarding.hdbtable"... (STDOUT, APP/TASK/deploy)#
#2026 07 30 02:50:34.294#Z#DEBUG#3ed74488-8bc1-11f1-85f0-eeee0a91cfe7.myfranchise-db-deployer#flowable-async-job-executor-thread-62858#
[PollExecuteTaskStatusExecution] 29787a82-7f21-42fb-b29e-68fef013f5a1 [2026-07-30T02:27:42.448888] Deploying "src/gen/myfranchise.Franqueados.hdbtable"... (STDOUT, APP/TASK/deploy)#
#2026 07 30 02:50:34.294#Z#DEBUG#3ed74488-8bc1-11f1-85f0-eeee0a91cfe7.myfranchise-db-deployer#flowable-async-job-executor-thread-62858#
[PollExecuteTaskStatusExecution] 29787a82-7f21-42fb-b29e-68fef013f5a1 [2026-07-30T02:27:42.448891] Deploying "src/gen/myfranchise.DocumentosOnboarding.hdbtable"... ok (0s 26ms) (STDOUT, APP/TASK/deploy)#
#2026 07 30 02:50:34.294#Z#DEBUG#3ed74488-8bc1-11f1-85f0-eeee0a91cfe7.myfranchise-db-deployer#flowable-async-job-executor-thread-62858#
[PollExecuteTaskStatusExecution] 29787a82-7f21-42fb-b29e-68fef013f5a1 [2026-07-30T02:27:42.448896] Deploying "src/gen/myfranchise.ItensCatalogo.hdbtable"... (STDOUT, APP/TASK/deploy)#
#2026 07 30 02:50:34.294#Z#DEBUG#3ed74488-8bc1-11f1-85f0-eeee0a91cfe7.myfranchise-db-deployer#flowable-async-job-executor-thread-62858#
[PollExecuteTaskStatusExecution] 29787a82-7f21-42fb-b29e-68fef013f5a1 [2026-07-30T02:27:42.448910] Deploying "src/gen/myfranchise.EtapasOnboarding.hdbtable"... ok (0s 27ms) (STDOUT, APP/TASK/deploy)#
#2026 07 30 02:50:34.294#Z#DEBUG#3ed74488-8bc1-11f1-85f0-eeee0a91cfe7.myfranchise-db-deployer#flowable-async-job-executor-thread-62858#
[PollExecuteTaskStatusExecution] 29787a82-7f21-42fb-b29e-68fef013f5a1 [2026-07-30T02:27:42.448913] Deploying "src/gen/myfranchise.Franqueados.hdbtable"... ok (0s 27ms) (STDOUT, APP/TASK/deploy)#
#2026 07 30 02:50:34.294#Z#DEBUG#3ed74488-8bc1-11f1-85f0-eeee0a91cfe7.myfranchise-db-deployer#flowable-async-job-executor-thread-62858#
[PollExecuteTaskStatusExecution] 29787a82-7f21-42fb-b29e-68fef013f5a1 [2026-07-30T02:27:42.448915] Deploying "src/gen/myfranchise.KPI_Unidade.hdbtable"... (STDOUT, APP/TASK/deploy)#
#2026 07 30 02:50:34.294#Z#DEBUG#3ed74488-8bc1-11f1-85f0-eeee0a91cfe7.myfranchise-db-deployer#flowable-async-job-executor-thread-62858#
[PollExecuteTaskStatusExecution] 29787a82-7f21-42fb-b29e-68fef013f5a1 [2026-07-30T02:27:42.448918] Deploying "src/gen/myfranchise.NotificacoesCompliance.hdbtable"... (STDOUT, APP/TASK/deploy)#
#2026 07 30 02:50:34.294#Z#DEBUG#3ed74488-8bc1-11f1-85f0-eeee0a91cfe7.myfranchise-db-deployer#flowable-async-job-executor-thread-62858#
[PollExecuteTaskStatusExecution] 29787a82-7f21-42fb-b29e-68fef013f5a1 [2026-07-30T02:27:42.448928] Deploying "src/gen/myfranchise.ItensCatalogo.hdbtable"... ok (0s 27ms) (STDOUT, APP/TASK/deploy)#
#2026 07 30 02:50:34.294#Z#DEBUG#3ed74488-8bc1-11f1-85f0-eeee0a91cfe7.myfranchise-db-deployer#flowable-async-job-executor-thread-62858#
[PollExecuteTaskStatusExecution] 29787a82-7f21-42fb-b29e-68fef013f5a1 [2026-07-30T02:27:42.448930] Deploying "src/gen/myfranchise.Prioridade.hdbtable"... (STDOUT, APP/TASK/deploy)#
#2026 07 30 02:50:34.294#Z#DEBUG#3ed74488-8bc1-11f1-85f0-eeee0a91cfe7.myfranchise-db-deployer#flowable-async-job-executor-thread-62858#
[PollExecuteTaskStatusExecution] 29787a82-7f21-42fb-b29e-68fef013f5a1 [2026-07-30T02:27:42.448941] Deploying "src/gen/myfranchise.NotificacoesCompliance.hdbtable"... ok (0s 26ms) (STDOUT, APP/TASK/deploy)#
#2026 07 30 02:50:34.294#Z#DEBUG#3ed74488-8bc1-11f1-85f0-eeee0a91cfe7.myfranchise-db-deployer#flowable-async-job-executor-thread-62858#
[PollExecuteTaskStatusExecution] 29787a82-7f21-42fb-b29e-68fef013f5a1 [2026-07-30T02:27:42.448993] Deploying "src/gen/myfranchise.KPI_Unidade.hdbtable"... ok (0s 26ms) (STDOUT, APP/TASK/deploy)#
#2026 07 30 02:50:34.294#Z#DEBUG#3ed74488-8bc1-11f1-85f0-eeee0a91cfe7.myfranchise-db-deployer#flowable-async-job-executor-thread-62858#
[PollExecuteTaskStatusExecution] 29787a82-7f21-42fb-b29e-68fef013f5a1 [2026-07-30T02:27:42.449] Deploying "src/gen/myfranchise.Prioridade_texts.hdbtable"... (STDOUT, APP/TASK/deploy)#
#2026 07 30 02:50:34.294#Z#DEBUG#3ed74488-8bc1-11f1-85f0-eeee0a91cfe7.myfranchise-db-deployer#flowable-async-job-executor-thread-62858#
[PollExecuteTaskStatusExecution] 29787a82-7f21-42fb-b29e-68fef013f5a1 [2026-07-30T02:27:42.449003] Deploying "src/gen/myfranchise.ProcessosOnboarding.hdbtable"... (STDOUT, APP/TASK/deploy)#
#2026 07 30 02:50:34.294#Z#DEBUG#3ed74488-8bc1-11f1-85f0-eeee0a91cfe7.myfranchise-db-deployer#flowable-async-job-executor-thread-62858#
[PollExecuteTaskStatusExecution] 29787a82-7f21-42fb-b29e-68fef013f5a1 [2026-07-30T02:27:42.449006] Deploying "src/gen/myfranchise.Prioridade.hdbtable"... ok (0s 24ms) (STDOUT, APP/TASK/deploy)#
#2026 07 30 02:50:34.294#Z#DEBUG#3ed74488-8bc1-11f1-85f0-eeee0a91cfe7.myfranchise-db-deployer#flowable-async-job-executor-thread-62858#
[PollExecuteTaskStatusExecution] 29787a82-7f21-42fb-b29e-68fef013f5a1 [2026-07-30T02:27:42.449021] Deploying "src/gen/myfranchise.Recomendacoes.hdbtable"... (STDOUT, APP/TASK/deploy)#
#2026 07 30 02:50:34.294#Z#DEBUG#3ed74488-8bc1-11f1-85f0-eeee0a91cfe7.myfranchise-db-deployer#flowable-async-job-executor-thread-62858#
[PollExecuteTaskStatusExecution] 29787a82-7f21-42fb-b29e-68fef013f5a1 [2026-07-30T02:27:42.449024] Deploying "src/gen/myfranchise.Prioridade_texts.hdbtable"... ok (0s 23ms) (STDOUT, APP/TASK/deploy)#
#2026 07 30 02:50:34.294#Z#DEBUG#3ed74488-8bc1-11f1-85f0-eeee0a91cfe7.myfranchise-db-deployer#flowable-async-job-executor-thread-62858#
[PollExecuteTaskStatusExecution] 29787a82-7f21-42fb-b29e-68fef013f5a1 [2026-07-30T02:27:42.449029] Deploying "src/gen/myfranchise.ProcessosOnboarding.hdbtable"... ok (0s 23ms) (STDOUT, APP/TASK/deploy)#
#2026 07 30 02:50:34.294#Z#DEBUG#3ed74488-8bc1-11f1-85f0-eeee0a91cfe7.myfranchise-db-deployer#flowable-async-job-executor-thread-62858#
[PollExecuteTaskStatusExecution] 29787a82-7f21-42fb-b29e-68fef013f5a1 [2026-07-30T02:27:42.449041] Deploying "src/gen/myfranchise.Regiao.hdbtable"... (STDOUT, APP/TASK/deploy)#
#2026 07 30 02:50:34.294#Z#DEBUG#3ed74488-8bc1-11f1-85f0-eeee0a91cfe7.myfranchise-db-deployer#flowable-async-job-executor-thread-62858#
[PollExecuteTaskStatusExecution] 29787a82-7f21-42fb-b29e-68fef013f5a1 [2026-07-30T02:27:42.449044] Deploying "src/gen/myfranchise.Regiao_texts.hdbtable"... (STDOUT, APP/TASK/deploy)#
#2026 07 30 02:50:34.294#Z#DEBUG#3ed74488-8bc1-11f1-85f0-eeee0a91cfe7.myfranchise-db-deployer#flowable-async-job-executor-thread-62858#
[PollExecuteTaskStatusExecution] 29787a82-7f21-42fb-b29e-68fef013f5a1 [2026-07-30T02:27:42.449047] Deploying "src/gen/myfranchise.Recomendacoes.hdbtable"... ok (0s 25ms) (STDOUT, APP/TASK/deploy)#
#2026 07 30 02:50:34.294#Z#DEBUG#3ed74488-8bc1-11f1-85f0-eeee0a91cfe7.myfranchise-db-deployer#flowable-async-job-executor-thread-62858#
[PollExecuteTaskStatusExecution] 29787a82-7f21-42fb-b29e-68fef013f5a1 [2026-07-30T02:27:42.449050] Deploying "src/gen/myfranchise.RegrasCompliance.hdbtable"... (STDOUT, APP/TASK/deploy)#
#2026 07 30 02:50:34.294#Z#DEBUG#3ed74488-8bc1-11f1-85f0-eeee0a91cfe7.myfranchise-db-deployer#flowable-async-job-executor-thread-62858#
[PollExecuteTaskStatusExecution] 29787a82-7f21-42fb-b29e-68fef013f5a1 [2026-07-30T02:27:42.449053] Deploying "src/gen/myfranchise.Regiao.hdbtable"... ok (0s 25ms) (STDOUT, APP/TASK/deploy)#
#2026 07 30 02:50:34.294#Z#DEBUG#3ed74488-8bc1-11f1-85f0-eeee0a91cfe7.myfranchise-db-deployer#flowable-async-job-executor-thread-62858#
[PollExecuteTaskStatusExecution] 29787a82-7f21-42fb-b29e-68fef013f5a1 [2026-07-30T02:27:42.449096] Deploying "src/gen/myfranchise.Regiao_texts.hdbtable"... ok (0s 25ms) (STDOUT, APP/TASK/deploy)#
#2026 07 30 02:50:34.294#Z#DEBUG#3ed74488-8bc1-11f1-85f0-eeee0a91cfe7.myfranchise-db-deployer#flowable-async-job-executor-thread-62858#
[PollExecuteTaskStatusExecution] 29787a82-7f21-42fb-b29e-68fef013f5a1 [2026-07-30T02:27:42.449101] Deploying "src/gen/myfranchise.Saude_Unidade.hdbtable"... (STDOUT, APP/TASK/deploy)#
#2026 07 30 02:50:34.294#Z#DEBUG#3ed74488-8bc1-11f1-85f0-eeee0a91cfe7.myfranchise-db-deployer#flowable-async-job-executor-thread-62858#
[PollExecuteTaskStatusExecution] 29787a82-7f21-42fb-b29e-68fef013f5a1 [2026-07-30T02:27:42.449103] Deploying "src/gen/myfranchise.Severidade.hdbtable"... (STDOUT, APP/TASK/deploy)#
#2026 07 30 02:50:34.294#Z#DEBUG#3ed74488-8bc1-11f1-85f0-eeee0a91cfe7.myfranchise-db-deployer#flowable-async-job-executor-thread-62858#
[PollExecuteTaskStatusExecution] 29787a82-7f21-42fb-b29e-68fef013f5a1 [2026-07-30T02:27:42.449498] Deploying "src/gen/myfranchise.RegrasCompliance.hdbtable"... ok (0s 24ms) (STDOUT, APP/TASK/deploy)#
#2026 07 30 02:50:34.294#Z#DEBUG#3ed74488-8bc1-11f1-85f0-eeee0a91cfe7.myfranchise-db-deployer#flowable-async-job-executor-thread-62858#
[PollExecuteTaskStatusExecution] 29787a82-7f21-42fb-b29e-68fef013f5a1 [2026-07-30T02:27:42.449512] Deploying "src/gen/myfranchise.Severidade_texts.hdbtable"... (STDOUT, APP/TASK/deploy)#
#2026 07 30 02:50:34.294#Z#DEBUG#3ed74488-8bc1-11f1-85f0-eeee0a91cfe7.myfranchise-db-deployer#flowable-async-job-executor-thread-62858#
[PollExecuteTaskStatusExecution] 29787a82-7f21-42fb-b29e-68fef013f5a1 [2026-07-30T02:27:42.449556] Deploying "src/gen/myfranchise.Saude_Unidade.hdbtable"... ok (0s 23ms) (STDOUT, APP/TASK/deploy)#
#2026 07 30 02:50:34.294#Z#DEBUG#3ed74488-8bc1-11f1-85f0-eeee0a91cfe7.myfranchise-db-deployer#flowable-async-job-executor-thread-62858#
[PollExecuteTaskStatusExecution] 29787a82-7f21-42fb-b29e-68fef013f5a1 [2026-07-30T02:27:42.449558] Deploying "src/gen/myfranchise.Severidade.hdbtable"... ok (0s 23ms) (STDOUT, APP/TASK/deploy)#
#2026 07 30 02:50:34.294#Z#DEBUG#3ed74488-8bc1-11f1-85f0-eeee0a91cfe7.myfranchise-db-deployer#flowable-async-job-executor-thread-62858#
[PollExecuteTaskStatusExecution] 29787a82-7f21-42fb-b29e-68fef013f5a1 [2026-07-30T02:27:42.449563] Deploying "src/gen/myfranchise.StatusAlerta.hdbtable"... (STDOUT, APP/TASK/deploy)#
#2026 07 30 02:50:34.294#Z#DEBUG#3ed74488-8bc1-11f1-85f0-eeee0a91cfe7.myfranchise-db-deployer#flowable-async-job-executor-thread-62858#
[PollExecuteTaskStatusExecution] 29787a82-7f21-42fb-b29e-68fef013f5a1 [2026-07-30T02:27:42.449565] Deploying "src/gen/myfranchise.StatusAlerta_texts.hdbtable"... (STDOUT, APP/TASK/deploy)#
#2026 07 30 02:50:34.295#Z#DEBUG#3ed74488-8bc1-11f1-85f0-eeee0a91cfe7.myfranchise-db-deployer#flowable-async-job-executor-thread-62858#
[PollExecuteTaskStatusExecution] 29787a82-7f21-42fb-b29e-68fef013f5a1 [2026-07-30T02:27:42.449568] Deploying "src/gen/myfranchise.Severidade_texts.hdbtable"... ok (0s 23ms) (STDOUT, APP/TASK/deploy)#
#2026 07 30 02:50:34.295#Z#DEBUG#3ed74488-8bc1-11f1-85f0-eeee0a91cfe7.myfranchise-db-deployer#flowable-async-job-executor-thread-62858#
[PollExecuteTaskStatusExecution] 29787a82-7f21-42fb-b29e-68fef013f5a1 [2026-07-30T02:27:42.449570] Deploying "src/gen/myfranchise.StatusAprovacao.hdbtable"... (STDOUT, APP/TASK/deploy)#
#2026 07 30 02:50:34.295#Z#DEBUG#3ed74488-8bc1-11f1-85f0-eeee0a91cfe7.myfranchise-db-deployer#flowable-async-job-executor-thread-62858#
[PollExecuteTaskStatusExecution] 29787a82-7f21-42fb-b29e-68fef013f5a1 [2026-07-30T02:27:42.449572] Deploying "src/gen/myfranchise.StatusAlerta.hdbtable"... ok (0s 21ms) (STDOUT, APP/TASK/deploy)#
#2026 07 30 02:50:34.295#Z#DEBUG#3ed74488-8bc1-11f1-85f0-eeee0a91cfe7.myfranchise-db-deployer#flowable-async-job-executor-thread-62858#
[PollExecuteTaskStatusExecution] 29787a82-7f21-42fb-b29e-68fef013f5a1 [2026-07-30T02:27:42.449574] Deploying "src/gen/myfranchise.StatusAprovacao_texts.hdbtable"... (STDOUT, APP/TASK/deploy)#
#2026 07 30 02:50:34.295#Z#DEBUG#3ed74488-8bc1-11f1-85f0-eeee0a91cfe7.myfranchise-db-deployer#flowable-async-job-executor-thread-62858#
[PollExecuteTaskStatusExecution] 29787a82-7f21-42fb-b29e-68fef013f5a1 [2026-07-30T02:27:42.449577] Deploying "src/gen/myfranchise.StatusAlerta_texts.hdbtable"... ok (0s 21ms) (STDOUT, APP/TASK/deploy)#
#2026 07 30 02:50:34.295#Z#DEBUG#3ed74488-8bc1-11f1-85f0-eeee0a91cfe7.myfranchise-db-deployer#flowable-async-job-executor-thread-62858#
[PollExecuteTaskStatusExecution] 29787a82-7f21-42fb-b29e-68fef013f5a1 [2026-07-30T02:27:42.449579] Deploying "src/gen/myfranchise.StatusCatalogo.hdbtable"... (STDOUT, APP/TASK/deploy)#
#2026 07 30 02:50:34.295#Z#DEBUG#3ed74488-8bc1-11f1-85f0-eeee0a91cfe7.myfranchise-db-deployer#flowable-async-job-executor-thread-62858#
[PollExecuteTaskStatusExecution] 29787a82-7f21-42fb-b29e-68fef013f5a1 [2026-07-30T02:27:42.449581] Deploying "src/gen/myfranchise.StatusAprovacao.hdbtable"... ok (0s 20ms) (STDOUT, APP/TASK/deploy)#
#2026 07 30 02:50:34.295#Z#DEBUG#3ed74488-8bc1-11f1-85f0-eeee0a91cfe7.myfranchise-db-deployer#flowable-async-job-executor-thread-62858#
[PollExecuteTaskStatusExecution] 29787a82-7f21-42fb-b29e-68fef013f5a1 [2026-07-30T02:27:42.449585] Deploying "src/gen/myfranchise.StatusCatalogo_texts.hdbtable"... (STDOUT, APP/TASK/deploy)#
#2026 07 30 02:50:34.295#Z#DEBUG#3ed74488-8bc1-11f1-85f0-eeee0a91cfe7.myfranchise-db-deployer#flowable-async-job-executor-thread-62858#
[PollExecuteTaskStatusExecution] 29787a82-7f21-42fb-b29e-68fef013f5a1 [2026-07-30T02:27:42.449589] Deploying "src/gen/myfranchise.StatusAprovacao_texts.hdbtable"... ok (0s 20ms) (STDOUT, APP/TASK/deploy)#
#2026 07 30 02:50:34.295#Z#DEBUG#3ed74488-8bc1-11f1-85f0-eeee0a91cfe7.myfranchise-db-deployer#flowable-async-job-executor-thread-62858#
[PollExecuteTaskStatusExecution] 29787a82-7f21-42fb-b29e-68fef013f5a1 [2026-07-30T02:27:42.449592] Deploying "src/gen/myfranchise.StatusCatalogo.hdbtable"... ok (0s 20ms) (STDOUT, APP/TASK/deploy)#
#2026 07 30 02:50:34.295#Z#DEBUG#3ed74488-8bc1-11f1-85f0-eeee0a91cfe7.myfranchise-db-deployer#flowable-async-job-executor-thread-62858#
[PollExecuteTaskStatusExecution] 29787a82-7f21-42fb-b29e-68fef013f5a1 [2026-07-30T02:27:42.449594] Deploying "src/gen/myfranchise.StatusContrato.hdbtable"... (STDOUT, APP/TASK/deploy)#
#2026 07 30 02:50:34.295#Z#DEBUG#3ed74488-8bc1-11f1-85f0-eeee0a91cfe7.myfranchise-db-deployer#flowable-async-job-executor-thread-62858#
[PollExecuteTaskStatusExecution] 29787a82-7f21-42fb-b29e-68fef013f5a1 [2026-07-30T02:27:42.449597] Deploying "src/gen/myfranchise.StatusContrato_texts.hdbtable"... (STDOUT, APP/TASK/deploy)#
#2026 07 30 02:50:34.295#Z#DEBUG#3ed74488-8bc1-11f1-85f0-eeee0a91cfe7.myfranchise-db-deployer#flowable-async-job-executor-thread-62858#
[PollExecuteTaskStatusExecution] 29787a82-7f21-42fb-b29e-68fef013f5a1 [2026-07-30T02:27:42.449600] Deploying "src/gen/myfranchise.StatusCatalogo_texts.hdbtable"... ok (0s 21ms) (STDOUT, APP/TASK/deploy)#
#2026 07 30 02:50:34.295#Z#DEBUG#3ed74488-8bc1-11f1-85f0-eeee0a91cfe7.myfranchise-db-deployer#flowable-async-job-executor-thread-62858#
[PollExecuteTaskStatusExecution] 29787a82-7f21-42fb-b29e-68fef013f5a1 [2026-07-30T02:27:42.449602] Deploying "src/gen/myfranchise.StatusDesvio.hdbtable"... (STDOUT, APP/TASK/deploy)#
#2026 07 30 02:50:34.295#Z#DEBUG#3ed74488-8bc1-11f1-85f0-eeee0a91cfe7.myfranchise-db-deployer#flowable-async-job-executor-thread-62858#
[PollExecuteTaskStatusExecution] 29787a82-7f21-42fb-b29e-68fef013f5a1 [2026-07-30T02:27:42.449604] Deploying "src/gen/myfranchise.StatusContrato.hdbtable"... ok (0s 18ms) (STDOUT, APP/TASK/deploy)#
#2026 07 30 02:50:34.295#Z#DEBUG#3ed74488-8bc1-11f1-85f0-eeee0a91cfe7.myfranchise-db-deployer#flowable-async-job-executor-thread-62858#
[PollExecuteTaskStatusExecution] 29787a82-7f21-42fb-b29e-68fef013f5a1 [2026-07-30T02:27:42.449606] Deploying "src/gen/myfranchise.StatusDesvio_texts.hdbtable"... (STDOUT, APP/TASK/deploy)#
#2026 07 30 02:50:34.295#Z#DEBUG#3ed74488-8bc1-11f1-85f0-eeee0a91cfe7.myfranchise-db-deployer#flowable-async-job-executor-thread-62858#
[PollExecuteTaskStatusExecution] 29787a82-7f21-42fb-b29e-68fef013f5a1 [2026-07-30T02:27:42.449609] Deploying "src/gen/myfranchise.StatusContrato_texts.hdbtable"... ok (0s 24ms) (STDOUT, APP/TASK/deploy)#
#2026 07 30 02:50:34.295#Z#DEBUG#3ed74488-8bc1-11f1-85f0-eeee0a91cfe7.myfranchise-db-deployer#flowable-async-job-executor-thread-62858#
[PollExecuteTaskStatusExecution] 29787a82-7f21-42fb-b29e-68fef013f5a1 [2026-07-30T02:27:42.449612] Deploying "src/gen/myfranchise.StatusDocumento.hdbtable"... (STDOUT, APP/TASK/deploy)#
#2026 07 30 02:50:34.295#Z#DEBUG#3ed74488-8bc1-11f1-85f0-eeee0a91cfe7.myfranchise-db-deployer#flowable-async-job-executor-thread-62858#
[PollExecuteTaskStatusExecution] 29787a82-7f21-42fb-b29e-68fef013f5a1 [2026-07-30T02:27:42.449614] Deploying "src/gen/myfranchise.StatusDesvio.hdbtable"... ok (0s 21ms) (STDOUT, APP/TASK/deploy)#
#2026 07 30 02:50:34.295#Z#DEBUG#3ed74488-8bc1-11f1-85f0-eeee0a91cfe7.myfranchise-db-deployer#flowable-async-job-executor-thread-62858#
[PollExecuteTaskStatusExecution] 29787a82-7f21-42fb-b29e-68fef013f5a1 [2026-07-30T02:27:42.449617] Deploying "src/gen/myfranchise.StatusDocumento_texts.hdbtable"... (STDOUT, APP/TASK/deploy)#
#2026 07 30 02:50:34.295#Z#DEBUG#3ed74488-8bc1-11f1-85f0-eeee0a91cfe7.myfranchise-db-deployer#flowable-async-job-executor-thread-62858#
[PollExecuteTaskStatusExecution] 29787a82-7f21-42fb-b29e-68fef013f5a1 [2026-07-30T02:27:42.449619] Deploying "src/gen/myfranchise.StatusDesvio_texts.hdbtable"... ok (0s 21ms) (STDOUT, APP/TASK/deploy)#
#2026 07 30 02:50:34.295#Z#DEBUG#3ed74488-8bc1-11f1-85f0-eeee0a91cfe7.myfranchise-db-deployer#flowable-async-job-executor-thread-62858#
[PollExecuteTaskStatusExecution] 29787a82-7f21-42fb-b29e-68fef013f5a1 [2026-07-30T02:27:42.449622] Deploying "src/gen/myfranchise.StatusFranqueado.hdbtable"... (STDOUT, APP/TASK/deploy)#
#2026 07 30 02:50:34.295#Z#DEBUG#3ed74488-8bc1-11f1-85f0-eeee0a91cfe7.myfranchise-db-deployer#flowable-async-job-executor-thread-62858#
[PollExecuteTaskStatusExecution] 29787a82-7f21-42fb-b29e-68fef013f5a1 [2026-07-30T02:27:42.449624] Deploying "src/gen/myfranchise.StatusDocumento.hdbtable"... ok (0s 21ms) (STDOUT, APP/TASK/deploy)#
#2026 07 30 02:50:34.295#Z#DEBUG#3ed74488-8bc1-11f1-85f0-eeee0a91cfe7.myfranchise-db-deployer#flowable-async-job-executor-thread-62858#
[PollExecuteTaskStatusExecution] 29787a82-7f21-42fb-b29e-68fef013f5a1 [2026-07-30T02:27:42.449627] Deploying "src/gen/myfranchise.StatusFranqueado_texts.hdbtable"... (STDOUT, APP/TASK/deploy)#
#2026 07 30 02:50:34.295#Z#DEBUG#3ed74488-8bc1-11f1-85f0-eeee0a91cfe7.myfranchise-db-deployer#flowable-async-job-executor-thread-62858#
[PollExecuteTaskStatusExecution] 29787a82-7f21-42fb-b29e-68fef013f5a1 [2026-07-30T02:27:42.449629] Deploying "src/gen/myfranchise.StatusDocumento_texts.hdbtable"... ok (0s 21ms) (STDOUT, APP/TASK/deploy)#
#2026 07 30 02:50:34.295#Z#DEBUG#3ed74488-8bc1-11f1-85f0-eeee0a91cfe7.myfranchise-db-deployer#flowable-async-job-executor-thread-62858#
[PollExecuteTaskStatusExecution] 29787a82-7f21-42fb-b29e-68fef013f5a1 [2026-07-30T02:27:42.449632] Deploying "src/gen/myfranchise.StatusKPI.hdbtable"... (STDOUT, APP/TASK/deploy)#
#2026 07 30 02:50:34.295#Z#DEBUG#3ed74488-8bc1-11f1-85f0-eeee0a91cfe7.myfranchise-db-deployer#flowable-async-job-executor-thread-62858#
[PollExecuteTaskStatusExecution] 29787a82-7f21-42fb-b29e-68fef013f5a1 [2026-07-30T02:27:42.449634] Deploying "src/gen/myfranchise.StatusFranqueado.hdbtable"... ok (0s 20ms) (STDOUT, APP/TASK/deploy)#
#2026 07 30 02:50:34.295#Z#DEBUG#3ed74488-8bc1-11f1-85f0-eeee0a91cfe7.myfranchise-db-deployer#flowable-async-job-executor-thread-62858#
[PollExecuteTaskStatusExecution] 29787a82-7f21-42fb-b29e-68fef013f5a1 [2026-07-30T02:27:42.449636] Deploying "src/gen/myfranchise.StatusKPI_texts.hdbtable"... (STDOUT, APP/TASK/deploy)#
#2026 07 30 02:50:34.295#Z#DEBUG#3ed74488-8bc1-11f1-85f0-eeee0a91cfe7.myfranchise-db-deployer#flowable-async-job-executor-thread-62858#
[PollExecuteTaskStatusExecution] 29787a82-7f21-42fb-b29e-68fef013f5a1 [2026-07-30T02:27:42.449638] Deploying "src/gen/myfranchise.StatusFranqueado_texts.hdbtable"... ok (0s 21ms) (STDOUT, APP/TASK/deploy)#
#2026 07 30 02:50:34.295#Z#DEBUG#3ed74488-8bc1-11f1-85f0-eeee0a91cfe7.myfranchise-db-deployer#flowable-async-job-executor-thread-62858#
[PollExecuteTaskStatusExecution] 29787a82-7f21-42fb-b29e-68fef013f5a1 [2026-07-30T02:27:42.449640] Deploying "src/gen/myfranchise.StatusNotificacao.hdbtable"... (STDOUT, APP/TASK/deploy)#
#2026 07 30 02:50:34.295#Z#DEBUG#3ed74488-8bc1-11f1-85f0-eeee0a91cfe7.myfranchise-db-deployer#flowable-async-job-executor-thread-62858#
[PollExecuteTaskStatusExecution] 29787a82-7f21-42fb-b29e-68fef013f5a1 [2026-07-30T02:27:42.449642] Deploying "src/gen/myfranchise.StatusKPI.hdbtable"... ok (0s 21ms) (STDOUT, APP/TASK/deploy)#
#2026 07 30 02:50:34.295#Z#DEBUG#3ed74488-8bc1-11f1-85f0-eeee0a91cfe7.myfranchise-db-deployer#flowable-async-job-executor-thread-62858#
[PollExecuteTaskStatusExecution] 29787a82-7f21-42fb-b29e-68fef013f5a1 [2026-07-30T02:27:42.449645] Deploying "src/gen/myfranchise.StatusNotificacao_texts.hdbtable"... (STDOUT, APP/TASK/deploy)#
#2026 07 30 02:50:34.295#Z#DEBUG#3ed74488-8bc1-11f1-85f0-eeee0a91cfe7.myfranchise-db-deployer#flowable-async-job-executor-thread-62858#
[PollExecuteTaskStatusExecution] 29787a82-7f21-42fb-b29e-68fef013f5a1 [2026-07-30T02:27:43.459491] Deploying "src/gen/myfranchise.StatusKPI_texts.hdbtable"... ok (0s 21ms) (STDOUT, APP/TASK/deploy)#
#2026 07 30 02:50:34.295#Z#DEBUG#3ed74488-8bc1-11f1-85f0-eeee0a91cfe7.myfranchise-db-deployer#flowable-async-job-executor-thread-62858#
[PollExecuteTaskStatusExecution] 29787a82-7f21-42fb-b29e-68fef013f5a1 [2026-07-30T02:27:43.459518] Deploying "src/gen/myfranchise.StatusOnboarding.hdbtable"... (STDOUT, APP/TASK/deploy)#
#2026 07 30 02:50:34.295#Z#DEBUG#3ed74488-8bc1-11f1-85f0-eeee0a91cfe7.myfranchise-db-deployer#flowable-async-job-executor-thread-62858#
[PollExecuteTaskStatusExecution] 29787a82-7f21-42fb-b29e-68fef013f5a1 [2026-07-30T02:27:43.459524] Deploying "src/gen/myfranchise.StatusNotificacao.hdbtable"... ok (0s 23ms) (STDOUT, APP/TASK/deploy)#
#2026 07 30 02:50:34.295#Z#DEBUG#3ed74488-8bc1-11f1-85f0-eeee0a91cfe7.myfranchise-db-deployer#flowable-async-job-executor-thread-62858#
[PollExecuteTaskStatusExecution] 29787a82-7f21-42fb-b29e-68fef013f5a1 [2026-07-30T02:27:43.459526] Deploying "src/gen/myfranchise.StatusOnboarding_texts.hdbtable"... (STDOUT, APP/TASK/deploy)#
#2026 07 30 02:50:34.295#Z#DEBUG#3ed74488-8bc1-11f1-85f0-eeee0a91cfe7.myfranchise-db-deployer#flowable-async-job-executor-thread-62858#
[PollExecuteTaskStatusExecution] 29787a82-7f21-42fb-b29e-68fef013f5a1 [2026-07-30T02:27:43.459529] Deploying "src/gen/myfranchise.StatusNotificacao_texts.hdbtable"... ok (0s 27ms) (STDOUT, APP/TASK/deploy)#
#2026 07 30 02:50:34.295#Z#DEBUG#3ed74488-8bc1-11f1-85f0-eeee0a91cfe7.myfranchise-db-deployer#flowable-async-job-executor-thread-62858#
[PollExecuteTaskStatusExecution] 29787a82-7f21-42fb-b29e-68fef013f5a1 [2026-07-30T02:27:43.459531] Deploying "src/gen/myfranchise.StatusRecomendacao.hdbtable"... (STDOUT, APP/TASK/deploy)#
#2026 07 30 02:50:34.295#Z#DEBUG#3ed74488-8bc1-11f1-85f0-eeee0a91cfe7.myfranchise-db-deployer#flowable-async-job-executor-thread-62858#
[PollExecuteTaskStatusExecution] 29787a82-7f21-42fb-b29e-68fef013f5a1 [2026-07-30T02:27:43.459536] Deploying "src/gen/myfranchise.StatusOnboarding.hdbtable"... ok (0s 28ms) (STDOUT, APP/TASK/deploy)#
#2026 07 30 02:50:34.295#Z#DEBUG#3ed74488-8bc1-11f1-85f0-eeee0a91cfe7.myfranchise-db-deployer#flowable-async-job-executor-thread-62858#
[PollExecuteTaskStatusExecution] 29787a82-7f21-42fb-b29e-68fef013f5a1 [2026-07-30T02:27:43.459538] Deploying "src/gen/myfranchise.StatusRecomendacao_texts.hdbtable"... (STDOUT, APP/TASK/deploy)#
#2026 07 30 02:50:34.295#Z#DEBUG#3ed74488-8bc1-11f1-85f0-eeee0a91cfe7.myfranchise-db-deployer#flowable-async-job-executor-thread-62858#
[PollExecuteTaskStatusExecution] 29787a82-7f21-42fb-b29e-68fef013f5a1 [2026-07-30T02:27:43.459543] Deploying "src/gen/myfranchise.StatusOnboarding_texts.hdbtable"... ok (0s 27ms) (STDOUT, APP/TASK/deploy)#
#2026 07 30 02:50:34.295#Z#DEBUG#3ed74488-8bc1-11f1-85f0-eeee0a91cfe7.myfranchise-db-deployer#flowable-async-job-executor-thread-62858#
[PollExecuteTaskStatusExecution] 29787a82-7f21-42fb-b29e-68fef013f5a1 [2026-07-30T02:27:43.459546] Deploying "src/gen/myfranchise.StatusTarefa.hdbtable"... (STDOUT, APP/TASK/deploy)#
#2026 07 30 02:50:34.295#Z#DEBUG#3ed74488-8bc1-11f1-85f0-eeee0a91cfe7.myfranchise-db-deployer#flowable-async-job-executor-thread-62858#
[PollExecuteTaskStatusExecution] 29787a82-7f21-42fb-b29e-68fef013f5a1 [2026-07-30T02:27:43.459552] Deploying "src/gen/myfranchise.StatusRecomendacao.hdbtable"... ok (0s 24ms) (STDOUT, APP/TASK/deploy)#
#2026 07 30 02:50:34.295#Z#DEBUG#3ed74488-8bc1-11f1-85f0-eeee0a91cfe7.myfranchise-db-deployer#flowable-async-job-executor-thread-62858#
[PollExecuteTaskStatusExecution] 29787a82-7f21-42fb-b29e-68fef013f5a1 [2026-07-30T02:27:43.459554] Deploying "src/gen/myfranchise.StatusTarefa_texts.hdbtable"... (STDOUT, APP/TASK/deploy)#
#2026 07 30 02:50:34.295#Z#DEBUG#3ed74488-8bc1-11f1-85f0-eeee0a91cfe7.myfranchise-db-deployer#flowable-async-job-executor-thread-62858#
[PollExecuteTaskStatusExecution] 29787a82-7f21-42fb-b29e-68fef013f5a1 [2026-07-30T02:27:43.459556] Deploying "src/gen/myfranchise.StatusRecomendacao_texts.hdbtable"... ok (0s 24ms) (STDOUT, APP/TASK/deploy)#
#2026 07 30 02:50:34.295#Z#DEBUG#3ed74488-8bc1-11f1-85f0-eeee0a91cfe7.myfranchise-db-deployer#flowable-async-job-executor-thread-62858#
[PollExecuteTaskStatusExecution] 29787a82-7f21-42fb-b29e-68fef013f5a1 [2026-07-30T02:27:43.459558] Deploying "src/gen/myfranchise.StatusUnidade.hdbtable"... (STDOUT, APP/TASK/deploy)#
#2026 07 30 02:50:34.295#Z#DEBUG#3ed74488-8bc1-11f1-85f0-eeee0a91cfe7.myfranchise-db-deployer#flowable-async-job-executor-thread-62858#
[PollExecuteTaskStatusExecution] 29787a82-7f21-42fb-b29e-68fef013f5a1 [2026-07-30T02:27:43.459560] Deploying "src/gen/myfranchise.StatusTarefa.hdbtable"... ok (0s 22ms) (STDOUT, APP/TASK/deploy)#
#2026 07 30 02:50:34.295#Z#DEBUG#3ed74488-8bc1-11f1-85f0-eeee0a91cfe7.myfranchise-db-deployer#flowable-async-job-executor-thread-62858#
[PollExecuteTaskStatusExecution] 29787a82-7f21-42fb-b29e-68fef013f5a1 [2026-07-30T02:27:43.459581] Deploying "src/gen/myfranchise.StatusUnidade_texts.hdbtable"... (STDOUT, APP/TASK/deploy)#
#2026 07 30 02:50:34.295#Z#DEBUG#3ed74488-8bc1-11f1-85f0-eeee0a91cfe7.myfranchise-db-deployer#flowable-async-job-executor-thread-62858#
[PollExecuteTaskStatusExecution] 29787a82-7f21-42fb-b29e-68fef013f5a1 [2026-07-30T02:27:43.459585] Deploying "src/gen/myfranchise.StatusTarefa_texts.hdbtable"... ok (0s 23ms) (STDOUT, APP/TASK/deploy)#
#2026 07 30 02:50:34.295#Z#DEBUG#3ed74488-8bc1-11f1-85f0-eeee0a91cfe7.myfranchise-db-deployer#flowable-async-job-executor-thread-62858#
[PollExecuteTaskStatusExecution] 29787a82-7f21-42fb-b29e-68fef013f5a1 [2026-07-30T02:27:43.459587] Deploying "src/gen/myfranchise.TarefasOnboarding.hdbtable"... (STDOUT, APP/TASK/deploy)#
#2026 07 30 02:50:34.295#Z#DEBUG#3ed74488-8bc1-11f1-85f0-eeee0a91cfe7.myfranchise-db-deployer#flowable-async-job-executor-thread-62858#
[PollExecuteTaskStatusExecution] 29787a82-7f21-42fb-b29e-68fef013f5a1 [2026-07-30T02:27:43.459589] Deploying "src/gen/myfranchise.StatusUnidade.hdbtable"... ok (0s 21ms) (STDOUT, APP/TASK/deploy)#
#2026 07 30 02:50:34.295#Z#DEBUG#3ed74488-8bc1-11f1-85f0-eeee0a91cfe7.myfranchise-db-deployer#flowable-async-job-executor-thread-62858#
[PollExecuteTaskStatusExecution] 29787a82-7f21-42fb-b29e-68fef013f5a1 [2026-07-30T02:27:43.459590] Deploying "src/gen/myfranchise.TipoAlerta.hdbtable"... (STDOUT, APP/TASK/deploy)#
#2026 07 30 02:50:34.295#Z#DEBUG#3ed74488-8bc1-11f1-85f0-eeee0a91cfe7.myfranchise-db-deployer#flowable-async-job-executor-thread-62858#
[PollExecuteTaskStatusExecution] 29787a82-7f21-42fb-b29e-68fef013f5a1 [2026-07-30T02:27:43.459594] Deploying "src/gen/myfranchise.StatusUnidade_texts.hdbtable"... ok (0s 22ms) (STDOUT, APP/TASK/deploy)#
#2026 07 30 02:50:34.295#Z#DEBUG#3ed74488-8bc1-11f1-85f0-eeee0a91cfe7.myfranchise-db-deployer#flowable-async-job-executor-thread-62858#
[PollExecuteTaskStatusExecution] 29787a82-7f21-42fb-b29e-68fef013f5a1 [2026-07-30T02:27:43.459596] Deploying "src/gen/myfranchise.TipoAlerta_texts.hdbtable"... (STDOUT, APP/TASK/deploy)#
#2026 07 30 02:50:34.295#Z#DEBUG#3ed74488-8bc1-11f1-85f0-eeee0a91cfe7.myfranchise-db-deployer#flowable-async-job-executor-thread-62858#
[PollExecuteTaskStatusExecution] 29787a82-7f21-42fb-b29e-68fef013f5a1 [2026-07-30T02:27:43.459598] Deploying "src/gen/myfranchise.TarefasOnboarding.hdbtable"... ok (0s 22ms) (STDOUT, APP/TASK/deploy)#
#2026 07 30 02:50:34.295#Z#DEBUG#3ed74488-8bc1-11f1-85f0-eeee0a91cfe7.myfranchise-db-deployer#flowable-async-job-executor-thread-62858#
[PollExecuteTaskStatusExecution] 29787a82-7f21-42fb-b29e-68fef013f5a1 [2026-07-30T02:27:43.459602] Deploying "src/gen/myfranchise.TipoDesvio.hdbtable"... (STDOUT, APP/TASK/deploy)#
#2026 07 30 02:50:34.295#Z#DEBUG#3ed74488-8bc1-11f1-85f0-eeee0a91cfe7.myfranchise-db-deployer#flowable-async-job-executor-thread-62858#
[PollExecuteTaskStatusExecution] 29787a82-7f21-42fb-b29e-68fef013f5a1 [2026-07-30T02:27:43.459608] Deploying "src/gen/myfranchise.TipoAlerta.hdbtable"... ok (0s 23ms) (STDOUT, APP/TASK/deploy)#
#2026 07 30 02:50:34.295#Z#DEBUG#3ed74488-8bc1-11f1-85f0-eeee0a91cfe7.myfranchise-db-deployer#flowable-async-job-executor-thread-62858#
[PollExecuteTaskStatusExecution] 29787a82-7f21-42fb-b29e-68fef013f5a1 [2026-07-30T02:27:43.459610] Deploying "src/gen/myfranchise.TipoDesvio_texts.hdbtable"... (STDOUT, APP/TASK/deploy)#
#2026 07 30 02:50:34.295#Z#DEBUG#3ed74488-8bc1-11f1-85f0-eeee0a91cfe7.myfranchise-db-deployer#flowable-async-job-executor-thread-62858#
[PollExecuteTaskStatusExecution] 29787a82-7f21-42fb-b29e-68fef013f5a1 [2026-07-30T02:27:43.459612] Deploying "src/gen/myfranchise.TipoAlerta_texts.hdbtable"... ok (0s 22ms) (STDOUT, APP/TASK/deploy)#
#2026 07 30 02:50:34.295#Z#DEBUG#3ed74488-8bc1-11f1-85f0-eeee0a91cfe7.myfranchise-db-deployer#flowable-async-job-executor-thread-62858#
[PollExecuteTaskStatusExecution] 29787a82-7f21-42fb-b29e-68fef013f5a1 [2026-07-30T02:27:43.459613] Deploying "src/gen/myfranchise.TipoDocumento.hdbtable"... (STDOUT, APP/TASK/deploy)#
#2026 07 30 02:50:34.295#Z#DEBUG#3ed74488-8bc1-11f1-85f0-eeee0a91cfe7.myfranchise-db-deployer#flowable-async-job-executor-thread-62858#
[PollExecuteTaskStatusExecution] 29787a82-7f21-42fb-b29e-68fef013f5a1 [2026-07-30T02:27:43.459615] Deploying "src/gen/myfranchise.TipoDesvio.hdbtable"... ok (0s 22ms) (STDOUT, APP/TASK/deploy)#
#2026 07 30 02:50:34.295#Z#DEBUG#3ed74488-8bc1-11f1-85f0-eeee0a91cfe7.myfranchise-db-deployer#flowable-async-job-executor-thread-62858#
[PollExecuteTaskStatusExecution] 29787a82-7f21-42fb-b29e-68fef013f5a1 [2026-07-30T02:27:43.459635] Deploying "src/gen/myfranchise.TipoDocumento_texts.hdbtable"... (STDOUT, APP/TASK/deploy)#
#2026 07 30 02:50:34.295#Z#DEBUG#3ed74488-8bc1-11f1-85f0-eeee0a91cfe7.myfranchise-db-deployer#flowable-async-job-executor-thread-62858#
[PollExecuteTaskStatusExecution] 29787a82-7f21-42fb-b29e-68fef013f5a1 [2026-07-30T02:27:43.459637] Deploying "src/gen/myfranchise.TipoDesvio_texts.hdbtable"... ok (0s 22ms) (STDOUT, APP/TASK/deploy)#
#2026 07 30 02:50:34.295#Z#DEBUG#3ed74488-8bc1-11f1-85f0-eeee0a91cfe7.myfranchise-db-deployer#flowable-async-job-executor-thread-62858#
[PollExecuteTaskStatusExecution] 29787a82-7f21-42fb-b29e-68fef013f5a1 [2026-07-30T02:27:43.459638] Deploying "src/gen/myfranchise.TipoRecomendacao.hdbtable"... (STDOUT, APP/TASK/deploy)#
#2026 07 30 02:50:34.295#Z#DEBUG#3ed74488-8bc1-11f1-85f0-eeee0a91cfe7.myfranchise-db-deployer#flowable-async-job-executor-thread-62858#
[PollExecuteTaskStatusExecution] 29787a82-7f21-42fb-b29e-68fef013f5a1 [2026-07-30T02:27:43.459641] Deploying "src/gen/myfranchise.TipoDocumento.hdbtable"... ok (0s 21ms) (STDOUT, APP/TASK/deploy)#
#2026 07 30 02:50:34.295#Z#DEBUG#3ed74488-8bc1-11f1-85f0-eeee0a91cfe7.myfranchise-db-deployer#flowable-async-job-executor-thread-62858#
[PollExecuteTaskStatusExecution] 29787a82-7f21-42fb-b29e-68fef013f5a1 [2026-07-30T02:27:43.459643] Deploying "src/gen/myfranchise.TipoRecomendacao_texts.hdbtable"... (STDOUT, APP/TASK/deploy)#
#2026 07 30 02:50:34.295#Z#DEBUG#3ed74488-8bc1-11f1-85f0-eeee0a91cfe7.myfranchise-db-deployer#flowable-async-job-executor-thread-62858#
[PollExecuteTaskStatusExecution] 29787a82-7f21-42fb-b29e-68fef013f5a1 [2026-07-30T02:27:43.459645] Deploying "src/gen/myfranchise.TipoDocumento_texts.hdbtable"... ok (0s 21ms) (STDOUT, APP/TASK/deploy)#
#2026 07 30 02:50:34.295#Z#DEBUG#3ed74488-8bc1-11f1-85f0-eeee0a91cfe7.myfranchise-db-deployer#flowable-async-job-executor-thread-62858#
[PollExecuteTaskStatusExecution] 29787a82-7f21-42fb-b29e-68fef013f5a1 [2026-07-30T02:27:43.459646] Deploying "src/gen/myfranchise.Unidades.hdbtable"... (STDOUT, APP/TASK/deploy)#
#2026 07 30 02:50:34.295#Z#DEBUG#3ed74488-8bc1-11f1-85f0-eeee0a91cfe7.myfranchise-db-deployer#flowable-async-job-executor-thread-62858#
[PollExecuteTaskStatusExecution] 29787a82-7f21-42fb-b29e-68fef013f5a1 [2026-07-30T02:27:43.459648] Deploying "src/gen/myfranchise.TipoRecomendacao.hdbtable"... ok (0s 25ms) (STDOUT, APP/TASK/deploy)#
#2026 07 30 02:50:34.295#Z#DEBUG#3ed74488-8bc1-11f1-85f0-eeee0a91cfe7.myfranchise-db-deployer#flowable-async-job-executor-thread-62858#
[PollExecuteTaskStatusExecution] 29787a82-7f21-42fb-b29e-68fef013f5a1 [2026-07-30T02:27:43.459651] Deploying "src/gen/myfranchise.VendaPraticada.hdbtable"... (STDOUT, APP/TASK/deploy)#
#2026 07 30 02:50:34.295#Z#DEBUG#3ed74488-8bc1-11f1-85f0-eeee0a91cfe7.myfranchise-db-deployer#flowable-async-job-executor-thread-62858#
[PollExecuteTaskStatusExecution] 29787a82-7f21-42fb-b29e-68fef013f5a1 [2026-07-30T02:27:43.459655] Deploying "src/gen/myfranchise.TipoRecomendacao_texts.hdbtable"... ok (0s 19ms) (STDOUT, APP/TASK/deploy)#
#2026 07 30 02:50:34.295#Z#DEBUG#3ed74488-8bc1-11f1-85f0-eeee0a91cfe7.myfranchise-db-deployer#flowable-async-job-executor-thread-62858#
[PollExecuteTaskStatusExecution] 29787a82-7f21-42fb-b29e-68fef013f5a1 [2026-07-30T02:27:43.459658] Deploying "src/gen/FranqueadoraService.DraftAdministrativeData.hdbview"... (STDOUT, APP/TASK/deploy)#
#2026 07 30 02:50:34.295#Z#DEBUG#3ed74488-8bc1-11f1-85f0-eeee0a91cfe7.myfranchise-db-deployer#flowable-async-job-executor-thread-62858#
[PollExecuteTaskStatusExecution] 29787a82-7f21-42fb-b29e-68fef013f5a1 [2026-07-30T02:27:43.459664] Deploying "src/gen/myfranchise.Unidades.hdbtable"... ok (0s 23ms) (STDOUT, APP/TASK/deploy)#
#2026 07 30 02:50:34.295#Z#DEBUG#3ed74488-8bc1-11f1-85f0-eeee0a91cfe7.myfranchise-db-deployer#flowable-async-job-executor-thread-62858#
[PollExecuteTaskStatusExecution] 29787a82-7f21-42fb-b29e-68fef013f5a1 [2026-07-30T02:27:43.459668] Deploying "src/gen/data/myfranchise-Alertas.hdbtabledata$0.expand"... (STDOUT, APP/TASK/deploy)#
#2026 07 30 02:50:34.295#Z#DEBUG#3ed74488-8bc1-11f1-85f0-eeee0a91cfe7.myfranchise-db-deployer#flowable-async-job-executor-thread-62858#
[PollExecuteTaskStatusExecution] 29787a82-7f21-42fb-b29e-68fef013f5a1 [2026-07-30T02:27:43.459671] Expanded from "src/gen/data/myfranchise-Alertas.hdbtabledata" (STDOUT, APP/TASK/deploy)#
#2026 07 30 02:50:34.295#Z#DEBUG#3ed74488-8bc1-11f1-85f0-eeee0a91cfe7.myfranchise-db-deployer#flowable-async-job-executor-thread-62858#
[PollExecuteTaskStatusExecution] 29787a82-7f21-42fb-b29e-68fef013f5a1 [2026-07-30T02:27:43.459674] Deploying "src/gen/myfranchise.VendaPraticada.hdbtable"... ok (0s 53ms) (STDOUT, APP/TASK/deploy)#
#2026 07 30 02:50:34.295#Z#DEBUG#3ed74488-8bc1-11f1-85f0-eeee0a91cfe7.myfranchise-db-deployer#flowable-async-job-executor-thread-62858#
[PollExecuteTaskStatusExecution] 29787a82-7f21-42fb-b29e-68fef013f5a1 [2026-07-30T02:27:43.459676] Deploying "src/gen/FranqueadoService.AprovacoesOnboarding.hdbview"... (STDOUT, APP/TASK/deploy)#
#2026 07 30 02:50:34.295#Z#DEBUG#3ed74488-8bc1-11f1-85f0-eeee0a91cfe7.myfranchise-db-deployer#flowable-async-job-executor-thread-62858#
[PollExecuteTaskStatusExecution] 29787a82-7f21-42fb-b29e-68fef013f5a1 [2026-07-30T02:27:43.459694] Deploying "src/gen/FranqueadoraService.DraftAdministrativeData.hdbview"... ok (0s 62ms) (STDOUT, APP/TASK/deploy)#
#2026 07 30 02:50:34.295#Z#DEBUG#3ed74488-8bc1-11f1-85f0-eeee0a91cfe7.myfranchise-db-deployer#flowable-async-job-executor-thread-62858#
[PollExecuteTaskStatusExecution] 29787a82-7f21-42fb-b29e-68fef013f5a1 [2026-07-30T02:27:43.459697] Deploying "src/gen/FranqueadoraService.AprovacoesOnboarding.hdbview"... (STDOUT, APP/TASK/deploy)#
#2026 07 30 02:50:34.295#Z#DEBUG#3ed74488-8bc1-11f1-85f0-eeee0a91cfe7.myfranchise-db-deployer#flowable-async-job-executor-thread-62858#
[PollExecuteTaskStatusExecution] 29787a82-7f21-42fb-b29e-68fef013f5a1 [2026-07-30T02:27:43.459700] Deploying "src/gen/FranqueadoService.AprovacoesOnboarding.hdbview"... ok (0s 45ms) (STDOUT, APP/TASK/deploy)#
#2026 07 30 02:50:34.295#Z#DEBUG#3ed74488-8bc1-11f1-85f0-eeee0a91cfe7.myfranchise-db-deployer#flowable-async-job-executor-thread-62858#
[PollExecuteTaskStatusExecution] 29787a82-7f21-42fb-b29e-68fef013f5a1 [2026-07-30T02:27:43.459702] Deploying "src/gen/data/myfranchise-Benchmark_Cluster.hdbtabledata$0.expand"... (STDOUT, APP/TASK/deploy)#
#2026 07 30 02:50:34.295#Z#DEBUG#3ed74488-8bc1-11f1-85f0-eeee0a91cfe7.myfranchise-db-deployer#flowable-async-job-executor-thread-62858#
[PollExecuteTaskStatusExecution] 29787a82-7f21-42fb-b29e-68fef013f5a1 [2026-07-30T02:27:43.459705] Expanded from "src/gen/data/myfranchise-Benchmark_Cluster.hdbtabledata" (STDOUT, APP/TASK/deploy)#
#2026 07 30 02:50:34.295#Z#DEBUG#3ed74488-8bc1-11f1-85f0-eeee0a91cfe7.myfranchise-db-deployer#flowable-async-job-executor-thread-62858#
[PollExecuteTaskStatusExecution] 29787a82-7f21-42fb-b29e-68fef013f5a1 [2026-07-30T02:27:43.459707] Deploying "src/gen/FranqueadoraService.AprovacoesOnboarding.hdbview"... ok (0s 37ms) (STDOUT, APP/TASK/deploy)#
#2026 07 30 02:50:34.295#Z#DEBUG#3ed74488-8bc1-11f1-85f0-eeee0a91cfe7.myfranchise-db-deployer#flowable-async-job-executor-thread-62858#
[PollExecuteTaskStatusExecution] 29787a82-7f21-42fb-b29e-68fef013f5a1 [2026-07-30T02:27:43.459709] Deploying "src/gen/data/myfranchise-Catalogos.hdbtabledata$0.expand"... (STDOUT, APP/TASK/deploy)#
#2026 07 30 02:50:34.295#Z#DEBUG#3ed74488-8bc1-11f1-85f0-eeee0a91cfe7.myfranchise-db-deployer#flowable-async-job-executor-thread-62858#
[PollExecuteTaskStatusExecution] 29787a82-7f21-42fb-b29e-68fef013f5a1 [2026-07-30T02:27:43.459711] Expanded from "src/gen/data/myfranchise-Catalogos.hdbtabledata" (STDOUT, APP/TASK/deploy)#
#2026 07 30 02:50:34.295#Z#DEBUG#3ed74488-8bc1-11f1-85f0-eeee0a91cfe7.myfranchise-db-deployer#flowable-async-job-executor-thread-62858#
[PollExecuteTaskStatusExecution] 29787a82-7f21-42fb-b29e-68fef013f5a1 [2026-07-30T02:27:43.459714] Inserted 1 records of the data source file "myfranchise-Catalogos.csv" into the target table "MYFRANCHISE_CATALOGOS" (STDOUT, APP/TASK/deploy)#
#2026 07 30 02:50:34.295#Z#DEBUG#3ed74488-8bc1-11f1-85f0-eeee0a91cfe7.myfranchise-db-deployer#flowable-async-job-executor-thread-62858#
[PollExecuteTaskStatusExecution] 29787a82-7f21-42fb-b29e-68fef013f5a1 [2026-07-30T02:27:43.459715] Deploying "src/gen/data/myfranchise-Catalogos.hdbtabledata$0.expand"... ok (0s 114ms) (STDOUT, APP/TASK/deploy)#
#2026 07 30 02:50:34.295#Z#DEBUG#3ed74488-8bc1-11f1-85f0-eeee0a91cfe7.myfranchise-db-deployer#flowable-async-job-executor-thread-62858#
[PollExecuteTaskStatusExecution] 29787a82-7f21-42fb-b29e-68fef013f5a1 [2026-07-30T02:27:43.459846] Deploying "src/gen/data/myfranchise-Cluster.hdbtabledata$0.expand"... (STDOUT, APP/TASK/deploy)#
#2026 07 30 02:50:34.295#Z#DEBUG#3ed74488-8bc1-11f1-85f0-eeee0a91cfe7.myfranchise-db-deployer#flowable-async-job-executor-thread-62858#
[PollExecuteTaskStatusExecution] 29787a82-7f21-42fb-b29e-68fef013f5a1 [2026-07-30T02:27:43.459871] Expanded from "src/gen/data/myfranchise-Cluster.hdbtabledata" (STDOUT, APP/TASK/deploy)#
#2026 07 30 02:50:34.295#Z#DEBUG#3ed74488-8bc1-11f1-85f0-eeee0a91cfe7.myfranchise-db-deployer#flowable-async-job-executor-thread-62858#
[PollExecuteTaskStatusExecution] 29787a82-7f21-42fb-b29e-68fef013f5a1 [2026-07-30T02:27:43.459874] Inserted 18 records of the data source file "myfranchise-Benchmark_Cluster.csv" into the target table "MYFRANCHISE_BENCHMARK_CLUSTER" (STDOUT, APP/TASK/deploy)#
#2026 07 30 02:50:34.295#Z#DEBUG#3ed74488-8bc1-11f1-85f0-eeee0a91cfe7.myfranchise-db-deployer#flowable-async-job-executor-thread-62858#
[PollExecuteTaskStatusExecution] 29787a82-7f21-42fb-b29e-68fef013f5a1 [2026-07-30T02:27:43.459882] Deploying "src/gen/data/myfranchise-Benchmark_Cluster.hdbtabledata$0.expand"... ok (0s 117ms) (STDOUT, APP/TASK/deploy)#
#2026 07 30 02:50:34.295#Z#DEBUG#3ed74488-8bc1-11f1-85f0-eeee0a91cfe7.myfranchise-db-deployer#flowable-async-job-executor-thread-62858#
[PollExecuteTaskStatusExecution] 29787a82-7f21-42fb-b29e-68fef013f5a1 [2026-07-30T02:27:43.459884] Deploying "src/gen/FranqueadoService.Cluster_texts.hdbview"... (STDOUT, APP/TASK/deploy)#
#2026 07 30 02:50:34.295#Z#DEBUG#3ed74488-8bc1-11f1-85f0-eeee0a91cfe7.myfranchise-db-deployer#flowable-async-job-executor-thread-62858#
[PollExecuteTaskStatusExecution] 29787a82-7f21-42fb-b29e-68fef013f5a1 [2026-07-30T02:27:43.459888] Inserted 10 records of the data source file "myfranchise-Alertas.csv" into the target table "MYFRANCHISE_ALERTAS" (STDOUT, APP/TASK/deploy)#
#2026 07 30 02:50:34.295#Z#DEBUG#3ed74488-8bc1-11f1-85f0-eeee0a91cfe7.myfranchise-db-deployer#flowable-async-job-executor-thread-62858#
[PollExecuteTaskStatusExecution] 29787a82-7f21-42fb-b29e-68fef013f5a1 [2026-07-30T02:27:43.459925] Deploying "src/gen/data/myfranchise-Alertas.hdbtabledata$0.expand"... ok (0s 207ms) (STDOUT, APP/TASK/deploy)#
#2026 07 30 02:50:34.295#Z#DEBUG#3ed74488-8bc1-11f1-85f0-eeee0a91cfe7.myfranchise-db-deployer#flowable-async-job-executor-thread-62858#
[PollExecuteTaskStatusExecution] 29787a82-7f21-42fb-b29e-68fef013f5a1 [2026-07-30T02:27:43.459928] Deploying "src/gen/FranqueadoraService.Cluster_texts.hdbview"... (STDOUT, APP/TASK/deploy)#
#2026 07 30 02:50:34.295#Z#DEBUG#3ed74488-8bc1-11f1-85f0-eeee0a91cfe7.myfranchise-db-deployer#flowable-async-job-executor-thread-62858#
[PollExecuteTaskStatusExecution] 29787a82-7f21-42fb-b29e-68fef013f5a1 [2026-07-30T02:27:43.459933] Deploying "src/gen/FranqueadoService.Cluster_texts.hdbview"... ok (0s 23ms) (STDOUT, APP/TASK/deploy)#
#2026 07 30 02:50:34.295#Z#DEBUG#3ed74488-8bc1-11f1-85f0-eeee0a91cfe7.myfranchise-db-deployer#flowable-async-job-executor-thread-62858#
[PollExecuteTaskStatusExecution] 29787a82-7f21-42fb-b29e-68fef013f5a1 [2026-07-30T02:27:43.459935] Deploying "src/gen/data/myfranchise-Contratos_Franquia.hdbtabledata$0.expand"... (STDOUT, APP/TASK/deploy)#
#2026 07 30 02:50:34.295#Z#DEBUG#3ed74488-8bc1-11f1-85f0-eeee0a91cfe7.myfranchise-db-deployer#flowable-async-job-executor-thread-62858#
[PollExecuteTaskStatusExecution] 29787a82-7f21-42fb-b29e-68fef013f5a1 [2026-07-30T02:27:43.459977] Expanded from "src/gen/data/myfranchise-Contratos_Franquia.hdbtabledata" (STDOUT, APP/TASK/deploy)#
#2026 07 30 02:50:34.295#Z#DEBUG#3ed74488-8bc1-11f1-85f0-eeee0a91cfe7.myfranchise-db-deployer#flowable-async-job-executor-thread-62858#
[PollExecuteTaskStatusExecution] 29787a82-7f21-42fb-b29e-68fef013f5a1 [2026-07-30T02:27:43.459983] Deploying "src/gen/FranqueadoraService.Cluster_texts.hdbview"... ok (0s 24ms) (STDOUT, APP/TASK/deploy)#
#2026 07 30 02:50:34.295#Z#DEBUG#3ed74488-8bc1-11f1-85f0-eeee0a91cfe7.myfranchise-db-deployer#flowable-async-job-executor-thread-62858#
[PollExecuteTaskStatusExecution] 29787a82-7f21-42fb-b29e-68fef013f5a1 [2026-07-30T02:27:43.459985] Deploying "src/gen/data/myfranchise-Desvios.hdbtabledata$0.expand"... (STDOUT, APP/TASK/deploy)#
#2026 07 30 02:50:34.295#Z#DEBUG#3ed74488-8bc1-11f1-85f0-eeee0a91cfe7.myfranchise-db-deployer#flowable-async-job-executor-thread-62858#
[PollExecuteTaskStatusExecution] 29787a82-7f21-42fb-b29e-68fef013f5a1 [2026-07-30T02:27:43.459990] Expanded from "src/gen/data/myfranchise-Desvios.hdbtabledata" (STDOUT, APP/TASK/deploy)#
#2026 07 30 02:50:34.295#Z#DEBUG#3ed74488-8bc1-11f1-85f0-eeee0a91cfe7.myfranchise-db-deployer#flowable-async-job-executor-thread-62858#
[PollExecuteTaskStatusExecution] 29787a82-7f21-42fb-b29e-68fef013f5a1 [2026-07-30T02:27:43.459992] Inserted 3 records of the data source file "myfranchise-Cluster.csv" into the target table "MYFRANCHISE_CLUSTER" (STDOUT, APP/TASK/deploy)#
#2026 07 30 02:50:34.295#Z#DEBUG#3ed74488-8bc1-11f1-85f0-eeee0a91cfe7.myfranchise-db-deployer#flowable-async-job-executor-thread-62858#
[PollExecuteTaskStatusExecution] 29787a82-7f21-42fb-b29e-68fef013f5a1 [2026-07-30T02:27:43.459994] Deploying "src/gen/data/myfranchise-Cluster.hdbtabledata$0.expand"... ok (0s 62ms) (STDOUT, APP/TASK/deploy)#
#2026 07 30 02:50:34.295#Z#DEBUG#3ed74488-8bc1-11f1-85f0-eeee0a91cfe7.myfranchise-db-deployer#flowable-async-job-executor-thread-62858#
[PollExecuteTaskStatusExecution] 29787a82-7f21-42fb-b29e-68fef013f5a1 [2026-07-30T02:27:43.459999] Deploying "src/gen/FranqueadoService.MeusDocumentos.hdbview"... (STDOUT, APP/TASK/deploy)#
#2026 07 30 02:50:34.295#Z#DEBUG#3ed74488-8bc1-11f1-85f0-eeee0a91cfe7.myfranchise-db-deployer#flowable-async-job-executor-thread-62858#
[PollExecuteTaskStatusExecution] 29787a82-7f21-42fb-b29e-68fef013f5a1 [2026-07-30T02:27:43.460001] Deploying "src/gen/FranqueadoService.MeusDocumentos.hdbview"... ok (0s 25ms) (STDOUT, APP/TASK/deploy)#
#2026 07 30 02:50:34.295#Z#DEBUG#3ed74488-8bc1-11f1-85f0-eeee0a91cfe7.myfranchise-db-deployer#flowable-async-job-executor-thread-62858#
[PollExecuteTaskStatusExecution] 29787a82-7f21-42fb-b29e-68fef013f5a1 [2026-07-30T02:27:43.460006] Deploying "src/gen/FranqueadoraService.DocumentosOnboarding.hdbview"... (STDOUT, APP/TASK/deploy)#
#2026 07 30 02:50:34.295#Z#DEBUG#3ed74488-8bc1-11f1-85f0-eeee0a91cfe7.myfranchise-db-deployer#flowable-async-job-executor-thread-62858#
[PollExecuteTaskStatusExecution] 29787a82-7f21-42fb-b29e-68fef013f5a1 [2026-07-30T02:27:43.460008] Inserted 20 records of the data source file "myfranchise-Contratos_Franquia.csv" into the target table "MYFRANCHISE_CONTRATOS_FRANQUIA" (STDOUT, APP/TASK/deploy)#
#2026 07 30 02:50:34.295#Z#DEBUG#3ed74488-8bc1-11f1-85f0-eeee0a91cfe7.myfranchise-db-deployer#flowable-async-job-executor-thread-62858#
[PollExecuteTaskStatusExecution] 29787a82-7f21-42fb-b29e-68fef013f5a1 [2026-07-30T02:27:43.460012] Deploying "src/gen/data/myfranchise-Contratos_Franquia.hdbtabledata$0.expand"... ok (0s 64ms) (STDOUT, APP/TASK/deploy)#
#2026 07 30 02:50:34.295#Z#DEBUG#3ed74488-8bc1-11f1-85f0-eeee0a91cfe7.myfranchise-db-deployer#flowable-async-job-executor-thread-62858#
[PollExecuteTaskStatusExecution] 29787a82-7f21-42fb-b29e-68fef013f5a1 [2026-07-30T02:27:43.460015] Deploying "src/gen/FranqueadoraService.EtapasOnboarding.hdbview"... (STDOUT, APP/TASK/deploy)#
#2026 07 30 02:50:34.295#Z#DEBUG#3ed74488-8bc1-11f1-85f0-eeee0a91cfe7.myfranchise-db-deployer#flowable-async-job-executor-thread-62858#
[PollExecuteTaskStatusExecution] 29787a82-7f21-42fb-b29e-68fef013f5a1 [2026-07-30T02:27:43.460017] Deploying "src/gen/FranqueadoraService.DocumentosOnboarding.hdbview"... ok (0s 29ms) (STDOUT, APP/TASK/deploy)#
#2026 07 30 02:50:34.295#Z#DEBUG#3ed74488-8bc1-11f1-85f0-eeee0a91cfe7.myfranchise-db-deployer#flowable-async-job-executor-thread-62858#
[PollExecuteTaskStatusExecution] 29787a82-7f21-42fb-b29e-68fef013f5a1 [2026-07-30T02:27:43.460019] Deploying "src/gen/data/myfranchise-Franqueados.hdbtabledata$0.expand"... (STDOUT, APP/TASK/deploy)#
#2026 07 30 02:50:34.295#Z#DEBUG#3ed74488-8bc1-11f1-85f0-eeee0a91cfe7.myfranchise-db-deployer#flowable-async-job-executor-thread-62858#
[PollExecuteTaskStatusExecution] 29787a82-7f21-42fb-b29e-68fef013f5a1 [2026-07-30T02:27:43.460020] Expanded from "src/gen/data/myfranchise-Franqueados.hdbtabledata" (STDOUT, APP/TASK/deploy)#
#2026 07 30 02:50:34.295#Z#DEBUG#3ed74488-8bc1-11f1-85f0-eeee0a91cfe7.myfranchise-db-deployer#flowable-async-job-executor-thread-62858#
[PollExecuteTaskStatusExecution] 29787a82-7f21-42fb-b29e-68fef013f5a1 [2026-07-30T02:27:43.460023] Deploying "src/gen/FranqueadoraService.EtapasOnboarding.hdbview"... ok (0s 28ms) (STDOUT, APP/TASK/deploy)#
#2026 07 30 02:50:34.295#Z#DEBUG#3ed74488-8bc1-11f1-85f0-eeee0a91cfe7.myfranchise-db-deployer#flowable-async-job-executor-thread-62858#
[PollExecuteTaskStatusExecution] 29787a82-7f21-42fb-b29e-68fef013f5a1 [2026-07-30T02:27:43.460025] Deploying "src/gen/data/myfranchise-ItensCatalogo.hdbtabledata$0.expand"... (STDOUT, APP/TASK/deploy)#
#2026 07 30 02:50:34.295#Z#DEBUG#3ed74488-8bc1-11f1-85f0-eeee0a91cfe7.myfranchise-db-deployer#flowable-async-job-executor-thread-62858#
[PollExecuteTaskStatusExecution] 29787a82-7f21-42fb-b29e-68fef013f5a1 [2026-07-30T02:27:43.460027] Expanded from "src/gen/data/myfranchise-ItensCatalogo.hdbtabledata" (STDOUT, APP/TASK/deploy)#
#2026 07 30 02:50:34.295#Z#DEBUG#3ed74488-8bc1-11f1-85f0-eeee0a91cfe7.myfranchise-db-deployer#flowable-async-job-executor-thread-62858#
[PollExecuteTaskStatusExecution] 29787a82-7f21-42fb-b29e-68fef013f5a1 [2026-07-30T02:27:43.460030] Inserted 7 records of the data source file "myfranchise-Desvios.csv" into the target table "MYFRANCHISE_DESVIOS" (STDOUT, APP/TASK/deploy)#
#2026 07 30 02:50:34.295#Z#DEBUG#3ed74488-8bc1-11f1-85f0-eeee0a91cfe7.myfranchise-db-deployer#flowable-async-job-executor-thread-62858#
[PollExecuteTaskStatusExecution] 29787a82-7f21-42fb-b29e-68fef013f5a1 [2026-07-30T02:27:43.460032] Deploying "src/gen/data/myfranchise-Desvios.hdbtabledata$0.expand"... ok (0s 97ms) (STDOUT, APP/TASK/deploy)#
#2026 07 30 02:50:34.295#Z#DEBUG#3ed74488-8bc1-11f1-85f0-eeee0a91cfe7.myfranchise-db-deployer#flowable-async-job-executor-thread-62858#
[PollExecuteTaskStatusExecution] 29787a82-7f21-42fb-b29e-68fef013f5a1 [2026-07-30T02:27:43.460034] Deploying "src/gen/data/myfranchise-NotificacoesCompliance.hdbtabledata$0.expand"... (STDOUT, APP/TASK/deploy)#
#2026 07 30 02:50:34.295#Z#DEBUG#3ed74488-8bc1-11f1-85f0-eeee0a91cfe7.myfranchise-db-deployer#flowable-async-job-executor-thread-62858#
[PollExecuteTaskStatusExecution] 29787a82-7f21-42fb-b29e-68fef013f5a1 [2026-07-30T02:27:43.460036] Expanded from "src/gen/data/myfranchise-NotificacoesCompliance.hdbtabledata" (STDOUT, APP/TASK/deploy)#
#2026 07 30 02:50:34.295#Z#DEBUG#3ed74488-8bc1-11f1-85f0-eeee0a91cfe7.myfranchise-db-deployer#flowable-async-job-executor-thread-62858#
[PollExecuteTaskStatusExecution] 29787a82-7f21-42fb-b29e-68fef013f5a1 [2026-07-30T02:27:43.460038] Inserted 8 records of the data source file "myfranchise-Franqueados.csv" into the target table "MYFRANCHISE_FRANQUEADOS" (STDOUT, APP/TASK/deploy)#
#2026 07 30 02:50:34.295#Z#DEBUG#3ed74488-8bc1-11f1-85f0-eeee0a91cfe7.myfranchise-db-deployer#flowable-async-job-executor-thread-62858#
[PollExecuteTaskStatusExecution] 29787a82-7f21-42fb-b29e-68fef013f5a1 [2026-07-30T02:27:43.460040] Deploying "src/gen/data/myfranchise-Franqueados.hdbtabledata$0.expand"... ok (0s 40ms) (STDOUT, APP/TASK/deploy)#
#2026 07 30 02:50:34.295#Z#DEBUG#3ed74488-8bc1-11f1-85f0-eeee0a91cfe7.myfranchise-db-deployer#flowable-async-job-executor-thread-62858#
[PollExecuteTaskStatusExecution] 29787a82-7f21-42fb-b29e-68fef013f5a1 [2026-07-30T02:27:43.460041] Deploying "src/gen/data/myfranchise-KPI_Unidade.hdbtabledata$0.expand"... (STDOUT, APP/TASK/deploy)#
#2026 07 30 02:50:34.295#Z#DEBUG#3ed74488-8bc1-11f1-85f0-eeee0a91cfe7.myfranchise-db-deployer#flowable-async-job-executor-thread-62858#
[PollExecuteTaskStatusExecution] 29787a82-7f21-42fb-b29e-68fef013f5a1 [2026-07-30T02:27:43.460043] Expanded from "src/gen/data/myfranchise-KPI_Unidade.hdbtabledata" (STDOUT, APP/TASK/deploy)#
#2026 07 30 02:50:34.295#Z#DEBUG#3ed74488-8bc1-11f1-85f0-eeee0a91cfe7.myfranchise-db-deployer#flowable-async-job-executor-thread-62858#
[PollExecuteTaskStatusExecution] 29787a82-7f21-42fb-b29e-68fef013f5a1 [2026-07-30T02:27:43.460045] Inserted 15 records of the data source file "myfranchise-ItensCatalogo.csv" into the target table "MYFRANCHISE_ITENSCATALOGO" (STDOUT, APP/TASK/deploy)#
#2026 07 30 02:50:34.295#Z#DEBUG#3ed74488-8bc1-11f1-85f0-eeee0a91cfe7.myfranchise-db-deployer#flowable-async-job-executor-thread-62858#
[PollExecuteTaskStatusExecution] 29787a82-7f21-42fb-b29e-68fef013f5a1 [2026-07-30T02:27:43.460047] Deploying "src/gen/data/myfranchise-ItensCatalogo.hdbtabledata$0.expand"... ok (0s 53ms) (STDOUT, APP/TASK/deploy)#
#2026 07 30 02:50:34.295#Z#DEBUG#3ed74488-8bc1-11f1-85f0-eeee0a91cfe7.myfranchise-db-deployer#flowable-async-job-executor-thread-62858#
[PollExecuteTaskStatusExecution] 29787a82-7f21-42fb-b29e-68fef013f5a1 [2026-07-30T02:27:43.460048] Deploying "src/gen/data/myfranchise-Prioridade.hdbtabledata$0.expand"... (STDOUT, APP/TASK/deploy)#
#2026 07 30 02:50:34.295#Z#DEBUG#3ed74488-8bc1-11f1-85f0-eeee0a91cfe7.myfranchise-db-deployer#flowable-async-job-executor-thread-62858#
[PollExecuteTaskStatusExecution] 29787a82-7f21-42fb-b29e-68fef013f5a1 [2026-07-30T02:27:43.460051] Expanded from "src/gen/data/myfranchise-Prioridade.hdbtabledata" (STDOUT, APP/TASK/deploy)#
#2026 07 30 02:50:34.295#Z#DEBUG#3ed74488-8bc1-11f1-85f0-eeee0a91cfe7.myfranchise-db-deployer#flowable-async-job-executor-thread-62858#
[PollExecuteTaskStatusExecution] 29787a82-7f21-42fb-b29e-68fef013f5a1 [2026-07-30T02:27:43.460055] Inserted 3 records of the data source file "myfranchise-NotificacoesCompliance.csv" into the target table "MYFRANCHISE_NOTIFICACOESCOMPLIANCE" (STDOUT, APP/TASK/deploy)#
#2026 07 30 02:50:34.295#Z#DEBUG#3ed74488-8bc1-11f1-85f0-eeee0a91cfe7.myfranchise-db-deployer#flowable-async-job-executor-thread-62858#
[PollExecuteTaskStatusExecution] 29787a82-7f21-42fb-b29e-68fef013f5a1 [2026-07-30T02:27:43.460059] Deploying "src/gen/data/myfranchise-NotificacoesCompliance.hdbtabledata$0.expand"... ok (0s 55ms) (STDOUT, APP/TASK/deploy)#
#2026 07 30 02:50:34.295#Z#DEBUG#3ed74488-8bc1-11f1-85f0-eeee0a91cfe7.myfranchise-db-deployer#flowable-async-job-executor-thread-62858#
[PollExecuteTaskStatusExecution] 29787a82-7f21-42fb-b29e-68fef013f5a1 [2026-07-30T02:27:43.460078] Deploying "src/gen/FranqueadoService.Prioridade_texts.hdbview"... (STDOUT, APP/TASK/deploy)#
#2026 07 30 02:50:34.295#Z#DEBUG#3ed74488-8bc1-11f1-85f0-eeee0a91cfe7.myfranchise-db-deployer#flowable-async-job-executor-thread-62858#
[PollExecuteTaskStatusExecution] 29787a82-7f21-42fb-b29e-68fef013f5a1 [2026-07-30T02:27:43.460080] Deploying "src/gen/FranqueadoService.Prioridade_texts.hdbview"... ok (0s 13ms) (STDOUT, APP/TASK/deploy)#
#2026 07 30 02:50:34.295#Z#DEBUG#3ed74488-8bc1-11f1-85f0-eeee0a91cfe7.myfranchise-db-deployer#flowable-async-job-executor-thread-62858#
[PollExecuteTaskStatusExecution] 29787a82-7f21-42fb-b29e-68fef013f5a1 [2026-07-30T02:27:43.460082] Deploying "src/gen/FranqueadoraService.Prioridade_texts.hdbview"... (STDOUT, APP/TASK/deploy)#
#2026 07 30 02:50:34.295#Z#DEBUG#3ed74488-8bc1-11f1-85f0-eeee0a91cfe7.myfranchise-db-deployer#flowable-async-job-executor-thread-62858#
[PollExecuteTaskStatusExecution] 29787a82-7f21-42fb-b29e-68fef013f5a1 [2026-07-30T02:27:43.460084] Deploying "src/gen/FranqueadoraService.Prioridade_texts.hdbview"... ok (0s 19ms) (STDOUT, APP/TASK/deploy)#
#2026 07 30 02:50:34.295#Z#DEBUG#3ed74488-8bc1-11f1-85f0-eeee0a91cfe7.myfranchise-db-deployer#flowable-async-job-executor-thread-62858#
[PollExecuteTaskStatusExecution] 29787a82-7f21-42fb-b29e-68fef013f5a1 [2026-07-30T02:27:43.460085] Deploying "src/gen/FranqueadoService.MeuOnboarding.hdbview"... (STDOUT, APP/TASK/deploy)#
#2026 07 30 02:50:34.295#Z#DEBUG#3ed74488-8bc1-11f1-85f0-eeee0a91cfe7.myfranchise-db-deployer#flowable-async-job-executor-thread-62858#
[PollExecuteTaskStatusExecution] 29787a82-7f21-42fb-b29e-68fef013f5a1 [2026-07-30T02:27:43.460088] Inserted 120 records of the data source file "myfranchise-KPI_Unidade.csv" into the target table "MYFRANCHISE_KPI_UNIDADE" (STDOUT, APP/TASK/deploy)#
#2026 07 30 02:50:34.295#Z#DEBUG#3ed74488-8bc1-11f1-85f0-eeee0a91cfe7.myfranchise-db-deployer#flowable-async-job-executor-thread-62858#
[PollExecuteTaskStatusExecution] 29787a82-7f21-42fb-b29e-68fef013f5a1 [2026-07-30T02:27:43.460092] Deploying "src/gen/data/myfranchise-KPI_Unidade.hdbtabledata$0.expand"... ok (0s 81ms) (STDOUT, APP/TASK/deploy)#
#2026 07 30 02:50:34.295#Z#DEBUG#3ed74488-8bc1-11f1-85f0-eeee0a91cfe7.myfranchise-db-deployer#flowable-async-job-executor-thread-62858#
[PollExecuteTaskStatusExecution] 29787a82-7f21-42fb-b29e-68fef013f5a1 [2026-07-30T02:27:43.460095] Deploying "src/gen/FranqueadoraService.ProcessosOnboarding.hdbview"... (STDOUT, APP/TASK/deploy)#
#2026 07 30 02:50:34.295#Z#DEBUG#3ed74488-8bc1-11f1-85f0-eeee0a91cfe7.myfranchise-db-deployer#flowable-async-job-executor-thread-62858#
[PollExecuteTaskStatusExecution] 29787a82-7f21-42fb-b29e-68fef013f5a1 [2026-07-30T02:27:43.460096] Deploying "src/gen/FranqueadoService.MeuOnboarding.hdbview"... ok (0s 31ms) (STDOUT, APP/TASK/deploy)#
#2026 07 30 02:50:34.295#Z#DEBUG#3ed74488-8bc1-11f1-85f0-eeee0a91cfe7.myfranchise-db-deployer#flowable-async-job-executor-thread-62858#
[PollExecuteTaskStatusExecution] 29787a82-7f21-42fb-b29e-68fef013f5a1 [2026-07-30T02:27:43.460098] Deploying "src/gen/data/myfranchise-Recomendacoes.hdbtabledata$0.expand"... (STDOUT, APP/TASK/deploy)#
#2026 07 30 02:50:34.295#Z#DEBUG#3ed74488-8bc1-11f1-85f0-eeee0a91cfe7.myfranchise-db-deployer#flowable-async-job-executor-thread-62858#
[PollExecuteTaskStatusExecution] 29787a82-7f21-42fb-b29e-68fef013f5a1 [2026-07-30T02:27:43.460100] Expanded from "src/gen/data/myfranchise-Recomendacoes.hdbtabledata" (STDOUT, APP/TASK/deploy)#
#2026 07 30 02:50:34.295#Z#DEBUG#3ed74488-8bc1-11f1-85f0-eeee0a91cfe7.myfranchise-db-deployer#flowable-async-job-executor-thread-62858#
[PollExecuteTaskStatusExecution] 29787a82-7f21-42fb-b29e-68fef013f5a1 [2026-07-30T02:27:43.460104] Inserted 3 records of the data source file "myfranchise-Prioridade.csv" into the target table "MYFRANCHISE_PRIORIDADE" (STDOUT, APP/TASK/deploy)#
#2026 07 30 02:50:34.295#Z#DEBUG#3ed74488-8bc1-11f1-85f0-eeee0a91cfe7.myfranchise-db-deployer#flowable-async-job-executor-thread-62858#
[PollExecuteTaskStatusExecution] 29787a82-7f21-42fb-b29e-68fef013f5a1 [2026-07-30T02:27:43.460107] Deploying "src/gen/data/myfranchise-Prioridade.hdbtabledata$0.expand"... ok (0s 73ms) (STDOUT, APP/TASK/deploy)#
#2026 07 30 02:50:34.295#Z#DEBUG#3ed74488-8bc1-11f1-85f0-eeee0a91cfe7.myfranchise-db-deployer#flowable-async-job-executor-thread-62858#
[PollExecuteTaskStatusExecution] 29787a82-7f21-42fb-b29e-68fef013f5a1 [2026-07-30T02:27:43.460109] Deploying "src/gen/data/myfranchise-Regiao.hdbtabledata$0.expand"... (STDOUT, APP/TASK/deploy)#
#2026 07 30 02:50:34.295#Z#DEBUG#3ed74488-8bc1-11f1-85f0-eeee0a91cfe7.myfranchise-db-deployer#flowable-async-job-executor-thread-62858#
[PollExecuteTaskStatusExecution] 29787a82-7f21-42fb-b29e-68fef013f5a1 [2026-07-30T02:27:43.460110] Expanded from "src/gen/data/myfranchise-Regiao.hdbtabledata" (STDOUT, APP/TASK/deploy)#
#2026 07 30 02:50:34.295#Z#DEBUG#3ed74488-8bc1-11f1-85f0-eeee0a91cfe7.myfranchise-db-deployer#flowable-async-job-executor-thread-62858#
[PollExecuteTaskStatusExecution] 29787a82-7f21-42fb-b29e-68fef013f5a1 [2026-07-30T02:27:43.460114] Deploying "src/gen/FranqueadoraService.ProcessosOnboarding.hdbview"... ok (0s 18ms) (STDOUT, APP/TASK/deploy)#
#2026 07 30 02:50:34.295#Z#DEBUG#3ed74488-8bc1-11f1-85f0-eeee0a91cfe7.myfranchise-db-deployer#flowable-async-job-executor-thread-62858#
[PollExecuteTaskStatusExecution] 29787a82-7f21-42fb-b29e-68fef013f5a1 [2026-07-30T02:27:43.460117] Deploying "src/gen/FranqueadoService.Regiao_texts.hdbview"... (STDOUT, APP/TASK/deploy)#
#2026 07 30 02:50:34.295#Z#DEBUG#3ed74488-8bc1-11f1-85f0-eeee0a91cfe7.myfranchise-db-deployer#flowable-async-job-executor-thread-62858#
[PollExecuteTaskStatusExecution] 29787a82-7f21-42fb-b29e-68fef013f5a1 [2026-07-30T02:27:43.460121] Deploying "src/gen/FranqueadoService.Regiao_texts.hdbview"... ok (0s 14ms) (STDOUT, APP/TASK/deploy)#
#2026 07 30 02:50:34.295#Z#DEBUG#3ed74488-8bc1-11f1-85f0-eeee0a91cfe7.myfranchise-db-deployer#flowable-async-job-executor-thread-62858#
[PollExecuteTaskStatusExecution] 29787a82-7f21-42fb-b29e-68fef013f5a1 [2026-07-30T02:27:43.460122] Deploying "src/gen/FranqueadoraService.Regiao_texts.hdbview"... (STDOUT, APP/TASK/deploy)#
#2026 07 30 02:50:34.295#Z#DEBUG#3ed74488-8bc1-11f1-85f0-eeee0a91cfe7.myfranchise-db-deployer#flowable-async-job-executor-thread-62858#
[PollExecuteTaskStatusExecution] 29787a82-7f21-42fb-b29e-68fef013f5a1 [2026-07-30T02:27:43.460134] Deploying "src/gen/FranqueadoraService.Regiao_texts.hdbview"... ok (0s 13ms) (STDOUT, APP/TASK/deploy)#
#2026 07 30 02:50:34.295#Z#DEBUG#3ed74488-8bc1-11f1-85f0-eeee0a91cfe7.myfranchise-db-deployer#flowable-async-job-executor-thread-62858#
[PollExecuteTaskStatusExecution] 29787a82-7f21-42fb-b29e-68fef013f5a1 [2026-07-30T02:27:43.460136] Deploying "src/gen/data/myfranchise-RegrasCompliance.hdbtabledata$0.expand"... (STDOUT, APP/TASK/deploy)#
#2026 07 30 02:50:34.295#Z#DEBUG#3ed74488-8bc1-11f1-85f0-eeee0a91cfe7.myfranchise-db-deployer#flowable-async-job-executor-thread-62858#
[PollExecuteTaskStatusExecution] 29787a82-7f21-42fb-b29e-68fef013f5a1 [2026-07-30T02:27:43.460137] Expanded from "src/gen/data/myfranchise-RegrasCompliance.hdbtabledata" (STDOUT, APP/TASK/deploy)#
#2026 07 30 02:50:34.295#Z#DEBUG#3ed74488-8bc1-11f1-85f0-eeee0a91cfe7.myfranchise-db-deployer#flowable-async-job-executor-thread-62858#
[PollExecuteTaskStatusExecution] 29787a82-7f21-42fb-b29e-68fef013f5a1 [2026-07-30T02:27:43.460140] Inserted 5 records of the data source file "myfranchise-Recomendacoes.csv" into the target table "MYFRANCHISE_RECOMENDACOES" (STDOUT, APP/TASK/deploy)#
#2026 07 30 02:50:34.295#Z#DEBUG#3ed74488-8bc1-11f1-85f0-eeee0a91cfe7.myfranchise-db-deployer#flowable-async-job-executor-thread-62858#
[PollExecuteTaskStatusExecution] 29787a82-7f21-42fb-b29e-68fef013f5a1 [2026-07-30T02:27:43.460142] Deploying "src/gen/data/myfranchise-Recomendacoes.hdbtabledata$0.expand"... ok (0s 68ms) (STDOUT, APP/TASK/deploy)#
#2026 07 30 02:50:34.295#Z#DEBUG#3ed74488-8bc1-11f1-85f0-eeee0a91cfe7.myfranchise-db-deployer#flowable-async-job-executor-thread-62858#
[PollExecuteTaskStatusExecution] 29787a82-7f21-42fb-b29e-68fef013f5a1 [2026-07-30T02:27:43.460144] Deploying "src/gen/data/myfranchise-Saude_Unidade.hdbtabledata$0.expand"... (STDOUT, APP/TASK/deploy)#
#2026 07 30 02:50:34.295#Z#DEBUG#3ed74488-8bc1-11f1-85f0-eeee0a91cfe7.myfranchise-db-deployer#flowable-async-job-executor-thread-62858#
[PollExecuteTaskStatusExecution] 29787a82-7f21-42fb-b29e-68fef013f5a1 [2026-07-30T02:27:43.460146] Expanded from "src/gen/data/myfranchise-Saude_Unidade.hdbtabledata" (STDOUT, APP/TASK/deploy)#
#2026 07 30 02:50:34.295#Z#DEBUG#3ed74488-8bc1-11f1-85f0-eeee0a91cfe7.myfranchise-db-deployer#flowable-async-job-executor-thread-62858#
[PollExecuteTaskStatusExecution] 29787a82-7f21-42fb-b29e-68fef013f5a1 [2026-07-30T02:27:43.460148] Inserted 5 records of the data source file "myfranchise-Regiao.csv" into the target table "MYFRANCHISE_REGIAO" (STDOUT, APP/TASK/deploy)#
#2026 07 30 02:50:34.295#Z#DEBUG#3ed74488-8bc1-11f1-85f0-eeee0a91cfe7.myfranchise-db-deployer#flowable-async-job-executor-thread-62858#
[PollExecuteTaskStatusExecution] 29787a82-7f21-42fb-b29e-68fef013f5a1 [2026-07-30T02:27:43.460156] Deploying "src/gen/data/myfranchise-Regiao.hdbtabledata$0.expand"... ok (0s 67ms) (STDOUT, APP/TASK/deploy)#
#2026 07 30 02:50:34.295#Z#DEBUG#3ed74488-8bc1-11f1-85f0-eeee0a91cfe7.myfranchise-db-deployer#flowable-async-job-executor-thread-62858#
[PollExecuteTaskStatusExecution] 29787a82-7f21-42fb-b29e-68fef013f5a1 [2026-07-30T02:27:43.460158] Deploying "src/gen/data/myfranchise-Severidade.hdbtabledata$0.expand"... (STDOUT, APP/TASK/deploy)#
#2026 07 30 02:50:34.295#Z#DEBUG#3ed74488-8bc1-11f1-85f0-eeee0a91cfe7.myfranchise-db-deployer#flowable-async-job-executor-thread-62858#
[PollExecuteTaskStatusExecution] 29787a82-7f21-42fb-b29e-68fef013f5a1 [2026-07-30T02:27:43.460160] Expanded from "src/gen/data/myfranchise-Severidade.hdbtabledata" (STDOUT, APP/TASK/deploy)#
#2026 07 30 02:50:34.295#Z#DEBUG#3ed74488-8bc1-11f1-85f0-eeee0a91cfe7.myfranchise-db-deployer#flowable-async-job-executor-thread-62858#
[PollExecuteTaskStatusExecution] 29787a82-7f21-42fb-b29e-68fef013f5a1 [2026-07-30T02:27:43.460162] Inserted 3 records of the data source file "myfranchise-RegrasCompliance.csv" into the target table "MYFRANCHISE_REGRASCOMPLIANCE" (STDOUT, APP/TASK/deploy)#
#2026 07 30 02:50:34.295#Z#DEBUG#3ed74488-8bc1-11f1-85f0-eeee0a91cfe7.myfranchise-db-deployer#flowable-async-job-executor-thread-62858#
[PollExecuteTaskStatusExecution] 29787a82-7f21-42fb-b29e-68fef013f5a1 [2026-07-30T02:27:43.460163] Deploying "src/gen/data/myfranchise-RegrasCompliance.hdbtabledata$0.expand"... ok (0s 50ms) (STDOUT, APP/TASK/deploy)#
#2026 07 30 02:50:34.295#Z#DEBUG#3ed74488-8bc1-11f1-85f0-eeee0a91cfe7.myfranchise-db-deployer#flowable-async-job-executor-thread-62858#
[PollExecuteTaskStatusExecution] 29787a82-7f21-42fb-b29e-68fef013f5a1 [2026-07-30T02:27:43.460173] Deploying "src/gen/FranqueadoService.Severidade_texts.hdbview"... (STDOUT, APP/TASK/deploy)#
#2026 07 30 02:50:34.295#Z#DEBUG#3ed74488-8bc1-11f1-85f0-eeee0a91cfe7.myfranchise-db-deployer#flowable-async-job-executor-thread-62858#
[PollExecuteTaskStatusExecution] 29787a82-7f21-42fb-b29e-68fef013f5a1 [2026-07-30T02:27:43.460176] Deploying "src/gen/FranqueadoService.Severidade_texts.hdbview"... ok (0s 18ms) (STDOUT, APP/TASK/deploy)#
#2026 07 30 02:50:34.295#Z#DEBUG#3ed74488-8bc1-11f1-85f0-eeee0a91cfe7.myfranchise-db-deployer#flowable-async-job-executor-thread-62858#
[PollExecuteTaskStatusExecution] 29787a82-7f21-42fb-b29e-68fef013f5a1 [2026-07-30T02:27:43.460178] Deploying "src/gen/FranqueadoraService.Severidade_texts.hdbview"... (STDOUT, APP/TASK/deploy)#
#2026 07 30 02:50:34.295#Z#DEBUG#3ed74488-8bc1-11f1-85f0-eeee0a91cfe7.myfranchise-db-deployer#flowable-async-job-executor-thread-62858#
[PollExecuteTaskStatusExecution] 29787a82-7f21-42fb-b29e-68fef013f5a1 [2026-07-30T02:27:43.460189] Inserted 20 records of the data source file "myfranchise-Saude_Unidade.csv" into the target table "MYFRANCHISE_SAUDE_UNIDADE" (STDOUT, APP/TASK/deploy)#
#2026 07 30 02:50:34.295#Z#DEBUG#3ed74488-8bc1-11f1-85f0-eeee0a91cfe7.myfranchise-db-deployer#flowable-async-job-executor-thread-62858#
[PollExecuteTaskStatusExecution] 29787a82-7f21-42fb-b29e-68fef013f5a1 [2026-07-30T02:27:43.460191] Deploying "src/gen/data/myfranchise-Saude_Unidade.hdbtabledata$0.expand"... ok (0s 63ms) (STDOUT, APP/TASK/deploy)#
#2026 07 30 02:50:34.295#Z#DEBUG#3ed74488-8bc1-11f1-85f0-eeee0a91cfe7.myfranchise-db-deployer#flowable-async-job-executor-thread-62858#
[PollExecuteTaskStatusExecution] 29787a82-7f21-42fb-b29e-68fef013f5a1 [2026-07-30T02:27:43.460194] Deploying "src/gen/data/myfranchise-StatusAlerta.hdbtabledata$0.expand"... (STDOUT, APP/TASK/deploy)#
#2026 07 30 02:50:34.295#Z#DEBUG#3ed74488-8bc1-11f1-85f0-eeee0a91cfe7.myfranchise-db-deployer#flowable-async-job-executor-thread-62858#
[PollExecuteTaskStatusExecution] 29787a82-7f21-42fb-b29e-68fef013f5a1 [2026-07-30T02:27:43.460196] Expanded from "src/gen/data/myfranchise-StatusAlerta.hdbtabledata" (STDOUT, APP/TASK/deploy)#
#2026 07 30 02:50:34.295#Z#DEBUG#3ed74488-8bc1-11f1-85f0-eeee0a91cfe7.myfranchise-db-deployer#flowable-async-job-executor-thread-62858#
[PollExecuteTaskStatusExecution] 29787a82-7f21-42fb-b29e-68fef013f5a1 [2026-07-30T02:27:43.460198] Deploying "src/gen/FranqueadoraService.Severidade_texts.hdbview"... ok (0s 22ms) (STDOUT, APP/TASK/deploy)#
#2026 07 30 02:50:34.295#Z#DEBUG#3ed74488-8bc1-11f1-85f0-eeee0a91cfe7.myfranchise-db-deployer#flowable-async-job-executor-thread-62858#
[PollExecuteTaskStatusExecution] 29787a82-7f21-42fb-b29e-68fef013f5a1 [2026-07-30T02:27:43.460200] Deploying "src/gen/FranqueadoService.StatusAlerta_texts.hdbview"... (STDOUT, APP/TASK/deploy)#
#2026 07 30 02:50:34.295#Z#DEBUG#3ed74488-8bc1-11f1-85f0-eeee0a91cfe7.myfranchise-db-deployer#flowable-async-job-executor-thread-62858#
[PollExecuteTaskStatusExecution] 29787a82-7f21-42fb-b29e-68fef013f5a1 [2026-07-30T02:27:43.460202] Inserted 3 records of the data source file "myfranchise-Severidade.csv" into the target table "MYFRANCHISE_SEVERIDADE" (STDOUT, APP/TASK/deploy)#
#2026 07 30 02:50:34.295#Z#DEBUG#3ed74488-8bc1-11f1-85f0-eeee0a91cfe7.myfranchise-db-deployer#flowable-async-job-executor-thread-62858#
[PollExecuteTaskStatusExecution] 29787a82-7f21-42fb-b29e-68fef013f5a1 [2026-07-30T02:27:43.460204] Deploying "src/gen/data/myfranchise-Severidade.hdbtabledata$0.expand"... ok (0s 69ms) (STDOUT, APP/TASK/deploy)#
#2026 07 30 02:50:34.295#Z#DEBUG#3ed74488-8bc1-11f1-85f0-eeee0a91cfe7.myfranchise-db-deployer#flowable-async-job-executor-thread-62858#
[PollExecuteTaskStatusExecution] 29787a82-7f21-42fb-b29e-68fef013f5a1 [2026-07-30T02:27:43.460210] Deploying "src/gen/FranqueadoraService.StatusAlerta_texts.hdbview"... (STDOUT, APP/TASK/deploy)#
#2026 07 30 02:50:34.295#Z#DEBUG#3ed74488-8bc1-11f1-85f0-eeee0a91cfe7.myfranchise-db-deployer#flowable-async-job-executor-thread-62858#
[PollExecuteTaskStatusExecution] 29787a82-7f21-42fb-b29e-68fef013f5a1 [2026-07-30T02:27:43.460287] Deploying "src/gen/FranqueadoService.StatusAlerta_texts.hdbview"... ok (0s 26ms) (STDOUT, APP/TASK/deploy)#
#2026 07 30 02:50:34.295#Z#DEBUG#3ed74488-8bc1-11f1-85f0-eeee0a91cfe7.myfranchise-db-deployer#flowable-async-job-executor-thread-62858#
[PollExecuteTaskStatusExecution] 29787a82-7f21-42fb-b29e-68fef013f5a1 [2026-07-30T02:27:43.460297] Deploying "src/gen/data/myfranchise-StatusAprovacao.hdbtabledata$0.expand"... (STDOUT, APP/TASK/deploy)#
#2026 07 30 02:50:34.295#Z#DEBUG#3ed74488-8bc1-11f1-85f0-eeee0a91cfe7.myfranchise-db-deployer#flowable-async-job-executor-thread-62858#
[PollExecuteTaskStatusExecution] 29787a82-7f21-42fb-b29e-68fef013f5a1 [2026-07-30T02:27:43.460300] Expanded from "src/gen/data/myfranchise-StatusAprovacao.hdbtabledata" (STDOUT, APP/TASK/deploy)#
#2026 07 30 02:50:34.295#Z#DEBUG#3ed74488-8bc1-11f1-85f0-eeee0a91cfe7.myfranchise-db-deployer#flowable-async-job-executor-thread-62858#
[PollExecuteTaskStatusExecution] 29787a82-7f21-42fb-b29e-68fef013f5a1 [2026-07-30T02:27:43.460339] Deploying "src/gen/FranqueadoraService.StatusAlerta_texts.hdbview"... ok (0s 23ms) (STDOUT, APP/TASK/deploy)#
#2026 07 30 02:50:34.295#Z#DEBUG#3ed74488-8bc1-11f1-85f0-eeee0a91cfe7.myfranchise-db-deployer#flowable-async-job-executor-thread-62858#
[PollExecuteTaskStatusExecution] 29787a82-7f21-42fb-b29e-68fef013f5a1 [2026-07-30T02:27:43.460343] Deploying "src/gen/FranqueadoService.StatusAprovacao_texts.hdbview"... (STDOUT, APP/TASK/deploy)#
#2026 07 30 02:50:34.295#Z#DEBUG#3ed74488-8bc1-11f1-85f0-eeee0a91cfe7.myfranchise-db-deployer#flowable-async-job-executor-thread-62858#
[PollExecuteTaskStatusExecution] 29787a82-7f21-42fb-b29e-68fef013f5a1 [2026-07-30T02:27:43.460348] Deploying "src/gen/FranqueadoService.StatusAprovacao_texts.hdbview"... ok (0s 13ms) (STDOUT, APP/TASK/deploy)#
#2026 07 30 02:50:34.295#Z#DEBUG#3ed74488-8bc1-11f1-85f0-eeee0a91cfe7.myfranchise-db-deployer#flowable-async-job-executor-thread-62858#
[PollExecuteTaskStatusExecution] 29787a82-7f21-42fb-b29e-68fef013f5a1 [2026-07-30T02:27:43.460355] Deploying "src/gen/FranqueadoraService.StatusAprovacao_texts.hdbview"... (STDOUT, APP/TASK/deploy)#
#2026 07 30 02:50:34.295#Z#DEBUG#3ed74488-8bc1-11f1-85f0-eeee0a91cfe7.myfranchise-db-deployer#flowable-async-job-executor-thread-62858#
[PollExecuteTaskStatusExecution] 29787a82-7f21-42fb-b29e-68fef013f5a1 [2026-07-30T02:27:43.460358] Inserted 3 records of the data source file "myfranchise-StatusAlerta.csv" into the target table "MYFRANCHISE_STATUSALERTA" (STDOUT, APP/TASK/deploy)#
#2026 07 30 02:50:34.295#Z#DEBUG#3ed74488-8bc1-11f1-85f0-eeee0a91cfe7.myfranchise-db-deployer#flowable-async-job-executor-thread-62858#
[PollExecuteTaskStatusExecution] 29787a82-7f21-42fb-b29e-68fef013f5a1 [2026-07-30T02:27:43.460363] Deploying "src/gen/data/myfranchise-StatusAlerta.hdbtabledata$0.expand"... ok (0s 64ms) (STDOUT, APP/TASK/deploy)#
#2026 07 30 02:50:34.295#Z#DEBUG#3ed74488-8bc1-11f1-85f0-eeee0a91cfe7.myfranchise-db-deployer#flowable-async-job-executor-thread-62858#
[PollExecuteTaskStatusExecution] 29787a82-7f21-42fb-b29e-68fef013f5a1 [2026-07-30T02:27:43.460373] Deploying "src/gen/data/myfranchise-StatusCatalogo.hdbtabledata$0.expand"... (STDOUT, APP/TASK/deploy)#
#2026 07 30 02:50:34.295#Z#DEBUG#3ed74488-8bc1-11f1-85f0-eeee0a91cfe7.myfranchise-db-deployer#flowable-async-job-executor-thread-62858#
[PollExecuteTaskStatusExecution] 29787a82-7f21-42fb-b29e-68fef013f5a1 [2026-07-30T02:27:43.460385] Expanded from "src/gen/data/myfranchise-StatusCatalogo.hdbtabledata" (STDOUT, APP/TASK/deploy)#
#2026 07 30 02:50:34.295#Z#DEBUG#3ed74488-8bc1-11f1-85f0-eeee0a91cfe7.myfranchise-db-deployer#flowable-async-job-executor-thread-62858#
[PollExecuteTaskStatusExecution] 29787a82-7f21-42fb-b29e-68fef013f5a1 [2026-07-30T02:27:43.460387] Deploying "src/gen/FranqueadoraService.StatusAprovacao_texts.hdbview"... ok (0s 21ms) (STDOUT, APP/TASK/deploy)#
#2026 07 30 02:50:34.295#Z#DEBUG#3ed74488-8bc1-11f1-85f0-eeee0a91cfe7.myfranchise-db-deployer#flowable-async-job-executor-thread-62858#
[PollExecuteTaskStatusExecution] 29787a82-7f21-42fb-b29e-68fef013f5a1 [2026-07-30T02:27:43.460389] Deploying "src/gen/FranqueadoraService.StatusCatalogo_texts.hdbview"... (STDOUT, APP/TASK/deploy)#
#2026 07 30 02:50:34.295#Z#DEBUG#3ed74488-8bc1-11f1-85f0-eeee0a91cfe7.myfranchise-db-deployer#flowable-async-job-executor-thread-62858#
[PollExecuteTaskStatusExecution] 29787a82-7f21-42fb-b29e-68fef013f5a1 [2026-07-30T02:27:43.460391] Deploying "src/gen/FranqueadoraService.StatusCatalogo_texts.hdbview"... ok (0s 22ms) (STDOUT, APP/TASK/deploy)#
#2026 07 30 02:50:34.295#Z#DEBUG#3ed74488-8bc1-11f1-85f0-eeee0a91cfe7.myfranchise-db-deployer#flowable-async-job-executor-thread-62858#
[PollExecuteTaskStatusExecution] 29787a82-7f21-42fb-b29e-68fef013f5a1 [2026-07-30T02:27:43.460393] Deploying "src/gen/data/myfranchise-StatusContrato.hdbtabledata$0.expand"... (STDOUT, APP/TASK/deploy)#
#2026 07 30 02:50:34.295#Z#DEBUG#3ed74488-8bc1-11f1-85f0-eeee0a91cfe7.myfranchise-db-deployer#flowable-async-job-executor-thread-62858#
[PollExecuteTaskStatusExecution] 29787a82-7f21-42fb-b29e-68fef013f5a1 [2026-07-30T02:27:43.460395] Expanded from "src/gen/data/myfranchise-StatusContrato.hdbtabledata" (STDOUT, APP/TASK/deploy)#
#2026 07 30 02:50:34.295#Z#DEBUG#3ed74488-8bc1-11f1-85f0-eeee0a91cfe7.myfranchise-db-deployer#flowable-async-job-executor-thread-62858#
[PollExecuteTaskStatusExecution] 29787a82-7f21-42fb-b29e-68fef013f5a1 [2026-07-30T02:27:43.460398] Inserted 3 records of the data source file "myfranchise-StatusAprovacao.csv" into the target table "MYFRANCHISE_STATUSAPROVACAO" (STDOUT, APP/TASK/deploy)#
#2026 07 30 02:50:34.295#Z#DEBUG#3ed74488-8bc1-11f1-85f0-eeee0a91cfe7.myfranchise-db-deployer#flowable-async-job-executor-thread-62858#
[PollExecuteTaskStatusExecution] 29787a82-7f21-42fb-b29e-68fef013f5a1 [2026-07-30T02:27:43.460439] Deploying "src/gen/data/myfranchise-StatusAprovacao.hdbtabledata$0.expand"... ok (0s 60ms) (STDOUT, APP/TASK/deploy)#
#2026 07 30 02:50:34.295#Z#DEBUG#3ed74488-8bc1-11f1-85f0-eeee0a91cfe7.myfranchise-db-deployer#flowable-async-job-executor-thread-62858#
[PollExecuteTaskStatusExecution] 29787a82-7f21-42fb-b29e-68fef013f5a1 [2026-07-30T02:27:43.460443] Deploying "src/gen/FranqueadoService.StatusContrato_texts.hdbview"... (STDOUT, APP/TASK/deploy)#
#2026 07 30 02:50:34.295#Z#DEBUG#3ed74488-8bc1-11f1-85f0-eeee0a91cfe7.myfranchise-db-deployer#flowable-async-job-executor-thread-62858#
[PollExecuteTaskStatusExecution] 29787a82-7f21-42fb-b29e-68fef013f5a1 [2026-07-30T02:27:43.460447] Deploying "src/gen/FranqueadoService.StatusContrato_texts.hdbview"... ok (0s 14ms) (STDOUT, APP/TASK/deploy)#
#2026 07 30 02:50:34.295#Z#DEBUG#3ed74488-8bc1-11f1-85f0-eeee0a91cfe7.myfranchise-db-deployer#flowable-async-job-executor-thread-62858#
[PollExecuteTaskStatusExecution] 29787a82-7f21-42fb-b29e-68fef013f5a1 [2026-07-30T02:27:43.460449] Deploying "src/gen/FranqueadoraService.StatusContrato_texts.hdbview"... (STDOUT, APP/TASK/deploy)#
#2026 07 30 02:50:34.295#Z#DEBUG#3ed74488-8bc1-11f1-85f0-eeee0a91cfe7.myfranchise-db-deployer#flowable-async-job-executor-thread-62858#
[PollExecuteTaskStatusExecution] 29787a82-7f21-42fb-b29e-68fef013f5a1 [2026-07-30T02:27:43.460455] Deploying "src/gen/FranqueadoraService.StatusContrato_texts.hdbview"... ok (0s 19ms) (STDOUT, APP/TASK/deploy)#
#2026 07 30 02:50:34.295#Z#DEBUG#3ed74488-8bc1-11f1-85f0-eeee0a91cfe7.myfranchise-db-deployer#flowable-async-job-executor-thread-62858#
[PollExecuteTaskStatusExecution] 29787a82-7f21-42fb-b29e-68fef013f5a1 [2026-07-30T02:27:43.460457] Deploying "src/gen/data/myfranchise-StatusDesvio.hdbtabledata$0.expand"... (STDOUT, APP/TASK/deploy)#
#2026 07 30 02:50:34.295#Z#DEBUG#3ed74488-8bc1-11f1-85f0-eeee0a91cfe7.myfranchise-db-deployer#flowable-async-job-executor-thread-62858#
[PollExecuteTaskStatusExecution] 29787a82-7f21-42fb-b29e-68fef013f5a1 [2026-07-30T02:27:43.460459] Expanded from "src/gen/data/myfranchise-StatusDesvio.hdbtabledata" (STDOUT, APP/TASK/deploy)#
#2026 07 30 02:50:34.295#Z#DEBUG#3ed74488-8bc1-11f1-85f0-eeee0a91cfe7.myfranchise-db-deployer#flowable-async-job-executor-thread-62858#
[PollExecuteTaskStatusExecution] 29787a82-7f21-42fb-b29e-68fef013f5a1 [2026-07-30T02:27:43.460461] Inserted 3 records of the data source file "myfranchise-StatusCatalogo.csv" into the target table "MYFRANCHISE_STATUSCATALOGO" (STDOUT, APP/TASK/deploy)#
#2026 07 30 02:50:34.295#Z#DEBUG#3ed74488-8bc1-11f1-85f0-eeee0a91cfe7.myfranchise-db-deployer#flowable-async-job-executor-thread-62858#
[PollExecuteTaskStatusExecution] 29787a82-7f21-42fb-b29e-68fef013f5a1 [2026-07-30T02:27:43.460463] Deploying "src/gen/data/myfranchise-StatusCatalogo.hdbtabledata$0.expand"... ok (0s 69ms) (STDOUT, APP/TASK/deploy)#
#2026 07 30 02:50:34.295#Z#DEBUG#3ed74488-8bc1-11f1-85f0-eeee0a91cfe7.myfranchise-db-deployer#flowable-async-job-executor-thread-62858#
[PollExecuteTaskStatusExecution] 29787a82-7f21-42fb-b29e-68fef013f5a1 [2026-07-30T02:27:43.460466] Deploying "src/gen/FranqueadoService.StatusDesvio_texts.hdbview"... (STDOUT, APP/TASK/deploy)#
#2026 07 30 02:50:34.295#Z#DEBUG#3ed74488-8bc1-11f1-85f0-eeee0a91cfe7.myfranchise-db-deployer#flowable-async-job-executor-thread-62858#
[PollExecuteTaskStatusExecution] 29787a82-7f21-42fb-b29e-68fef013f5a1 [2026-07-30T02:27:43.460468] Inserted 5 records of the data source file "myfranchise-StatusContrato.csv" into the target table "MYFRANCHISE_STATUSCONTRATO" (STDOUT, APP/TASK/deploy)#
#2026 07 30 02:50:34.295#Z#DEBUG#3ed74488-8bc1-11f1-85f0-eeee0a91cfe7.myfranchise-db-deployer#flowable-async-job-executor-thread-62858#
[PollExecuteTaskStatusExecution] 29787a82-7f21-42fb-b29e-68fef013f5a1 [2026-07-30T02:27:43.460483] Deploying "src/gen/data/myfranchise-StatusContrato.hdbtabledata$0.expand"... ok (0s 54ms) (STDOUT, APP/TASK/deploy)#
#2026 07 30 02:50:34.295#Z#DEBUG#3ed74488-8bc1-11f1-85f0-eeee0a91cfe7.myfranchise-db-deployer#flowable-async-job-executor-thread-62858#
[PollExecuteTaskStatusExecution] 29787a82-7f21-42fb-b29e-68fef013f5a1 [2026-07-30T02:27:43.460485] Deploying "src/gen/FranqueadoraService.StatusDesvio_texts.hdbview"... (STDOUT, APP/TASK/deploy)#
#2026 07 30 02:50:34.295#Z#DEBUG#3ed74488-8bc1-11f1-85f0-eeee0a91cfe7.myfranchise-db-deployer#flowable-async-job-executor-thread-62858#
[PollExecuteTaskStatusExecution] 29787a82-7f21-42fb-b29e-68fef013f5a1 [2026-07-30T02:27:43.460486] Deploying "src/gen/FranqueadoService.StatusDesvio_texts.hdbview"... ok (0s 18ms) (STDOUT, APP/TASK/deploy)#
#2026 07 30 02:50:34.295#Z#DEBUG#3ed74488-8bc1-11f1-85f0-eeee0a91cfe7.myfranchise-db-deployer#flowable-async-job-executor-thread-62858#
[PollExecuteTaskStatusExecution] 29787a82-7f21-42fb-b29e-68fef013f5a1 [2026-07-30T02:27:43.460491] Deploying "src/gen/data/myfranchise-StatusDocumento.hdbtabledata$0.expand"... (STDOUT, APP/TASK/deploy)#
#2026 07 30 02:50:34.295#Z#DEBUG#3ed74488-8bc1-11f1-85f0-eeee0a91cfe7.myfranchise-db-deployer#flowable-async-job-executor-thread-62858#
[PollExecuteTaskStatusExecution] 29787a82-7f21-42fb-b29e-68fef013f5a1 [2026-07-30T02:27:43.460494] Expanded from "src/gen/data/myfranchise-StatusDocumento.hdbtabledata" (STDOUT, APP/TASK/deploy)#
#2026 07 30 02:50:34.295#Z#DEBUG#3ed74488-8bc1-11f1-85f0-eeee0a91cfe7.myfranchise-db-deployer#flowable-async-job-executor-thread-62858#
[PollExecuteTaskStatusExecution] 29787a82-7f21-42fb-b29e-68fef013f5a1 [2026-07-30T02:27:43.460520] Deploying "src/gen/FranqueadoraService.StatusDesvio_texts.hdbview"... ok (0s 32ms) (STDOUT, APP/TASK/deploy)#
#2026 07 30 02:50:34.295#Z#DEBUG#3ed74488-8bc1-11f1-85f0-eeee0a91cfe7.myfranchise-db-deployer#flowable-async-job-executor-thread-62858#
[PollExecuteTaskStatusExecution] 29787a82-7f21-42fb-b29e-68fef013f5a1 [2026-07-30T02:27:43.460522] Deploying "src/gen/FranqueadoService.StatusDocumento_texts.hdbview"... (STDOUT, APP/TASK/deploy)#
#2026 07 30 02:50:34.295#Z#DEBUG#3ed74488-8bc1-11f1-85f0-eeee0a91cfe7.myfranchise-db-deployer#flowable-async-job-executor-thread-62858#
[PollExecuteTaskStatusExecution] 29787a82-7f21-42fb-b29e-68fef013f5a1 [2026-07-30T02:27:43.460524] Deploying "src/gen/FranqueadoService.StatusDocumento_texts.hdbview"... ok (0s 17ms) (STDOUT, APP/TASK/deploy)#
#2026 07 30 02:50:34.295#Z#DEBUG#3ed74488-8bc1-11f1-85f0-eeee0a91cfe7.myfranchise-db-deployer#flowable-async-job-executor-thread-62858#
[PollExecuteTaskStatusExecution] 29787a82-7f21-42fb-b29e-68fef013f5a1 [2026-07-30T02:27:43.460526] Deploying "src/gen/FranqueadoraService.StatusDocumento_texts.hdbview"... (STDOUT, APP/TASK/deploy)#
#2026 07 30 02:50:34.295#Z#DEBUG#3ed74488-8bc1-11f1-85f0-eeee0a91cfe7.myfranchise-db-deployer#flowable-async-job-executor-thread-62858#
[PollExecuteTaskStatusExecution] 29787a82-7f21-42fb-b29e-68fef013f5a1 [2026-07-30T02:27:43.460544] Inserted 5 records of the data source file "myfranchise-StatusDesvio.csv" into the target table "MYFRANCHISE_STATUSDESVIO" (STDOUT, APP/TASK/deploy)#
#2026 07 30 02:50:34.295#Z#DEBUG#3ed74488-8bc1-11f1-85f0-eeee0a91cfe7.myfranchise-db-deployer#flowable-async-job-executor-thread-62858#
[PollExecuteTaskStatusExecution] 29787a82-7f21-42fb-b29e-68fef013f5a1 [2026-07-30T02:27:43.460546] Deploying "src/gen/data/myfranchise-StatusDesvio.hdbtabledata$0.expand"... ok (0s 85ms) (STDOUT, APP/TASK/deploy)#
#2026 07 30 02:50:34.295#Z#DEBUG#3ed74488-8bc1-11f1-85f0-eeee0a91cfe7.myfranchise-db-deployer#flowable-async-job-executor-thread-62858#
[PollExecuteTaskStatusExecution] 29787a82-7f21-42fb-b29e-68fef013f5a1 [2026-07-30T02:27:43.460548] Deploying "src/gen/data/myfranchise-StatusFranqueado.hdbtabledata$0.expand"... (STDOUT, APP/TASK/deploy)#
#2026 07 30 02:50:34.295#Z#DEBUG#3ed74488-8bc1-11f1-85f0-eeee0a91cfe7.myfranchise-db-deployer#flowable-async-job-executor-thread-62858#
[PollExecuteTaskStatusExecution] 29787a82-7f21-42fb-b29e-68fef013f5a1 [2026-07-30T02:27:43.460550] Expanded from "src/gen/data/myfranchise-StatusFranqueado.hdbtabledata" (STDOUT, APP/TASK/deploy)#
#2026 07 30 02:50:34.295#Z#DEBUG#3ed74488-8bc1-11f1-85f0-eeee0a91cfe7.myfranchise-db-deployer#flowable-async-job-executor-thread-62858#
[PollExecuteTaskStatusExecution] 29787a82-7f21-42fb-b29e-68fef013f5a1 [2026-07-30T02:27:43.460583] Deploying "src/gen/FranqueadoraService.StatusDocumento_texts.hdbview"... ok (0s 16ms) (STDOUT, APP/TASK/deploy)#
#2026 07 30 02:50:34.295#Z#DEBUG#3ed74488-8bc1-11f1-85f0-eeee0a91cfe7.myfranchise-db-deployer#flowable-async-job-executor-thread-62858#
[PollExecuteTaskStatusExecution] 29787a82-7f21-42fb-b29e-68fef013f5a1 [2026-07-30T02:27:43.460585] Deploying "src/gen/FranqueadoraService.StatusFranqueado_texts.hdbview"... (STDOUT, APP/TASK/deploy)#
#2026 07 30 02:50:34.295#Z#DEBUG#3ed74488-8bc1-11f1-85f0-eeee0a91cfe7.myfranchise-db-deployer#flowable-async-job-executor-thread-62858#
[PollExecuteTaskStatusExecution] 29787a82-7f21-42fb-b29e-68fef013f5a1 [2026-07-30T02:27:43.460587] Deploying "src/gen/FranqueadoraService.StatusFranqueado_texts.hdbview"... ok (0s 20ms) (STDOUT, APP/TASK/deploy)#
#2026 07 30 02:50:34.295#Z#DEBUG#3ed74488-8bc1-11f1-85f0-eeee0a91cfe7.myfranchise-db-deployer#flowable-async-job-executor-thread-62858#
[PollExecuteTaskStatusExecution] 29787a82-7f21-42fb-b29e-68fef013f5a1 [2026-07-30T02:27:43.460589] Deploying "src/gen/data/myfranchise-StatusKPI.hdbtabledata$0.expand"... (STDOUT, APP/TASK/deploy)#
#2026 07 30 02:50:34.295#Z#DEBUG#3ed74488-8bc1-11f1-85f0-eeee0a91cfe7.myfranchise-db-deployer#flowable-async-job-executor-thread-62858#
[PollExecuteTaskStatusExecution] 29787a82-7f21-42fb-b29e-68fef013f5a1 [2026-07-30T02:27:43.460591] Expanded from "src/gen/data/myfranchise-StatusKPI.hdbtabledata" (STDOUT, APP/TASK/deploy)#
#2026 07 30 02:50:34.295#Z#DEBUG#3ed74488-8bc1-11f1-85f0-eeee0a91cfe7.myfranchise-db-deployer#flowable-async-job-executor-thread-62858#
[PollExecuteTaskStatusExecution] 29787a82-7f21-42fb-b29e-68fef013f5a1 [2026-07-30T02:27:43.460593] Inserted 4 records of the data source file "myfranchise-StatusDocumento.csv" into the target table "MYFRANCHISE_STATUSDOCUMENTO" (STDOUT, APP/TASK/deploy)#
#2026 07 30 02:50:34.295#Z#DEBUG#3ed74488-8bc1-11f1-85f0-eeee0a91cfe7.myfranchise-db-deployer#flowable-async-job-executor-thread-62858#
[PollExecuteTaskStatusExecution] 29787a82-7f21-42fb-b29e-68fef013f5a1 [2026-07-30T02:27:43.460595] Deploying "src/gen/data/myfranchise-StatusDocumento.hdbtabledata$0.expand"... ok (0s 81ms) (STDOUT, APP/TASK/deploy)#
#2026 07 30 02:50:34.295#Z#DEBUG#3ed74488-8bc1-11f1-85f0-eeee0a91cfe7.myfranchise-db-deployer#flowable-async-job-executor-thread-62858#
[PollExecuteTaskStatusExecution] 29787a82-7f21-42fb-b29e-68fef013f5a1 [2026-07-30T02:27:43.460597] Deploying "src/gen/FranqueadoService.StatusKPI_texts.hdbview"... (STDOUT, APP/TASK/deploy)#
#2026 07 30 02:50:34.295#Z#DEBUG#3ed74488-8bc1-11f1-85f0-eeee0a91cfe7.myfranchise-db-deployer#flowable-async-job-executor-thread-62858#
[PollExecuteTaskStatusExecution] 29787a82-7f21-42fb-b29e-68fef013f5a1 [2026-07-30T02:27:43.460599] Deploying "src/gen/FranqueadoService.StatusKPI_texts.hdbview"... ok (0s 18ms) (STDOUT, APP/TASK/deploy)#
#2026 07 30 02:50:34.295#Z#DEBUG#3ed74488-8bc1-11f1-85f0-eeee0a91cfe7.myfranchise-db-deployer#flowable-async-job-executor-thread-62858#
[PollExecuteTaskStatusExecution] 29787a82-7f21-42fb-b29e-68fef013f5a1 [2026-07-30T02:27:43.460603] Deploying "src/gen/FranqueadoraService.StatusKPI_texts.hdbview"... (STDOUT, APP/TASK/deploy)#
#2026 07 30 02:50:34.295#Z#DEBUG#3ed74488-8bc1-11f1-85f0-eeee0a91cfe7.myfranchise-db-deployer#flowable-async-job-executor-thread-62858#
[PollExecuteTaskStatusExecution] 29787a82-7f21-42fb-b29e-68fef013f5a1 [2026-07-30T02:27:43.460606] Inserted 3 records of the data source file "myfranchise-StatusFranqueado.csv" into the target table "MYFRANCHISE_STATUSFRANQUEADO" (STDOUT, APP/TASK/deploy)#
#2026 07 30 02:50:34.295#Z#DEBUG#3ed74488-8bc1-11f1-85f0-eeee0a91cfe7.myfranchise-db-deployer#flowable-async-job-executor-thread-62858#
[PollExecuteTaskStatusExecution] 29787a82-7f21-42fb-b29e-68fef013f5a1 [2026-07-30T02:27:43.460607] Deploying "src/gen/data/myfranchise-StatusFranqueado.hdbtabledata$0.expand"... ok (0s 63ms) (STDOUT, APP/TASK/deploy)#
#2026 07 30 02:50:34.295#Z#DEBUG#3ed74488-8bc1-11f1-85f0-eeee0a91cfe7.myfranchise-db-deployer#flowable-async-job-executor-thread-62858#
[PollExecuteTaskStatusExecution] 29787a82-7f21-42fb-b29e-68fef013f5a1 [2026-07-30T02:27:43.460609] Deploying "src/gen/data/myfranchise-StatusNotificacao.hdbtabledata$0.expand"... (STDOUT, APP/TASK/deploy)#
#2026 07 30 02:50:34.295#Z#DEBUG#3ed74488-8bc1-11f1-85f0-eeee0a91cfe7.myfranchise-db-deployer#flowable-async-job-executor-thread-62858#
[PollExecuteTaskStatusExecution] 29787a82-7f21-42fb-b29e-68fef013f5a1 [2026-07-30T02:27:43.460611] Expanded from "src/gen/data/myfranchise-StatusNotificacao.hdbtabledata" (STDOUT, APP/TASK/deploy)#
#2026 07 30 02:50:34.295#Z#DEBUG#3ed74488-8bc1-11f1-85f0-eeee0a91cfe7.myfranchise-db-deployer#flowable-async-job-executor-thread-62858#
[PollExecuteTaskStatusExecution] 29787a82-7f21-42fb-b29e-68fef013f5a1 [2026-07-30T02:27:43.460613] Deploying "src/gen/FranqueadoraService.StatusKPI_texts.hdbview"... ok (0s 18ms) (STDOUT, APP/TASK/deploy)#
#2026 07 30 02:50:34.295#Z#DEBUG#3ed74488-8bc1-11f1-85f0-eeee0a91cfe7.myfranchise-db-deployer#flowable-async-job-executor-thread-62858#
[PollExecuteTaskStatusExecution] 29787a82-7f21-42fb-b29e-68fef013f5a1 [2026-07-30T02:27:43.460615] Deploying "src/gen/FranqueadoService.StatusNotificacao_texts.hdbview"... (STDOUT, APP/TASK/deploy)#
#2026 07 30 02:50:34.295#Z#DEBUG#3ed74488-8bc1-11f1-85f0-eeee0a91cfe7.myfranchise-db-deployer#flowable-async-job-executor-thread-62858#
[PollExecuteTaskStatusExecution] 29787a82-7f21-42fb-b29e-68fef013f5a1 [2026-07-30T02:27:43.460619] Inserted 4 records of the data source file "myfranchise-StatusKPI.csv" into the target table "MYFRANCHISE_STATUSKPI" (STDOUT, APP/TASK/deploy)#
#2026 07 30 02:50:34.295#Z#DEBUG#3ed74488-8bc1-11f1-85f0-eeee0a91cfe7.myfranchise-db-deployer#flowable-async-job-executor-thread-62858#
[PollExecuteTaskStatusExecution] 29787a82-7f21-42fb-b29e-68fef013f5a1 [2026-07-30T02:27:43.460621] Deploying "src/gen/data/myfranchise-StatusKPI.hdbtabledata$0.expand"... ok (0s 69ms) (STDOUT, APP/TASK/deploy)#
#2026 07 30 02:50:34.295#Z#DEBUG#3ed74488-8bc1-11f1-85f0-eeee0a91cfe7.myfranchise-db-deployer#flowable-async-job-executor-thread-62858#
[PollExecuteTaskStatusExecution] 29787a82-7f21-42fb-b29e-68fef013f5a1 [2026-07-30T02:27:43.460623] Deploying "src/gen/FranqueadoraService.StatusNotificacao_texts.hdbview"... (STDOUT, APP/TASK/deploy)#
#2026 07 30 02:50:34.295#Z#DEBUG#3ed74488-8bc1-11f1-85f0-eeee0a91cfe7.myfranchise-db-deployer#flowable-async-job-executor-thread-62858#
[PollExecuteTaskStatusExecution] 29787a82-7f21-42fb-b29e-68fef013f5a1 [2026-07-30T02:27:43.460625] Deploying "src/gen/FranqueadoService.StatusNotificacao_texts.hdbview"... ok (0s 25ms) (STDOUT, APP/TASK/deploy)#
#2026 07 30 02:50:34.295#Z#DEBUG#3ed74488-8bc1-11f1-85f0-eeee0a91cfe7.myfranchise-db-deployer#flowable-async-job-executor-thread-62858#
[PollExecuteTaskStatusExecution] 29787a82-7f21-42fb-b29e-68fef013f5a1 [2026-07-30T02:27:43.460626] Deploying "src/gen/data/myfranchise-StatusOnboarding.hdbtabledata$0.expand"... (STDOUT, APP/TASK/deploy)#
#2026 07 30 02:50:34.295#Z#DEBUG#3ed74488-8bc1-11f1-85f0-eeee0a91cfe7.myfranchise-db-deployer#flowable-async-job-executor-thread-62858#
[PollExecuteTaskStatusExecution] 29787a82-7f21-42fb-b29e-68fef013f5a1 [2026-07-30T02:27:43.460628] Expanded from "src/gen/data/myfranchise-StatusOnboarding.hdbtabledata" (STDOUT, APP/TASK/deploy)#
#2026 07 30 02:50:34.295#Z#DEBUG#3ed74488-8bc1-11f1-85f0-eeee0a91cfe7.myfranchise-db-deployer#flowable-async-job-executor-thread-62858#
[PollExecuteTaskStatusExecution] 29787a82-7f21-42fb-b29e-68fef013f5a1 [2026-07-30T02:27:44.469453] Deploying "src/gen/FranqueadoraService.StatusNotificacao_texts.hdbview"... ok (0s 14ms) (STDOUT, APP/TASK/deploy)#
#2026 07 30 02:50:34.295#Z#DEBUG#3ed74488-8bc1-11f1-85f0-eeee0a91cfe7.myfranchise-db-deployer#flowable-async-job-executor-thread-62858#
[PollExecuteTaskStatusExecution] 29787a82-7f21-42fb-b29e-68fef013f5a1 [2026-07-30T02:27:44.469485] Deploying "src/gen/FranqueadoService.StatusOnboarding_texts.hdbview"... (STDOUT, APP/TASK/deploy)#
#2026 07 30 02:50:34.295#Z#DEBUG#3ed74488-8bc1-11f1-85f0-eeee0a91cfe7.myfranchise-db-deployer#flowable-async-job-executor-thread-62858#
[PollExecuteTaskStatusExecution] 29787a82-7f21-42fb-b29e-68fef013f5a1 [2026-07-30T02:27:44.469488] Deploying "src/gen/FranqueadoService.StatusOnboarding_texts.hdbview"... ok (0s 18ms) (STDOUT, APP/TASK/deploy)#
#2026 07 30 02:50:34.295#Z#DEBUG#3ed74488-8bc1-11f1-85f0-eeee0a91cfe7.myfranchise-db-deployer#flowable-async-job-executor-thread-62858#
[PollExecuteTaskStatusExecution] 29787a82-7f21-42fb-b29e-68fef013f5a1 [2026-07-30T02:27:44.469490] Deploying "src/gen/FranqueadoraService.StatusOnboarding_texts.hdbview"... (STDOUT, APP/TASK/deploy)#
#2026 07 30 02:50:34.295#Z#DEBUG#3ed74488-8bc1-11f1-85f0-eeee0a91cfe7.myfranchise-db-deployer#flowable-async-job-executor-thread-62858#
[PollExecuteTaskStatusExecution] 29787a82-7f21-42fb-b29e-68fef013f5a1 [2026-07-30T02:27:44.469497] Inserted 4 records of the data source file "myfranchise-StatusNotificacao.csv" into the target table "MYFRANCHISE_STATUSNOTIFICACAO" (STDOUT, APP/TASK/deploy)#
#2026 07 30 02:50:34.295#Z#DEBUG#3ed74488-8bc1-11f1-85f0-eeee0a91cfe7.myfranchise-db-deployer#flowable-async-job-executor-thread-62858#
[PollExecuteTaskStatusExecution] 29787a82-7f21-42fb-b29e-68fef013f5a1 [2026-07-30T02:27:44.469498] Deploying "src/gen/data/myfranchise-StatusNotificacao.hdbtabledata$0.expand"... ok (0s 66ms) (STDOUT, APP/TASK/deploy)#
#2026 07 30 02:50:34.295#Z#DEBUG#3ed74488-8bc1-11f1-85f0-eeee0a91cfe7.myfranchise-db-deployer#flowable-async-job-executor-thread-62858#
[PollExecuteTaskStatusExecution] 29787a82-7f21-42fb-b29e-68fef013f5a1 [2026-07-30T02:27:44.469503] Deploying "src/gen/data/myfranchise-StatusRecomendacao.hdbtabledata$0.expand"... (STDOUT, APP/TASK/deploy)#
#2026 07 30 02:50:34.295#Z#DEBUG#3ed74488-8bc1-11f1-85f0-eeee0a91cfe7.myfranchise-db-deployer#flowable-async-job-executor-thread-62858#
[PollExecuteTaskStatusExecution] 29787a82-7f21-42fb-b29e-68fef013f5a1 [2026-07-30T02:27:44.469506] Expanded from "src/gen/data/myfranchise-StatusRecomendacao.hdbtabledata" (STDOUT, APP/TASK/deploy)#
#2026 07 30 02:50:34.295#Z#DEBUG#3ed74488-8bc1-11f1-85f0-eeee0a91cfe7.myfranchise-db-deployer#flowable-async-job-executor-thread-62858#
[PollExecuteTaskStatusExecution] 29787a82-7f21-42fb-b29e-68fef013f5a1 [2026-07-30T02:27:44.469515] Deploying "src/gen/FranqueadoraService.StatusOnboarding_texts.hdbview"... ok (0s 16ms) (STDOUT, APP/TASK/deploy)#
#2026 07 30 02:50:34.295#Z#DEBUG#3ed74488-8bc1-11f1-85f0-eeee0a91cfe7.myfranchise-db-deployer#flowable-async-job-executor-thread-62858#
[PollExecuteTaskStatusExecution] 29787a82-7f21-42fb-b29e-68fef013f5a1 [2026-07-30T02:27:44.469516] Deploying "src/gen/FranqueadoService.StatusRecomendacao_texts.hdbview"... (STDOUT, APP/TASK/deploy)#
#2026 07 30 02:50:34.295#Z#DEBUG#3ed74488-8bc1-11f1-85f0-eeee0a91cfe7.myfranchise-db-deployer#flowable-async-job-executor-thread-62858#
[PollExecuteTaskStatusExecution] 29787a82-7f21-42fb-b29e-68fef013f5a1 [2026-07-30T02:27:44.469520] Deploying "src/gen/FranqueadoService.StatusRecomendacao_texts.hdbview"... ok (0s 27ms) (STDOUT, APP/TASK/deploy)#
#2026 07 30 02:50:34.295#Z#DEBUG#3ed74488-8bc1-11f1-85f0-eeee0a91cfe7.myfranchise-db-deployer#flowable-async-job-executor-thread-62858#
[PollExecuteTaskStatusExecution] 29787a82-7f21-42fb-b29e-68fef013f5a1 [2026-07-30T02:27:44.469522] Deploying "src/gen/FranqueadoraService.StatusRecomendacao_texts.hdbview"... (STDOUT, APP/TASK/deploy)#
#2026 07 30 02:50:34.295#Z#DEBUG#3ed74488-8bc1-11f1-85f0-eeee0a91cfe7.myfranchise-db-deployer#flowable-async-job-executor-thread-62858#
[PollExecuteTaskStatusExecution] 29787a82-7f21-42fb-b29e-68fef013f5a1 [2026-07-30T02:27:44.469527] Inserted 4 records of the data source file "myfranchise-StatusOnboarding.csv" into the target table "MYFRANCHISE_STATUSONBOARDING" (STDOUT, APP/TASK/deploy)#
#2026 07 30 02:50:34.295#Z#DEBUG#3ed74488-8bc1-11f1-85f0-eeee0a91cfe7.myfranchise-db-deployer#flowable-async-job-executor-thread-62858#
[PollExecuteTaskStatusExecution] 29787a82-7f21-42fb-b29e-68fef013f5a1 [2026-07-30T02:27:44.469530] Deploying "src/gen/data/myfranchise-StatusOnboarding.hdbtabledata$0.expand"... ok (0s 77ms) (STDOUT, APP/TASK/deploy)#
#2026 07 30 02:50:34.295#Z#DEBUG#3ed74488-8bc1-11f1-85f0-eeee0a91cfe7.myfranchise-db-deployer#flowable-async-job-executor-thread-62858#
[PollExecuteTaskStatusExecution] 29787a82-7f21-42fb-b29e-68fef013f5a1 [2026-07-30T02:27:44.469533] Deploying "src/gen/data/myfranchise-StatusTarefa.hdbtabledata$0.expand"... (STDOUT, APP/TASK/deploy)#
#2026 07 30 02:50:34.295#Z#DEBUG#3ed74488-8bc1-11f1-85f0-eeee0a91cfe7.myfranchise-db-deployer#flowable-async-job-executor-thread-62858#
[PollExecuteTaskStatusExecution] 29787a82-7f21-42fb-b29e-68fef013f5a1 [2026-07-30T02:27:44.469535] Expanded from "src/gen/data/myfranchise-StatusTarefa.hdbtabledata" (STDOUT, APP/TASK/deploy)#
#2026 07 30 02:50:34.295#Z#DEBUG#3ed74488-8bc1-11f1-85f0-eeee0a91cfe7.myfranchise-db-deployer#flowable-async-job-executor-thread-62858#
[PollExecuteTaskStatusExecution] 29787a82-7f21-42fb-b29e-68fef013f5a1 [2026-07-30T02:27:44.469536] Deploying "src/gen/FranqueadoraService.StatusRecomendacao_texts.hdbview"... ok (0s 18ms) (STDOUT, APP/TASK/deploy)#
#2026 07 30 02:50:34.295#Z#DEBUG#3ed74488-8bc1-11f1-85f0-eeee0a91cfe7.myfranchise-db-deployer#flowable-async-job-executor-thread-62858#
[PollExecuteTaskStatusExecution] 29787a82-7f21-42fb-b29e-68fef013f5a1 [2026-07-30T02:27:44.469538] Deploying "src/gen/FranqueadoService.StatusTarefa_texts.hdbview"... (STDOUT, APP/TASK/deploy)#
#2026 07 30 02:50:34.295#Z#DEBUG#3ed74488-8bc1-11f1-85f0-eeee0a91cfe7.myfranchise-db-deployer#flowable-async-job-executor-thread-62858#
[PollExecuteTaskStatusExecution] 29787a82-7f21-42fb-b29e-68fef013f5a1 [2026-07-30T02:27:44.469540] Deploying "src/gen/FranqueadoService.StatusTarefa_texts.hdbview"... ok (0s 20ms) (STDOUT, APP/TASK/deploy)#
#2026 07 30 02:50:34.295#Z#DEBUG#3ed74488-8bc1-11f1-85f0-eeee0a91cfe7.myfranchise-db-deployer#flowable-async-job-executor-thread-62858#
[PollExecuteTaskStatusExecution] 29787a82-7f21-42fb-b29e-68fef013f5a1 [2026-07-30T02:27:44.469564] Deploying "src/gen/FranqueadoraService.StatusTarefa_texts.hdbview"... (STDOUT, APP/TASK/deploy)#
#2026 07 30 02:50:34.295#Z#DEBUG#3ed74488-8bc1-11f1-85f0-eeee0a91cfe7.myfranchise-db-deployer#flowable-async-job-executor-thread-62858#
[PollExecuteTaskStatusExecution] 29787a82-7f21-42fb-b29e-68fef013f5a1 [2026-07-30T02:27:44.469566] Inserted 4 records of the data source file "myfranchise-StatusRecomendacao.csv" into the target table "MYFRANCHISE_STATUSRECOMENDACAO" (STDOUT, APP/TASK/deploy)#
#2026 07 30 02:50:34.295#Z#DEBUG#3ed74488-8bc1-11f1-85f0-eeee0a91cfe7.myfranchise-db-deployer#flowable-async-job-executor-thread-62858#
[PollExecuteTaskStatusExecution] 29787a82-7f21-42fb-b29e-68fef013f5a1 [2026-07-30T02:27:44.469568] Deploying "src/gen/data/myfranchise-StatusRecomendacao.hdbtabledata$0.expand"... ok (0s 81ms) (STDOUT, APP/TASK/deploy)#
#2026 07 30 02:50:34.295#Z#DEBUG#3ed74488-8bc1-11f1-85f0-eeee0a91cfe7.myfranchise-db-deployer#flowable-async-job-executor-thread-62858#
[PollExecuteTaskStatusExecution] 29787a82-7f21-42fb-b29e-68fef013f5a1 [2026-07-30T02:27:44.469570] Deploying "src/gen/data/myfranchise-StatusUnidade.hdbtabledata$0.expand"... (STDOUT, APP/TASK/deploy)#
#2026 07 30 02:50:34.295#Z#DEBUG#3ed74488-8bc1-11f1-85f0-eeee0a91cfe7.myfranchise-db-deployer#flowable-async-job-executor-thread-62858#
[PollExecuteTaskStatusExecution] 29787a82-7f21-42fb-b29e-68fef013f5a1 [2026-07-30T02:27:44.469572] Expanded from "src/gen/data/myfranchise-StatusUnidade.hdbtabledata" (STDOUT, APP/TASK/deploy)#
#2026 07 30 02:50:34.295#Z#DEBUG#3ed74488-8bc1-11f1-85f0-eeee0a91cfe7.myfranchise-db-deployer#flowable-async-job-executor-thread-62858#
[PollExecuteTaskStatusExecution] 29787a82-7f21-42fb-b29e-68fef013f5a1 [2026-07-30T02:27:44.469574] Deploying "src/gen/FranqueadoraService.StatusTarefa_texts.hdbview"... ok (0s 17ms) (STDOUT, APP/TASK/deploy)#
#2026 07 30 02:50:34.295#Z#DEBUG#3ed74488-8bc1-11f1-85f0-eeee0a91cfe7.myfranchise-db-deployer#flowable-async-job-executor-thread-62858#
[PollExecuteTaskStatusExecution] 29787a82-7f21-42fb-b29e-68fef013f5a1 [2026-07-30T02:27:44.469576] Deploying "src/gen/FranqueadoService.StatusUnidade_texts.hdbview"... (STDOUT, APP/TASK/deploy)#
#2026 07 30 02:50:34.295#Z#DEBUG#3ed74488-8bc1-11f1-85f0-eeee0a91cfe7.myfranchise-db-deployer#flowable-async-job-executor-thread-62858#
[PollExecuteTaskStatusExecution] 29787a82-7f21-42fb-b29e-68fef013f5a1 [2026-07-30T02:27:44.469578] Deploying "src/gen/FranqueadoService.StatusUnidade_texts.hdbview"... ok (0s 19ms) (STDOUT, APP/TASK/deploy)#
#2026 07 30 02:50:34.295#Z#DEBUG#3ed74488-8bc1-11f1-85f0-eeee0a91cfe7.myfranchise-db-deployer#flowable-async-job-executor-thread-62858#
[PollExecuteTaskStatusExecution] 29787a82-7f21-42fb-b29e-68fef013f5a1 [2026-07-30T02:27:44.469580] Deploying "src/gen/FranqueadoraService.StatusUnidade_texts.hdbview"... (STDOUT, APP/TASK/deploy)#
#2026 07 30 02:50:34.295#Z#DEBUG#3ed74488-8bc1-11f1-85f0-eeee0a91cfe7.myfranchise-db-deployer#flowable-async-job-executor-thread-62858#
[PollExecuteTaskStatusExecution] 29787a82-7f21-42fb-b29e-68fef013f5a1 [2026-07-30T02:27:44.469583] Inserted 5 records of the data source file "myfranchise-StatusTarefa.csv" into the target table "MYFRANCHISE_STATUSTAREFA" (STDOUT, APP/TASK/deploy)#
#2026 07 30 02:50:34.295#Z#DEBUG#3ed74488-8bc1-11f1-85f0-eeee0a91cfe7.myfranchise-db-deployer#flowable-async-job-executor-thread-62858#
[PollExecuteTaskStatusExecution] 29787a82-7f21-42fb-b29e-68fef013f5a1 [2026-07-30T02:27:44.469585] Deploying "src/gen/data/myfranchise-StatusTarefa.hdbtabledata$0.expand"... ok (0s 81ms) (STDOUT, APP/TASK/deploy)#
#2026 07 30 02:50:34.295#Z#DEBUG#3ed74488-8bc1-11f1-85f0-eeee0a91cfe7.myfranchise-db-deployer#flowable-async-job-executor-thread-62858#
[PollExecuteTaskStatusExecution] 29787a82-7f21-42fb-b29e-68fef013f5a1 [2026-07-30T02:27:44.469586] Deploying "src/gen/FranqueadoService.MinhasTarefas.hdbview"... (STDOUT, APP/TASK/deploy)#
#2026 07 30 02:50:34.295#Z#DEBUG#3ed74488-8bc1-11f1-85f0-eeee0a91cfe7.myfranchise-db-deployer#flowable-async-job-executor-thread-62858#
[PollExecuteTaskStatusExecution] 29787a82-7f21-42fb-b29e-68fef013f5a1 [2026-07-30T02:27:44.469588] Deploying "src/gen/FranqueadoraService.StatusUnidade_texts.hdbview"... ok (0s 28ms) (STDOUT, APP/TASK/deploy)#
#2026 07 30 02:50:34.295#Z#DEBUG#3ed74488-8bc1-11f1-85f0-eeee0a91cfe7.myfranchise-db-deployer#flowable-async-job-executor-thread-62858#
[PollExecuteTaskStatusExecution] 29787a82-7f21-42fb-b29e-68fef013f5a1 [2026-07-30T02:27:44.469591] Deploying "src/gen/FranqueadoraService.TarefasOnboarding.hdbview"... (STDOUT, APP/TASK/deploy)#
#2026 07 30 02:50:34.295#Z#DEBUG#3ed74488-8bc1-11f1-85f0-eeee0a91cfe7.myfranchise-db-deployer#flowable-async-job-executor-thread-62858#
[PollExecuteTaskStatusExecution] 29787a82-7f21-42fb-b29e-68fef013f5a1 [2026-07-30T02:27:44.469593] Deploying "src/gen/FranqueadoService.MinhasTarefas.hdbview"... ok (0s 23ms) (STDOUT, APP/TASK/deploy)#
#2026 07 30 02:50:34.295#Z#DEBUG#3ed74488-8bc1-11f1-85f0-eeee0a91cfe7.myfranchise-db-deployer#flowable-async-job-executor-thread-62858#
[PollExecuteTaskStatusExecution] 29787a82-7f21-42fb-b29e-68fef013f5a1 [2026-07-30T02:27:44.469594] Deploying "src/gen/data/myfranchise-TipoAlerta.hdbtabledata$0.expand"... (STDOUT, APP/TASK/deploy)#
#2026 07 30 02:50:34.295#Z#DEBUG#3ed74488-8bc1-11f1-85f0-eeee0a91cfe7.myfranchise-db-deployer#flowable-async-job-executor-thread-62858#
[PollExecuteTaskStatusExecution] 29787a82-7f21-42fb-b29e-68fef013f5a1 [2026-07-30T02:27:44.469597] Expanded from "src/gen/data/myfranchise-TipoAlerta.hdbtabledata" (STDOUT, APP/TASK/deploy)#
#2026 07 30 02:50:34.295#Z#DEBUG#3ed74488-8bc1-11f1-85f0-eeee0a91cfe7.myfranchise-db-deployer#flowable-async-job-executor-thread-62858#
[PollExecuteTaskStatusExecution] 29787a82-7f21-42fb-b29e-68fef013f5a1 [2026-07-30T02:27:44.469600] Inserted 4 records of the data source file "myfranchise-StatusUnidade.csv" into the target table "MYFRANCHISE_STATUSUNIDADE" (STDOUT, APP/TASK/deploy)#
#2026 07 30 02:50:34.295#Z#DEBUG#3ed74488-8bc1-11f1-85f0-eeee0a91cfe7.myfranchise-db-deployer#flowable-async-job-executor-thread-62858#
[PollExecuteTaskStatusExecution] 29787a82-7f21-42fb-b29e-68fef013f5a1 [2026-07-30T02:27:44.469602] Deploying "src/gen/data/myfranchise-StatusUnidade.hdbtabledata$0.expand"... ok (0s 83ms) (STDOUT, APP/TASK/deploy)#
#2026 07 30 02:50:34.295#Z#DEBUG#3ed74488-8bc1-11f1-85f0-eeee0a91cfe7.myfranchise-db-deployer#flowable-async-job-executor-thread-62858#
[PollExecuteTaskStatusExecution] 29787a82-7f21-42fb-b29e-68fef013f5a1 [2026-07-30T02:27:44.469603] Deploying "src/gen/FranqueadoService.TipoAlerta_texts.hdbview"... (STDOUT, APP/TASK/deploy)#
#2026 07 30 02:50:34.295#Z#DEBUG#3ed74488-8bc1-11f1-85f0-eeee0a91cfe7.myfranchise-db-deployer#flowable-async-job-executor-thread-62858#
[PollExecuteTaskStatusExecution] 29787a82-7f21-42fb-b29e-68fef013f5a1 [2026-07-30T02:27:44.469605] Deploying "src/gen/FranqueadoraService.TarefasOnboarding.hdbview"... ok (0s 25ms) (STDOUT, APP/TASK/deploy)#
#2026 07 30 02:50:34.295#Z#DEBUG#3ed74488-8bc1-11f1-85f0-eeee0a91cfe7.myfranchise-db-deployer#flowable-async-job-executor-thread-62858#
[PollExecuteTaskStatusExecution] 29787a82-7f21-42fb-b29e-68fef013f5a1 [2026-07-30T02:27:44.469607] Deploying "src/gen/FranqueadoraService.TipoAlerta_texts.hdbview"... (STDOUT, APP/TASK/deploy)#
#2026 07 30 02:50:34.295#Z#DEBUG#3ed74488-8bc1-11f1-85f0-eeee0a91cfe7.myfranchise-db-deployer#flowable-async-job-executor-thread-62858#
[PollExecuteTaskStatusExecution] 29787a82-7f21-42fb-b29e-68fef013f5a1 [2026-07-30T02:27:44.469608] Deploying "src/gen/FranqueadoraService.TipoAlerta_texts.hdbview"... ok (0s 19ms) (STDOUT, APP/TASK/deploy)#
#2026 07 30 02:50:34.295#Z#DEBUG#3ed74488-8bc1-11f1-85f0-eeee0a91cfe7.myfranchise-db-deployer#flowable-async-job-executor-thread-62858#
[PollExecuteTaskStatusExecution] 29787a82-7f21-42fb-b29e-68fef013f5a1 [2026-07-30T02:27:44.469610] Deploying "src/gen/data/myfranchise-TipoDesvio.hdbtabledata$0.expand"... (STDOUT, APP/TASK/deploy)#
#2026 07 30 02:50:34.295#Z#DEBUG#3ed74488-8bc1-11f1-85f0-eeee0a91cfe7.myfranchise-db-deployer#flowable-async-job-executor-thread-62858#
[PollExecuteTaskStatusExecution] 29787a82-7f21-42fb-b29e-68fef013f5a1 [2026-07-30T02:27:44.469612] Expanded from "src/gen/data/myfranchise-TipoDesvio.hdbtabledata" (STDOUT, APP/TASK/deploy)#
#2026 07 30 02:50:34.295#Z#DEBUG#3ed74488-8bc1-11f1-85f0-eeee0a91cfe7.myfranchise-db-deployer#flowable-async-job-executor-thread-62858#
[PollExecuteTaskStatusExecution] 29787a82-7f21-42fb-b29e-68fef013f5a1 [2026-07-30T02:27:44.469614] Deploying "src/gen/FranqueadoService.TipoAlerta_texts.hdbview"... ok (0s 21ms) (STDOUT, APP/TASK/deploy)#
#2026 07 30 02:50:34.295#Z#DEBUG#3ed74488-8bc1-11f1-85f0-eeee0a91cfe7.myfranchise-db-deployer#flowable-async-job-executor-thread-62858#
[PollExecuteTaskStatusExecution] 29787a82-7f21-42fb-b29e-68fef013f5a1 [2026-07-30T02:27:44.469615] Deploying "src/gen/FranqueadoService.TipoDesvio_texts.hdbview"... (STDOUT, APP/TASK/deploy)#
#2026 07 30 02:50:34.295#Z#DEBUG#3ed74488-8bc1-11f1-85f0-eeee0a91cfe7.myfranchise-db-deployer#flowable-async-job-executor-thread-62858#
[PollExecuteTaskStatusExecution] 29787a82-7f21-42fb-b29e-68fef013f5a1 [2026-07-30T02:27:44.469617] Deploying "src/gen/FranqueadoService.TipoDesvio_texts.hdbview"... ok (0s 13ms) (STDOUT, APP/TASK/deploy)#
#2026 07 30 02:50:34.295#Z#DEBUG#3ed74488-8bc1-11f1-85f0-eeee0a91cfe7.myfranchise-db-deployer#flowable-async-job-executor-thread-62858#
[PollExecuteTaskStatusExecution] 29787a82-7f21-42fb-b29e-68fef013f5a1 [2026-07-30T02:27:44.469625] Deploying "src/gen/FranqueadoraService.TipoDesvio_texts.hdbview"... (STDOUT, APP/TASK/deploy)#
#2026 07 30 02:50:34.295#Z#DEBUG#3ed74488-8bc1-11f1-85f0-eeee0a91cfe7.myfranchise-db-deployer#flowable-async-job-executor-thread-62858#
[PollExecuteTaskStatusExecution] 29787a82-7f21-42fb-b29e-68fef013f5a1 [2026-07-30T02:27:44.469627] Deploying "src/gen/FranqueadoraService.TipoDesvio_texts.hdbview"... ok (0s 19ms) (STDOUT, APP/TASK/deploy)#
#2026 07 30 02:50:34.295#Z#DEBUG#3ed74488-8bc1-11f1-85f0-eeee0a91cfe7.myfranchise-db-deployer#flowable-async-job-executor-thread-62858#
[PollExecuteTaskStatusExecution] 29787a82-7f21-42fb-b29e-68fef013f5a1 [2026-07-30T02:27:44.469628] Deploying "src/gen/data/myfranchise-TipoDocumento.hdbtabledata$0.expand"... (STDOUT, APP/TASK/deploy)#
#2026 07 30 02:50:34.295#Z#DEBUG#3ed74488-8bc1-11f1-85f0-eeee0a91cfe7.myfranchise-db-deployer#flowable-async-job-executor-thread-62858#
[PollExecuteTaskStatusExecution] 29787a82-7f21-42fb-b29e-68fef013f5a1 [2026-07-30T02:27:44.470281] Expanded from "src/gen/data/myfranchise-TipoDocumento.hdbtabledata" (STDOUT, APP/TASK/deploy)#
#2026 07 30 02:50:34.295#Z#DEBUG#3ed74488-8bc1-11f1-85f0-eeee0a91cfe7.myfranchise-db-deployer#flowable-async-job-executor-thread-62858#
[PollExecuteTaskStatusExecution] 29787a82-7f21-42fb-b29e-68fef013f5a1 [2026-07-30T02:27:44.470286] Inserted 4 records of the data source file "myfranchise-TipoAlerta.csv" into the target table "MYFRANCHISE_TIPOALERTA" (STDOUT, APP/TASK/deploy)#
#2026 07 30 02:50:34.295#Z#DEBUG#3ed74488-8bc1-11f1-85f0-eeee0a91cfe7.myfranchise-db-deployer#flowable-async-job-executor-thread-62858#
[PollExecuteTaskStatusExecution] 29787a82-7f21-42fb-b29e-68fef013f5a1 [2026-07-30T02:27:44.470287] Deploying "src/gen/data/myfranchise-TipoAlerta.hdbtabledata$0.expand"... ok (0s 82ms) (STDOUT, APP/TASK/deploy)#
#2026 07 30 02:50:34.295#Z#DEBUG#3ed74488-8bc1-11f1-85f0-eeee0a91cfe7.myfranchise-db-deployer#flowable-async-job-executor-thread-62858#
[PollExecuteTaskStatusExecution] 29787a82-7f21-42fb-b29e-68fef013f5a1 [2026-07-30T02:27:44.470289] Deploying "src/gen/FranqueadoService.TipoDocumento_texts.hdbview"... (STDOUT, APP/TASK/deploy)#
#2026 07 30 02:50:34.295#Z#DEBUG#3ed74488-8bc1-11f1-85f0-eeee0a91cfe7.myfranchise-db-deployer#flowable-async-job-executor-thread-62858#
[PollExecuteTaskStatusExecution] 29787a82-7f21-42fb-b29e-68fef013f5a1 [2026-07-30T02:27:44.470327] Deploying "src/gen/FranqueadoService.TipoDocumento_texts.hdbview"... ok (0s 19ms) (STDOUT, APP/TASK/deploy)#
#2026 07 30 02:50:34.295#Z#DEBUG#3ed74488-8bc1-11f1-85f0-eeee0a91cfe7.myfranchise-db-deployer#flowable-async-job-executor-thread-62858#
[PollExecuteTaskStatusExecution] 29787a82-7f21-42fb-b29e-68fef013f5a1 [2026-07-30T02:27:44.470330] Deploying "src/gen/FranqueadoraService.TipoDocumento_texts.hdbview"... (STDOUT, APP/TASK/deploy)#
#2026 07 30 02:50:34.295#Z#DEBUG#3ed74488-8bc1-11f1-85f0-eeee0a91cfe7.myfranchise-db-deployer#flowable-async-job-executor-thread-62858#
[PollExecuteTaskStatusExecution] 29787a82-7f21-42fb-b29e-68fef013f5a1 [2026-07-30T02:27:44.470332] Inserted 3 records of the data source file "myfranchise-TipoDesvio.csv" into the target table "MYFRANCHISE_TIPODESVIO" (STDOUT, APP/TASK/deploy)#
#2026 07 30 02:50:34.295#Z#DEBUG#3ed74488-8bc1-11f1-85f0-eeee0a91cfe7.myfranchise-db-deployer#flowable-async-job-executor-thread-62858#
[PollExecuteTaskStatusExecution] 29787a82-7f21-42fb-b29e-68fef013f5a1 [2026-07-30T02:27:44.470402] Deploying "src/gen/data/myfranchise-TipoDesvio.hdbtabledata$0.expand"... ok (0s 72ms) (STDOUT, APP/TASK/deploy)#
#2026 07 30 02:50:34.295#Z#DEBUG#3ed74488-8bc1-11f1-85f0-eeee0a91cfe7.myfranchise-db-deployer#flowable-async-job-executor-thread-62858#
[PollExecuteTaskStatusExecution] 29787a82-7f21-42fb-b29e-68fef013f5a1 [2026-07-30T02:27:44.470406] Deploying "src/gen/data/myfranchise-TipoRecomendacao.hdbtabledata$0.expand"... (STDOUT, APP/TASK/deploy)#
#2026 07 30 02:50:34.295#Z#DEBUG#3ed74488-8bc1-11f1-85f0-eeee0a91cfe7.myfranchise-db-deployer#flowable-async-job-executor-thread-62858#
[PollExecuteTaskStatusExecution] 29787a82-7f21-42fb-b29e-68fef013f5a1 [2026-07-30T02:27:44.470409] Expanded from "src/gen/data/myfranchise-TipoRecomendacao.hdbtabledata" (STDOUT, APP/TASK/deploy)#
#2026 07 30 02:50:34.295#Z#DEBUG#3ed74488-8bc1-11f1-85f0-eeee0a91cfe7.myfranchise-db-deployer#flowable-async-job-executor-thread-62858#
[PollExecuteTaskStatusExecution] 29787a82-7f21-42fb-b29e-68fef013f5a1 [2026-07-30T02:27:44.470412] Deploying "src/gen/FranqueadoraService.TipoDocumento_texts.hdbview"... ok (0s 16ms) (STDOUT, APP/TASK/deploy)#
#2026 07 30 02:50:34.295#Z#DEBUG#3ed74488-8bc1-11f1-85f0-eeee0a91cfe7.myfranchise-db-deployer#flowable-async-job-executor-thread-62858#
[PollExecuteTaskStatusExecution] 29787a82-7f21-42fb-b29e-68fef013f5a1 [2026-07-30T02:27:44.470415] Deploying "src/gen/FranqueadoService.TipoRecomendacao_texts.hdbview"... (STDOUT, APP/TASK/deploy)#
#2026 07 30 02:50:34.295#Z#DEBUG#3ed74488-8bc1-11f1-85f0-eeee0a91cfe7.myfranchise-db-deployer#flowable-async-job-executor-thread-62858#
[PollExecuteTaskStatusExecution] 29787a82-7f21-42fb-b29e-68fef013f5a1 [2026-07-30T02:27:44.470418] Deploying "src/gen/FranqueadoService.TipoRecomendacao_texts.hdbview"... ok (0s 12ms) (STDOUT, APP/TASK/deploy)#
#2026 07 30 02:50:34.295#Z#DEBUG#3ed74488-8bc1-11f1-85f0-eeee0a91cfe7.myfranchise-db-deployer#flowable-async-job-executor-thread-62858#
[PollExecuteTaskStatusExecution] 29787a82-7f21-42fb-b29e-68fef013f5a1 [2026-07-30T02:27:44.470420] Deploying "src/gen/FranqueadoraService.TipoRecomendacao_texts.hdbview"... (STDOUT, APP/TASK/deploy)#
#2026 07 30 02:50:34.295#Z#DEBUG#3ed74488-8bc1-11f1-85f0-eeee0a91cfe7.myfranchise-db-deployer#flowable-async-job-executor-thread-62858#
[PollExecuteTaskStatusExecution] 29787a82-7f21-42fb-b29e-68fef013f5a1 [2026-07-30T02:27:44.470424] Deploying "src/gen/FranqueadoraService.TipoRecomendacao_texts.hdbview"... ok (0s 19ms) (STDOUT, APP/TASK/deploy)#
#2026 07 30 02:50:34.295#Z#DEBUG#3ed74488-8bc1-11f1-85f0-eeee0a91cfe7.myfranchise-db-deployer#flowable-async-job-executor-thread-62858#
[PollExecuteTaskStatusExecution] 29787a82-7f21-42fb-b29e-68fef013f5a1 [2026-07-30T02:27:44.470426] Deploying "src/gen/data/myfranchise-Unidades.hdbtabledata$0.expand"... (STDOUT, APP/TASK/deploy)#
#2026 07 30 02:50:34.295#Z#DEBUG#3ed74488-8bc1-11f1-85f0-eeee0a91cfe7.myfranchise-db-deployer#flowable-async-job-executor-thread-62858#
[PollExecuteTaskStatusExecution] 29787a82-7f21-42fb-b29e-68fef013f5a1 [2026-07-30T02:27:44.470428] Expanded from "src/gen/data/myfranchise-Unidades.hdbtabledata" (STDOUT, APP/TASK/deploy)#
#2026 07 30 02:50:34.295#Z#DEBUG#3ed74488-8bc1-11f1-85f0-eeee0a91cfe7.myfranchise-db-deployer#flowable-async-job-executor-thread-62858#
[PollExecuteTaskStatusExecution] 29787a82-7f21-42fb-b29e-68fef013f5a1 [2026-07-30T02:27:44.470432] Inserted 5 records of the data source file "myfranchise-TipoDocumento.csv" into the target table "MYFRANCHISE_TIPODOCUMENTO" (STDOUT, APP/TASK/deploy)#
#2026 07 30 02:50:34.295#Z#DEBUG#3ed74488-8bc1-11f1-85f0-eeee0a91cfe7.myfranchise-db-deployer#flowable-async-job-executor-thread-62858#
[PollExecuteTaskStatusExecution] 29787a82-7f21-42fb-b29e-68fef013f5a1 [2026-07-30T02:27:44.470433] Deploying "src/gen/data/myfranchise-TipoDocumento.hdbtabledata$0.expand"... ok (0s 79ms) (STDOUT, APP/TASK/deploy)#
#2026 07 30 02:50:34.295#Z#DEBUG#3ed74488-8bc1-11f1-85f0-eeee0a91cfe7.myfranchise-db-deployer#flowable-async-job-executor-thread-62858#
[PollExecuteTaskStatusExecution] 29787a82-7f21-42fb-b29e-68fef013f5a1 [2026-07-30T02:27:44.470435] Deploying "src/gen/data/myfranchise-VendaPraticada.hdbtabledata$0.expand"... (STDOUT, APP/TASK/deploy)#
#2026 07 30 02:50:34.295#Z#DEBUG#3ed74488-8bc1-11f1-85f0-eeee0a91cfe7.myfranchise-db-deployer#flowable-async-job-executor-thread-62858#
[PollExecuteTaskStatusExecution] 29787a82-7f21-42fb-b29e-68fef013f5a1 [2026-07-30T02:27:44.470437] Expanded from "src/gen/data/myfranchise-VendaPraticada.hdbtabledata" (STDOUT, APP/TASK/deploy)#
#2026 07 30 02:50:34.295#Z#DEBUG#3ed74488-8bc1-11f1-85f0-eeee0a91cfe7.myfranchise-db-deployer#flowable-async-job-executor-thread-62858#
[PollExecuteTaskStatusExecution] 29787a82-7f21-42fb-b29e-68fef013f5a1 [2026-07-30T02:27:44.470438] Inserted 5 records of the data source file "myfranchise-TipoRecomendacao.csv" into the target table "MYFRANCHISE_TIPORECOMENDACAO" (STDOUT, APP/TASK/deploy)#
#2026 07 30 02:50:34.295#Z#DEBUG#3ed74488-8bc1-11f1-85f0-eeee0a91cfe7.myfranchise-db-deployer#flowable-async-job-executor-thread-62858#
[PollExecuteTaskStatusExecution] 29787a82-7f21-42fb-b29e-68fef013f5a1 [2026-07-30T02:27:44.470442] Deploying "src/gen/data/myfranchise-TipoRecomendacao.hdbtabledata$0.expand"... ok (0s 58ms) (STDOUT, APP/TASK/deploy)#
#2026 07 30 02:50:34.295#Z#DEBUG#3ed74488-8bc1-11f1-85f0-eeee0a91cfe7.myfranchise-db-deployer#flowable-async-job-executor-thread-62858#
[PollExecuteTaskStatusExecution] 29787a82-7f21-42fb-b29e-68fef013f5a1 [2026-07-30T02:27:44.470444] Deploying "src/gen/FranqueadoraService.Catalogos.hdbview"... (STDOUT, APP/TASK/deploy)#
#2026 07 30 02:50:34.295#Z#DEBUG#3ed74488-8bc1-11f1-85f0-eeee0a91cfe7.myfranchise-db-deployer#flowable-async-job-executor-thread-62858#
[PollExecuteTaskStatusExecution] 29787a82-7f21-42fb-b29e-68fef013f5a1 [2026-07-30T02:27:44.470445] Deploying "src/gen/FranqueadoraService.Catalogos.hdbview"... ok (0s 15ms) (STDOUT, APP/TASK/deploy)#
#2026 07 30 02:50:34.295#Z#DEBUG#3ed74488-8bc1-11f1-85f0-eeee0a91cfe7.myfranchise-db-deployer#flowable-async-job-executor-thread-62858#
[PollExecuteTaskStatusExecution] 29787a82-7f21-42fb-b29e-68fef013f5a1 [2026-07-30T02:27:44.470447] Deploying "src/gen/FranqueadoService.BenchmarkMeuCluster.hdbview"... (STDOUT, APP/TASK/deploy)#
#2026 07 30 02:50:34.295#Z#DEBUG#3ed74488-8bc1-11f1-85f0-eeee0a91cfe7.myfranchise-db-deployer#flowable-async-job-executor-thread-62858#
[PollExecuteTaskStatusExecution] 29787a82-7f21-42fb-b29e-68fef013f5a1 [2026-07-30T02:27:44.470448] Deploying "src/gen/FranqueadoService.BenchmarkMeuCluster.hdbview"... ok (0s 25ms) (STDOUT, APP/TASK/deploy)#
#2026 07 30 02:50:34.296#Z#DEBUG#3ed74488-8bc1-11f1-85f0-eeee0a91cfe7.myfranchise-db-deployer#flowable-async-job-executor-thread-62858#
[PollExecuteTaskStatusExecution] 29787a82-7f21-42fb-b29e-68fef013f5a1 [2026-07-30T02:27:44.470450] Deploying "src/gen/FranqueadoraService.Benchmark_Cluster.hdbview"... (STDOUT, APP/TASK/deploy)#
#2026 07 30 02:50:34.296#Z#DEBUG#3ed74488-8bc1-11f1-85f0-eeee0a91cfe7.myfranchise-db-deployer#flowable-async-job-executor-thread-62858#
[PollExecuteTaskStatusExecution] 29787a82-7f21-42fb-b29e-68fef013f5a1 [2026-07-30T02:27:44.470452] Inserted 20 records of the data source file "myfranchise-Unidades.csv" into the target table "MYFRANCHISE_UNIDADES" (STDOUT, APP/TASK/deploy)#
#2026 07 30 02:50:34.296#Z#DEBUG#3ed74488-8bc1-11f1-85f0-eeee0a91cfe7.myfranchise-db-deployer#flowable-async-job-executor-thread-62858#
[PollExecuteTaskStatusExecution] 29787a82-7f21-42fb-b29e-68fef013f5a1 [2026-07-30T02:27:44.470454] Deploying "src/gen/data/myfranchise-Unidades.hdbtabledata$0.expand"... ok (0s 72ms) (STDOUT, APP/TASK/deploy)#
#2026 07 30 02:50:34.296#Z#DEBUG#3ed74488-8bc1-11f1-85f0-eeee0a91cfe7.myfranchise-db-deployer#flowable-async-job-executor-thread-62858#
[PollExecuteTaskStatusExecution] 29787a82-7f21-42fb-b29e-68fef013f5a1 [2026-07-30T02:27:44.470455] Deploying "src/gen/FranqueadoService.MeusAlertas.hdbview"... (STDOUT, APP/TASK/deploy)#
#2026 07 30 02:50:34.296#Z#DEBUG#3ed74488-8bc1-11f1-85f0-eeee0a91cfe7.myfranchise-db-deployer#flowable-async-job-executor-thread-62858#
[PollExecuteTaskStatusExecution] 29787a82-7f21-42fb-b29e-68fef013f5a1 [2026-07-30T02:27:44.470457] Inserted 16 records of the data source file "myfranchise-VendaPraticada.csv" into the target table "MYFRANCHISE_VENDAPRATICADA" (STDOUT, APP/TASK/deploy)#
#2026 07 30 02:50:34.296#Z#DEBUG#3ed74488-8bc1-11f1-85f0-eeee0a91cfe7.myfranchise-db-deployer#flowable-async-job-executor-thread-62858#
[PollExecuteTaskStatusExecution] 29787a82-7f21-42fb-b29e-68fef013f5a1 [2026-07-30T02:27:44.470458] Deploying "src/gen/data/myfranchise-VendaPraticada.hdbtabledata$0.expand"... ok (0s 90ms) (STDOUT, APP/TASK/deploy)#
#2026 07 30 02:50:34.296#Z#DEBUG#3ed74488-8bc1-11f1-85f0-eeee0a91cfe7.myfranchise-db-deployer#flowable-async-job-executor-thread-62858#
[PollExecuteTaskStatusExecution] 29787a82-7f21-42fb-b29e-68fef013f5a1 [2026-07-30T02:27:44.470460] Deploying "src/gen/FranqueadoraService.Alertas.hdbview"... (STDOUT, APP/TASK/deploy)#
#2026 07 30 02:50:34.296#Z#DEBUG#3ed74488-8bc1-11f1-85f0-eeee0a91cfe7.myfranchise-db-deployer#flowable-async-job-executor-thread-62858#
[PollExecuteTaskStatusExecution] 29787a82-7f21-42fb-b29e-68fef013f5a1 [2026-07-30T02:27:44.470462] Deploying "src/gen/FranqueadoraService.Benchmark_Cluster.hdbview"... ok (0s 33ms) (STDOUT, APP/TASK/deploy)#
#2026 07 30 02:50:34.296#Z#DEBUG#3ed74488-8bc1-11f1-85f0-eeee0a91cfe7.myfranchise-db-deployer#flowable-async-job-executor-thread-62858#
[PollExecuteTaskStatusExecution] 29787a82-7f21-42fb-b29e-68fef013f5a1 [2026-07-30T02:27:44.470464] Deploying "src/gen/FranqueadoService.Cluster.hdbview"... (STDOUT, APP/TASK/deploy)#
#2026 07 30 02:50:34.296#Z#DEBUG#3ed74488-8bc1-11f1-85f0-eeee0a91cfe7.myfranchise-db-deployer#flowable-async-job-executor-thread-62858#
[PollExecuteTaskStatusExecution] 29787a82-7f21-42fb-b29e-68fef013f5a1 [2026-07-30T02:27:44.470465] Deploying "src/gen/FranqueadoService.MeusAlertas.hdbview"... ok (0s 27ms) (STDOUT, APP/TASK/deploy)#
#2026 07 30 02:50:34.296#Z#DEBUG#3ed74488-8bc1-11f1-85f0-eeee0a91cfe7.myfranchise-db-deployer#flowable-async-job-executor-thread-62858#
[PollExecuteTaskStatusExecution] 29787a82-7f21-42fb-b29e-68fef013f5a1 [2026-07-30T02:27:44.470466] Deploying "src/gen/FranqueadoraService.Cluster.hdbview"... (STDOUT, APP/TASK/deploy)#
#2026 07 30 02:50:34.296#Z#DEBUG#3ed74488-8bc1-11f1-85f0-eeee0a91cfe7.myfranchise-db-deployer#flowable-async-job-executor-thread-62858#
[PollExecuteTaskStatusExecution] 29787a82-7f21-42fb-b29e-68fef013f5a1 [2026-07-30T02:27:44.470468] Deploying "src/gen/FranqueadoraService.Alertas.hdbview"... ok (0s 27ms) (STDOUT, APP/TASK/deploy)#
#2026 07 30 02:50:34.296#Z#DEBUG#3ed74488-8bc1-11f1-85f0-eeee0a91cfe7.myfranchise-db-deployer#flowable-async-job-executor-thread-62858#
[PollExecuteTaskStatusExecution] 29787a82-7f21-42fb-b29e-68fef013f5a1 [2026-07-30T02:27:44.470469] Deploying "src/gen/localized.myfranchise.Cluster.hdbview"... (STDOUT, APP/TASK/deploy)#
#2026 07 30 02:50:34.296#Z#DEBUG#3ed74488-8bc1-11f1-85f0-eeee0a91cfe7.myfranchise-db-deployer#flowable-async-job-executor-thread-62858#
[PollExecuteTaskStatusExecution] 29787a82-7f21-42fb-b29e-68fef013f5a1 [2026-07-30T02:27:44.470470] Deploying "src/gen/FranqueadoService.Cluster.hdbview"... ok (0s 27ms) (STDOUT, APP/TASK/deploy)#
#2026 07 30 02:50:34.296#Z#DEBUG#3ed74488-8bc1-11f1-85f0-eeee0a91cfe7.myfranchise-db-deployer#flowable-async-job-executor-thread-62858#
[PollExecuteTaskStatusExecution] 29787a82-7f21-42fb-b29e-68fef013f5a1 [2026-07-30T02:27:44.470472] Deploying "src/gen/FranqueadoService.MeuContrato.hdbview"... (STDOUT, APP/TASK/deploy)#
#2026 07 30 02:50:34.296#Z#DEBUG#3ed74488-8bc1-11f1-85f0-eeee0a91cfe7.myfranchise-db-deployer#flowable-async-job-executor-thread-62858#
[PollExecuteTaskStatusExecution] 29787a82-7f21-42fb-b29e-68fef013f5a1 [2026-07-30T02:27:44.470476] Deploying "src/gen/FranqueadoraService.Cluster.hdbview"... ok (0s 27ms) (STDOUT, APP/TASK/deploy)#
#2026 07 30 02:50:34.296#Z#DEBUG#3ed74488-8bc1-11f1-85f0-eeee0a91cfe7.myfranchise-db-deployer#flowable-async-job-executor-thread-62858#
[PollExecuteTaskStatusExecution] 29787a82-7f21-42fb-b29e-68fef013f5a1 [2026-07-30T02:27:44.470478] Deploying "src/gen/FranqueadoraService.Contratos_Franquia.hdbview"... (STDOUT, APP/TASK/deploy)#
#2026 07 30 02:50:34.296#Z#DEBUG#3ed74488-8bc1-11f1-85f0-eeee0a91cfe7.myfranchise-db-deployer#flowable-async-job-executor-thread-62858#
[PollExecuteTaskStatusExecution] 29787a82-7f21-42fb-b29e-68fef013f5a1 [2026-07-30T02:27:44.470480] Deploying "src/gen/localized.myfranchise.Cluster.hdbview"... ok (0s 33ms) (STDOUT, APP/TASK/deploy)#
#2026 07 30 02:50:34.296#Z#DEBUG#3ed74488-8bc1-11f1-85f0-eeee0a91cfe7.myfranchise-db-deployer#flowable-async-job-executor-thread-62858#
[PollExecuteTaskStatusExecution] 29787a82-7f21-42fb-b29e-68fef013f5a1 [2026-07-30T02:27:44.470483] Deploying "src/gen/FranqueadoService.MeusDesvios.hdbview"... (STDOUT, APP/TASK/deploy)#
#2026 07 30 02:50:34.296#Z#DEBUG#3ed74488-8bc1-11f1-85f0-eeee0a91cfe7.myfranchise-db-deployer#flowable-async-job-executor-thread-62858#
[PollExecuteTaskStatusExecution] 29787a82-7f21-42fb-b29e-68fef013f5a1 [2026-07-30T02:27:44.470485] Deploying "src/gen/FranqueadoService.MeuContrato.hdbview"... ok (0s 33ms) (STDOUT, APP/TASK/deploy)#
#2026 07 30 02:50:34.296#Z#DEBUG#3ed74488-8bc1-11f1-85f0-eeee0a91cfe7.myfranchise-db-deployer#flowable-async-job-executor-thread-62858#
[PollExecuteTaskStatusExecution] 29787a82-7f21-42fb-b29e-68fef013f5a1 [2026-07-30T02:27:44.470486] Deploying "src/gen/FranqueadoraService.Desvios.hdbview"... (STDOUT, APP/TASK/deploy)#
#2026 07 30 02:50:34.296#Z#DEBUG#3ed74488-8bc1-11f1-85f0-eeee0a91cfe7.myfranchise-db-deployer#flowable-async-job-executor-thread-62858#
[PollExecuteTaskStatusExecution] 29787a82-7f21-42fb-b29e-68fef013f5a1 [2026-07-30T02:27:44.470510] Deploying "src/gen/FranqueadoraService.Contratos_Franquia.hdbview"... ok (0s 33ms) (STDOUT, APP/TASK/deploy)#
#2026 07 30 02:50:34.296#Z#DEBUG#3ed74488-8bc1-11f1-85f0-eeee0a91cfe7.myfranchise-db-deployer#flowable-async-job-executor-thread-62858#
[PollExecuteTaskStatusExecution] 29787a82-7f21-42fb-b29e-68fef013f5a1 [2026-07-30T02:27:44.470512] Deploying "src/gen/FranqueadoraService.Franqueados.hdbview"... (STDOUT, APP/TASK/deploy)#
#2026 07 30 02:50:34.296#Z#DEBUG#3ed74488-8bc1-11f1-85f0-eeee0a91cfe7.myfranchise-db-deployer#flowable-async-job-executor-thread-62858#
[PollExecuteTaskStatusExecution] 29787a82-7f21-42fb-b29e-68fef013f5a1 [2026-07-30T02:27:44.470515] Deploying "src/gen/FranqueadoService.MeusDesvios.hdbview"... ok (0s 34ms) (STDOUT, APP/TASK/deploy)#
#2026 07 30 02:50:34.296#Z#DEBUG#3ed74488-8bc1-11f1-85f0-eeee0a91cfe7.myfranchise-db-deployer#flowable-async-job-executor-thread-62858#
[PollExecuteTaskStatusExecution] 29787a82-7f21-42fb-b29e-68fef013f5a1 [2026-07-30T02:27:44.470517] Deploying "src/gen/FranqueadoraService.ItensCatalogo.hdbview"... (STDOUT, APP/TASK/deploy)#
#2026 07 30 02:50:34.296#Z#DEBUG#3ed74488-8bc1-11f1-85f0-eeee0a91cfe7.myfranchise-db-deployer#flowable-async-job-executor-thread-62858#
[PollExecuteTaskStatusExecution] 29787a82-7f21-42fb-b29e-68fef013f5a1 [2026-07-30T02:27:44.470518] Deploying "src/gen/FranqueadoraService.Desvios.hdbview"... ok (0s 34ms) (STDOUT, APP/TASK/deploy)#
#2026 07 30 02:50:34.296#Z#DEBUG#3ed74488-8bc1-11f1-85f0-eeee0a91cfe7.myfranchise-db-deployer#flowable-async-job-executor-thread-62858#
[PollExecuteTaskStatusExecution] 29787a82-7f21-42fb-b29e-68fef013f5a1 [2026-07-30T02:27:44.470563] Deploying "src/gen/FranqueadoService.MinhasNotificacoes.hdbview"... (STDOUT, APP/TASK/deploy)#
#2026 07 30 02:50:34.296#Z#DEBUG#3ed74488-8bc1-11f1-85f0-eeee0a91cfe7.myfranchise-db-deployer#flowable-async-job-executor-thread-62858#
[PollExecuteTaskStatusExecution] 29787a82-7f21-42fb-b29e-68fef013f5a1 [2026-07-30T02:27:44.470565] Deploying "src/gen/FranqueadoraService.Franqueados.hdbview"... ok (0s 34ms) (STDOUT, APP/TASK/deploy)#
#2026 07 30 02:50:34.296#Z#DEBUG#3ed74488-8bc1-11f1-85f0-eeee0a91cfe7.myfranchise-db-deployer#flowable-async-job-executor-thread-62858#
[PollExecuteTaskStatusExecution] 29787a82-7f21-42fb-b29e-68fef013f5a1 [2026-07-30T02:27:44.470567] Deploying "src/gen/FranqueadoraService.NotificacoesCompliance.hdbview"... (STDOUT, APP/TASK/deploy)#
#2026 07 30 02:50:34.296#Z#DEBUG#3ed74488-8bc1-11f1-85f0-eeee0a91cfe7.myfranchise-db-deployer#flowable-async-job-executor-thread-62858#
[PollExecuteTaskStatusExecution] 29787a82-7f21-42fb-b29e-68fef013f5a1 [2026-07-30T02:27:44.470569] Deploying "src/gen/FranqueadoService.MinhasNotificacoes.hdbview"... ok (0s 30ms) (STDOUT, APP/TASK/deploy)#
#2026 07 30 02:50:34.296#Z#DEBUG#3ed74488-8bc1-11f1-85f0-eeee0a91cfe7.myfranchise-db-deployer#flowable-async-job-executor-thread-62858#
[PollExecuteTaskStatusExecution] 29787a82-7f21-42fb-b29e-68fef013f5a1 [2026-07-30T02:27:44.470570] Deploying "src/gen/FranqueadoService.MeusKPIs.hdbview"... (STDOUT, APP/TASK/deploy)#
#2026 07 30 02:50:34.296#Z#DEBUG#3ed74488-8bc1-11f1-85f0-eeee0a91cfe7.myfranchise-db-deployer#flowable-async-job-executor-thread-62858#
[PollExecuteTaskStatusExecution] 29787a82-7f21-42fb-b29e-68fef013f5a1 [2026-07-30T02:27:44.470574] Deploying "src/gen/FranqueadoraService.ItensCatalogo.hdbview"... ok (0s 31ms) (STDOUT, APP/TASK/deploy)#
#2026 07 30 02:50:34.296#Z#DEBUG#3ed74488-8bc1-11f1-85f0-eeee0a91cfe7.myfranchise-db-deployer#flowable-async-job-executor-thread-62858#
[PollExecuteTaskStatusExecution] 29787a82-7f21-42fb-b29e-68fef013f5a1 [2026-07-30T02:27:44.470576] Deploying "src/gen/FranqueadoraService.KPI_Unidade.hdbview"... (STDOUT, APP/TASK/deploy)#
#2026 07 30 02:50:34.296#Z#DEBUG#3ed74488-8bc1-11f1-85f0-eeee0a91cfe7.myfranchise-db-deployer#flowable-async-job-executor-thread-62858#
[PollExecuteTaskStatusExecution] 29787a82-7f21-42fb-b29e-68fef013f5a1 [2026-07-30T02:27:44.470577] Deploying "src/gen/FranqueadoraService.NotificacoesCompliance.hdbview"... ok (0s 30ms) (STDOUT, APP/TASK/deploy)#
#2026 07 30 02:50:34.296#Z#DEBUG#3ed74488-8bc1-11f1-85f0-eeee0a91cfe7.myfranchise-db-deployer#flowable-async-job-executor-thread-62858#
[PollExecuteTaskStatusExecution] 29787a82-7f21-42fb-b29e-68fef013f5a1 [2026-07-30T02:27:44.470579] Deploying "src/gen/FranqueadoService.Prioridade.hdbview"... (STDOUT, APP/TASK/deploy)#
#2026 07 30 02:50:34.296#Z#DEBUG#3ed74488-8bc1-11f1-85f0-eeee0a91cfe7.myfranchise-db-deployer#flowable-async-job-executor-thread-62858#
[PollExecuteTaskStatusExecution] 29787a82-7f21-42fb-b29e-68fef013f5a1 [2026-07-30T02:27:44.470580] Deploying "src/gen/FranqueadoService.MeusKPIs.hdbview"... ok (0s 32ms) (STDOUT, APP/TASK/deploy)#
#2026 07 30 02:50:34.296#Z#DEBUG#3ed74488-8bc1-11f1-85f0-eeee0a91cfe7.myfranchise-db-deployer#flowable-async-job-executor-thread-62858#
[PollExecuteTaskStatusExecution] 29787a82-7f21-42fb-b29e-68fef013f5a1 [2026-07-30T02:27:44.470582] Deploying "src/gen/FranqueadoraService.Prioridade.hdbview"... (STDOUT, APP/TASK/deploy)#
#2026 07 30 02:50:34.296#Z#DEBUG#3ed74488-8bc1-11f1-85f0-eeee0a91cfe7.myfranchise-db-deployer#flowable-async-job-executor-thread-62858#
[PollExecuteTaskStatusExecution] 29787a82-7f21-42fb-b29e-68fef013f5a1 [2026-07-30T02:27:44.470583] Deploying "src/gen/FranqueadoService.Prioridade.hdbview"... ok (0s 32ms) (STDOUT, APP/TASK/deploy)#
#2026 07 30 02:50:34.296#Z#DEBUG#3ed74488-8bc1-11f1-85f0-eeee0a91cfe7.myfranchise-db-deployer#flowable-async-job-executor-thread-62858#
[PollExecuteTaskStatusExecution] 29787a82-7f21-42fb-b29e-68fef013f5a1 [2026-07-30T02:27:44.470585] Deploying "src/gen/localized.myfranchise.Prioridade.hdbview"... (STDOUT, APP/TASK/deploy)#
#2026 07 30 02:50:34.296#Z#DEBUG#3ed74488-8bc1-11f1-85f0-eeee0a91cfe7.myfranchise-db-deployer#flowable-async-job-executor-thread-62858#
[PollExecuteTaskStatusExecution] 29787a82-7f21-42fb-b29e-68fef013f5a1 [2026-07-30T02:27:44.470588] Deploying "src/gen/FranqueadoraService.KPI_Unidade.hdbview"... ok (0s 33ms) (STDOUT, APP/TASK/deploy)#
#2026 07 30 02:50:34.296#Z#DEBUG#3ed74488-8bc1-11f1-85f0-eeee0a91cfe7.myfranchise-db-deployer#flowable-async-job-executor-thread-62858#
[PollExecuteTaskStatusExecution] 29787a82-7f21-42fb-b29e-68fef013f5a1 [2026-07-30T02:27:44.470589] Deploying "src/gen/FranqueadoService.MinhasRecomendacoes.hdbview"... (STDOUT, APP/TASK/deploy)#
#2026 07 30 02:50:34.296#Z#DEBUG#3ed74488-8bc1-11f1-85f0-eeee0a91cfe7.myfranchise-db-deployer#flowable-async-job-executor-thread-62858#
[PollExecuteTaskStatusExecution] 29787a82-7f21-42fb-b29e-68fef013f5a1 [2026-07-30T02:27:44.470591] Deploying "src/gen/FranqueadoraService.Prioridade.hdbview"... ok (0s 32ms) (STDOUT, APP/TASK/deploy)#
#2026 07 30 02:50:34.296#Z#DEBUG#3ed74488-8bc1-11f1-85f0-eeee0a91cfe7.myfranchise-db-deployer#flowable-async-job-executor-thread-62858#
[PollExecuteTaskStatusExecution] 29787a82-7f21-42fb-b29e-68fef013f5a1 [2026-07-30T02:27:44.470592] Deploying "src/gen/FranqueadoraService.Recomendacoes.hdbview"... (STDOUT, APP/TASK/deploy)#
#2026 07 30 02:50:34.296#Z#DEBUG#3ed74488-8bc1-11f1-85f0-eeee0a91cfe7.myfranchise-db-deployer#flowable-async-job-executor-thread-62858#
[PollExecuteTaskStatusExecution] 29787a82-7f21-42fb-b29e-68fef013f5a1 [2026-07-30T02:27:44.470594] Deploying "src/gen/localized.myfranchise.Prioridade.hdbview"... ok (0s 31ms) (STDOUT, APP/TASK/deploy)#
#2026 07 30 02:50:34.296#Z#DEBUG#3ed74488-8bc1-11f1-85f0-eeee0a91cfe7.myfranchise-db-deployer#flowable-async-job-executor-thread-62858#
[PollExecuteTaskStatusExecution] 29787a82-7f21-42fb-b29e-68fef013f5a1 [2026-07-30T02:27:44.470596] Deploying "src/gen/FranqueadoService.Regiao.hdbview"... (STDOUT, APP/TASK/deploy)#
#2026 07 30 02:50:34.296#Z#DEBUG#3ed74488-8bc1-11f1-85f0-eeee0a91cfe7.myfranchise-db-deployer#flowable-async-job-executor-thread-62858#
[PollExecuteTaskStatusExecution] 29787a82-7f21-42fb-b29e-68fef013f5a1 [2026-07-30T02:27:44.470597] Deploying "src/gen/FranqueadoService.MinhasRecomendacoes.hdbview"... ok (0s 31ms) (STDOUT, APP/TASK/deploy)#
#2026 07 30 02:50:34.296#Z#DEBUG#3ed74488-8bc1-11f1-85f0-eeee0a91cfe7.myfranchise-db-deployer#flowable-async-job-executor-thread-62858#
[PollExecuteTaskStatusExecution] 29787a82-7f21-42fb-b29e-68fef013f5a1 [2026-07-30T02:27:44.470598] Deploying "src/gen/FranqueadoraService.Regiao.hdbview"... (STDOUT, APP/TASK/deploy)#
#2026 07 30 02:50:34.296#Z#DEBUG#3ed74488-8bc1-11f1-85f0-eeee0a91cfe7.myfranchise-db-deployer#flowable-async-job-executor-thread-62858#
[PollExecuteTaskStatusExecution] 29787a82-7f21-42fb-b29e-68fef013f5a1 [2026-07-30T02:27:44.470600] Deploying "src/gen/FranqueadoraService.Recomendacoes.hdbview"... ok (0s 29ms) (STDOUT, APP/TASK/deploy)#
#2026 07 30 02:50:34.296#Z#DEBUG#3ed74488-8bc1-11f1-85f0-eeee0a91cfe7.myfranchise-db-deployer#flowable-async-job-executor-thread-62858#
[PollExecuteTaskStatusExecution] 29787a82-7f21-42fb-b29e-68fef013f5a1 [2026-07-30T02:27:44.470601] Deploying "src/gen/localized.myfranchise.Regiao.hdbview"... (STDOUT, APP/TASK/deploy)#
#2026 07 30 02:50:34.296#Z#DEBUG#3ed74488-8bc1-11f1-85f0-eeee0a91cfe7.myfranchise-db-deployer#flowable-async-job-executor-thread-62858#
[PollExecuteTaskStatusExecution] 29787a82-7f21-42fb-b29e-68fef013f5a1 [2026-07-30T02:27:44.470603] Deploying "src/gen/FranqueadoraService.Regiao.hdbview"... ok (0s 29ms) (STDOUT, APP/TASK/deploy)#
#2026 07 30 02:50:34.296#Z#DEBUG#3ed74488-8bc1-11f1-85f0-eeee0a91cfe7.myfranchise-db-deployer#flowable-async-job-executor-thread-62858#
[PollExecuteTaskStatusExecution] 29787a82-7f21-42fb-b29e-68fef013f5a1 [2026-07-30T02:27:44.470605] Deploying "src/gen/FranqueadoraService.RegrasCompliance.hdbview"... (STDOUT, APP/TASK/deploy)#
#2026 07 30 02:50:34.296#Z#DEBUG#3ed74488-8bc1-11f1-85f0-eeee0a91cfe7.myfranchise-db-deployer#flowable-async-job-executor-thread-62858#
[PollExecuteTaskStatusExecution] 29787a82-7f21-42fb-b29e-68fef013f5a1 [2026-07-30T02:27:44.470607] Deploying "src/gen/FranqueadoService.Regiao.hdbview"... ok (0s 30ms) (STDOUT, APP/TASK/deploy)#
#2026 07 30 02:50:34.296#Z#DEBUG#3ed74488-8bc1-11f1-85f0-eeee0a91cfe7.myfranchise-db-deployer#flowable-async-job-executor-thread-62858#
[PollExecuteTaskStatusExecution] 29787a82-7f21-42fb-b29e-68fef013f5a1 [2026-07-30T02:27:44.470608] Deploying "src/gen/FranqueadoService.MinhaSaude.hdbview"... (STDOUT, APP/TASK/deploy)#
#2026 07 30 02:50:34.296#Z#DEBUG#3ed74488-8bc1-11f1-85f0-eeee0a91cfe7.myfranchise-db-deployer#flowable-async-job-executor-thread-62858#
[PollExecuteTaskStatusExecution] 29787a82-7f21-42fb-b29e-68fef013f5a1 [2026-07-30T02:27:44.470609] Deploying "src/gen/localized.myfranchise.Regiao.hdbview"... ok (0s 33ms) (STDOUT, APP/TASK/deploy)#
#2026 07 30 02:50:34.296#Z#DEBUG#3ed74488-8bc1-11f1-85f0-eeee0a91cfe7.myfranchise-db-deployer#flowable-async-job-executor-thread-62858#
[PollExecuteTaskStatusExecution] 29787a82-7f21-42fb-b29e-68fef013f5a1 [2026-07-30T02:27:44.470611] Deploying "src/gen/FranqueadoraService.Saude_Unidade.hdbview"... (STDOUT, APP/TASK/deploy)#
#2026 07 30 02:50:34.296#Z#DEBUG#3ed74488-8bc1-11f1-85f0-eeee0a91cfe7.myfranchise-db-deployer#flowable-async-job-executor-thread-62858#
[PollExecuteTaskStatusExecution] 29787a82-7f21-42fb-b29e-68fef013f5a1 [2026-07-30T02:27:44.470612] Deploying "src/gen/FranqueadoraService.RegrasCompliance.hdbview"... ok (0s 33ms) (STDOUT, APP/TASK/deploy)#
#2026 07 30 02:50:34.296#Z#DEBUG#3ed74488-8bc1-11f1-85f0-eeee0a91cfe7.myfranchise-db-deployer#flowable-async-job-executor-thread-62858#
[PollExecuteTaskStatusExecution] 29787a82-7f21-42fb-b29e-68fef013f5a1 [2026-07-30T02:27:44.470613] Deploying "src/gen/FranqueadoService.Severidade.hdbview"... (STDOUT, APP/TASK/deploy)#
#2026 07 30 02:50:34.296#Z#DEBUG#3ed74488-8bc1-11f1-85f0-eeee0a91cfe7.myfranchise-db-deployer#flowable-async-job-executor-thread-62858#
[PollExecuteTaskStatusExecution] 29787a82-7f21-42fb-b29e-68fef013f5a1 [2026-07-30T02:27:44.470616] Deploying "src/gen/FranqueadoService.MinhaSaude.hdbview"... ok (0s 33ms) (STDOUT, APP/TASK/deploy)#
#2026 07 30 02:50:34.296#Z#DEBUG#3ed74488-8bc1-11f1-85f0-eeee0a91cfe7.myfranchise-db-deployer#flowable-async-job-executor-thread-62858#
[PollExecuteTaskStatusExecution] 29787a82-7f21-42fb-b29e-68fef013f5a1 [2026-07-30T02:27:44.470617] Deploying "src/gen/FranqueadoraService.Severidade.hdbview"... (STDOUT, APP/TASK/deploy)#
#2026 07 30 02:50:34.296#Z#DEBUG#3ed74488-8bc1-11f1-85f0-eeee0a91cfe7.myfranchise-db-deployer#flowable-async-job-executor-thread-62858#
[PollExecuteTaskStatusExecution] 29787a82-7f21-42fb-b29e-68fef013f5a1 [2026-07-30T02:27:44.470618] Deploying "src/gen/FranqueadoraService.Saude_Unidade.hdbview"... ok (0s 29ms) (STDOUT, APP/TASK/deploy)#
#2026 07 30 02:50:34.296#Z#DEBUG#3ed74488-8bc1-11f1-85f0-eeee0a91cfe7.myfranchise-db-deployer#flowable-async-job-executor-thread-62858#
[PollExecuteTaskStatusExecution] 29787a82-7f21-42fb-b29e-68fef013f5a1 [2026-07-30T02:27:44.470621] Deploying "src/gen/localized.myfranchise.Severidade.hdbview"... (STDOUT, APP/TASK/deploy)#
#2026 07 30 02:50:34.296#Z#DEBUG#3ed74488-8bc1-11f1-85f0-eeee0a91cfe7.myfranchise-db-deployer#flowable-async-job-executor-thread-62858#
[PollExecuteTaskStatusExecution] 29787a82-7f21-42fb-b29e-68fef013f5a1 [2026-07-30T02:27:44.470623] Deploying "src/gen/FranqueadoraService.Severidade.hdbview"... ok (0s 28ms) (STDOUT, APP/TASK/deploy)#
#2026 07 30 02:50:34.296#Z#DEBUG#3ed74488-8bc1-11f1-85f0-eeee0a91cfe7.myfranchise-db-deployer#flowable-async-job-executor-thread-62858#
[PollExecuteTaskStatusExecution] 29787a82-7f21-42fb-b29e-68fef013f5a1 [2026-07-30T02:27:44.470624] Deploying "src/gen/FranqueadoService.StatusAlerta.hdbview"... (STDOUT, APP/TASK/deploy)#
#2026 07 30 02:50:34.296#Z#DEBUG#3ed74488-8bc1-11f1-85f0-eeee0a91cfe7.myfranchise-db-deployer#flowable-async-job-executor-thread-62858#
[PollExecuteTaskStatusExecution] 29787a82-7f21-42fb-b29e-68fef013f5a1 [2026-07-30T02:27:44.470626] Deploying "src/gen/FranqueadoService.Severidade.hdbview"... ok (0s 29ms) (STDOUT, APP/TASK/deploy)#
#2026 07 30 02:50:34.296#Z#DEBUG#3ed74488-8bc1-11f1-85f0-eeee0a91cfe7.myfranchise-db-deployer#flowable-async-job-executor-thread-62858#
[PollExecuteTaskStatusExecution] 29787a82-7f21-42fb-b29e-68fef013f5a1 [2026-07-30T02:27:44.470628] Deploying "src/gen/FranqueadoraService.StatusAlerta.hdbview"... (STDOUT, APP/TASK/deploy)#
#2026 07 30 02:50:34.296#Z#DEBUG#3ed74488-8bc1-11f1-85f0-eeee0a91cfe7.myfranchise-db-deployer#flowable-async-job-executor-thread-62858#
[PollExecuteTaskStatusExecution] 29787a82-7f21-42fb-b29e-68fef013f5a1 [2026-07-30T02:27:44.470629] Deploying "src/gen/localized.myfranchise.Severidade.hdbview"... ok (0s 29ms) (STDOUT, APP/TASK/deploy)#
#2026 07 30 02:50:34.296#Z#DEBUG#3ed74488-8bc1-11f1-85f0-eeee0a91cfe7.myfranchise-db-deployer#flowable-async-job-executor-thread-62858#
[PollExecuteTaskStatusExecution] 29787a82-7f21-42fb-b29e-68fef013f5a1 [2026-07-30T02:27:44.470631] Deploying "src/gen/localized.myfranchise.StatusAlerta.hdbview"... (STDOUT, APP/TASK/deploy)#
#2026 07 30 02:50:34.296#Z#DEBUG#3ed74488-8bc1-11f1-85f0-eeee0a91cfe7.myfranchise-db-deployer#flowable-async-job-executor-thread-62858#
[PollExecuteTaskStatusExecution] 29787a82-7f21-42fb-b29e-68fef013f5a1 [2026-07-30T02:27:44.470632] Deploying "src/gen/FranqueadoService.StatusAlerta.hdbview"... ok (0s 29ms) (STDOUT, APP/TASK/deploy)#
#2026 07 30 02:50:34.296#Z#DEBUG#3ed74488-8bc1-11f1-85f0-eeee0a91cfe7.myfranchise-db-deployer#flowable-async-job-executor-thread-62858#
[PollExecuteTaskStatusExecution] 29787a82-7f21-42fb-b29e-68fef013f5a1 [2026-07-30T02:27:44.470635] Deploying "src/gen/FranqueadoService.StatusAprovacao.hdbview"... (STDOUT, APP/TASK/deploy)#
#2026 07 30 02:50:34.296#Z#DEBUG#3ed74488-8bc1-11f1-85f0-eeee0a91cfe7.myfranchise-db-deployer#flowable-async-job-executor-thread-62858#
[PollExecuteTaskStatusExecution] 29787a82-7f21-42fb-b29e-68fef013f5a1 [2026-07-30T02:27:44.470636] Deploying "src/gen/FranqueadoraService.StatusAlerta.hdbview"... ok (0s 30ms) (STDOUT, APP/TASK/deploy)#
#2026 07 30 02:50:34.296#Z#DEBUG#3ed74488-8bc1-11f1-85f0-eeee0a91cfe7.myfranchise-db-deployer#flowable-async-job-executor-thread-62858#
[PollExecuteTaskStatusExecution] 29787a82-7f21-42fb-b29e-68fef013f5a1 [2026-07-30T02:27:44.470638] Deploying "src/gen/FranqueadoraService.StatusAprovacao.hdbview"... (STDOUT, APP/TASK/deploy)#
#2026 07 30 02:50:34.296#Z#DEBUG#3ed74488-8bc1-11f1-85f0-eeee0a91cfe7.myfranchise-db-deployer#flowable-async-job-executor-thread-62858#
[PollExecuteTaskStatusExecution] 29787a82-7f21-42fb-b29e-68fef013f5a1 [2026-07-30T02:27:44.470640] Deploying "src/gen/localized.myfranchise.StatusAlerta.hdbview"... ok (0s 32ms) (STDOUT, APP/TASK/deploy)#
#2026 07 30 02:50:34.296#Z#DEBUG#3ed74488-8bc1-11f1-85f0-eeee0a91cfe7.myfranchise-db-deployer#flowable-async-job-executor-thread-62858#
[PollExecuteTaskStatusExecution] 29787a82-7f21-42fb-b29e-68fef013f5a1 [2026-07-30T02:27:44.470642] Deploying "src/gen/localized.myfranchise.StatusAprovacao.hdbview"... (STDOUT, APP/TASK/deploy)#
#2026 07 30 02:50:34.296#Z#DEBUG#3ed74488-8bc1-11f1-85f0-eeee0a91cfe7.myfranchise-db-deployer#flowable-async-job-executor-thread-62858#
[PollExecuteTaskStatusExecution] 29787a82-7f21-42fb-b29e-68fef013f5a1 [2026-07-30T02:27:44.470643] Deploying "src/gen/FranqueadoService.StatusAprovacao.hdbview"... ok (0s 31ms) (STDOUT, APP/TASK/deploy)#
#2026 07 30 02:50:34.296#Z#DEBUG#3ed74488-8bc1-11f1-85f0-eeee0a91cfe7.myfranchise-db-deployer#flowable-async-job-executor-thread-62858#
[PollExecuteTaskStatusExecution] 29787a82-7f21-42fb-b29e-68fef013f5a1 [2026-07-30T02:27:44.470646] Deploying "src/gen/FranqueadoraService.StatusCatalogo.hdbview"... (STDOUT, APP/TASK/deploy)#
#2026 07 30 02:50:34.296#Z#DEBUG#3ed74488-8bc1-11f1-85f0-eeee0a91cfe7.myfranchise-db-deployer#flowable-async-job-executor-thread-62858#
[PollExecuteTaskStatusExecution] 29787a82-7f21-42fb-b29e-68fef013f5a1 [2026-07-30T02:27:44.470649] Deploying "src/gen/FranqueadoraService.StatusAprovacao.hdbview"... ok (0s 31ms) (STDOUT, APP/TASK/deploy)#
#2026 07 30 02:50:34.296#Z#DEBUG#3ed74488-8bc1-11f1-85f0-eeee0a91cfe7.myfranchise-db-deployer#flowable-async-job-executor-thread-62858#
[PollExecuteTaskStatusExecution] 29787a82-7f21-42fb-b29e-68fef013f5a1 [2026-07-30T02:27:44.470653] Deploying "src/gen/localized.myfranchise.StatusCatalogo.hdbview"... (STDOUT, APP/TASK/deploy)#
#2026 07 30 02:50:34.296#Z#DEBUG#3ed74488-8bc1-11f1-85f0-eeee0a91cfe7.myfranchise-db-deployer#flowable-async-job-executor-thread-62858#
[PollExecuteTaskStatusExecution] 29787a82-7f21-42fb-b29e-68fef013f5a1 [2026-07-30T02:27:44.470656] Deploying "src/gen/localized.myfranchise.StatusAprovacao.hdbview"... ok (0s 36ms) (STDOUT, APP/TASK/deploy)#
#2026 07 30 02:50:34.296#Z#DEBUG#3ed74488-8bc1-11f1-85f0-eeee0a91cfe7.myfranchise-db-deployer#flowable-async-job-executor-thread-62858#
[PollExecuteTaskStatusExecution] 29787a82-7f21-42fb-b29e-68fef013f5a1 [2026-07-30T02:27:44.470658] Deploying "src/gen/FranqueadoService.StatusContrato.hdbview"... (STDOUT, APP/TASK/deploy)#
#2026 07 30 02:50:34.296#Z#DEBUG#3ed74488-8bc1-11f1-85f0-eeee0a91cfe7.myfranchise-db-deployer#flowable-async-job-executor-thread-62858#
[PollExecuteTaskStatusExecution] 29787a82-7f21-42fb-b29e-68fef013f5a1 [2026-07-30T02:27:44.470660] Deploying "src/gen/FranqueadoraService.StatusCatalogo.hdbview"... ok (0s 35ms) (STDOUT, APP/TASK/deploy)#
#2026 07 30 02:50:34.296#Z#DEBUG#3ed74488-8bc1-11f1-85f0-eeee0a91cfe7.myfranchise-db-deployer#flowable-async-job-executor-thread-62858#
[PollExecuteTaskStatusExecution] 29787a82-7f21-42fb-b29e-68fef013f5a1 [2026-07-30T02:27:44.470662] Deploying "src/gen/FranqueadoraService.StatusContrato.hdbview"... (STDOUT, APP/TASK/deploy)#
#2026 07 30 02:50:34.296#Z#DEBUG#3ed74488-8bc1-11f1-85f0-eeee0a91cfe7.myfranchise-db-deployer#flowable-async-job-executor-thread-62858#
[PollExecuteTaskStatusExecution] 29787a82-7f21-42fb-b29e-68fef013f5a1 [2026-07-30T02:27:44.470702] Deploying "src/gen/localized.myfranchise.StatusCatalogo.hdbview"... ok (0s 36ms) (STDOUT, APP/TASK/deploy)#
#2026 07 30 02:50:34.296#Z#DEBUG#3ed74488-8bc1-11f1-85f0-eeee0a91cfe7.myfranchise-db-deployer#flowable-async-job-executor-thread-62858#
[PollExecuteTaskStatusExecution] 29787a82-7f21-42fb-b29e-68fef013f5a1 [2026-07-30T02:27:44.470706] Deploying "src/gen/localized.myfranchise.StatusContrato.hdbview"... (STDOUT, APP/TASK/deploy)#
#2026 07 30 02:50:34.296#Z#DEBUG#3ed74488-8bc1-11f1-85f0-eeee0a91cfe7.myfranchise-db-deployer#flowable-async-job-executor-thread-62858#
[PollExecuteTaskStatusExecution] 29787a82-7f21-42fb-b29e-68fef013f5a1 [2026-07-30T02:27:44.470710] Deploying "src/gen/FranqueadoService.StatusContrato.hdbview"... ok (0s 32ms) (STDOUT, APP/TASK/deploy)#
#2026 07 30 02:50:34.296#Z#DEBUG#3ed74488-8bc1-11f1-85f0-eeee0a91cfe7.myfranchise-db-deployer#flowable-async-job-executor-thread-62858#
[PollExecuteTaskStatusExecution] 29787a82-7f21-42fb-b29e-68fef013f5a1 [2026-07-30T02:27:44.470712] Deploying "src/gen/FranqueadoService.StatusDesvio.hdbview"... (STDOUT, APP/TASK/deploy)#
#2026 07 30 02:50:34.296#Z#DEBUG#3ed74488-8bc1-11f1-85f0-eeee0a91cfe7.myfranchise-db-deployer#flowable-async-job-executor-thread-62858#
[PollExecuteTaskStatusExecution] 29787a82-7f21-42fb-b29e-68fef013f5a1 [2026-07-30T02:27:44.470717] Deploying "src/gen/FranqueadoraService.StatusContrato.hdbview"... ok (0s 33ms) (STDOUT, APP/TASK/deploy)#
#2026 07 30 02:50:34.296#Z#DEBUG#3ed74488-8bc1-11f1-85f0-eeee0a91cfe7.myfranchise-db-deployer#flowable-async-job-executor-thread-62858#
[PollExecuteTaskStatusExecution] 29787a82-7f21-42fb-b29e-68fef013f5a1 [2026-07-30T02:27:44.470720] Deploying "src/gen/FranqueadoraService.StatusDesvio.hdbview"... (STDOUT, APP/TASK/deploy)#
#2026 07 30 02:50:34.296#Z#DEBUG#3ed74488-8bc1-11f1-85f0-eeee0a91cfe7.myfranchise-db-deployer#flowable-async-job-executor-thread-62858#
[PollExecuteTaskStatusExecution] 29787a82-7f21-42fb-b29e-68fef013f5a1 [2026-07-30T02:27:44.470723] Deploying "src/gen/localized.myfranchise.StatusContrato.hdbview"... ok (0s 32ms) (STDOUT, APP/TASK/deploy)#
#2026 07 30 02:50:34.296#Z#DEBUG#3ed74488-8bc1-11f1-85f0-eeee0a91cfe7.myfranchise-db-deployer#flowable-async-job-executor-thread-62858#
[PollExecuteTaskStatusExecution] 29787a82-7f21-42fb-b29e-68fef013f5a1 [2026-07-30T02:27:44.470725] Deploying "src/gen/localized.myfranchise.StatusDesvio.hdbview"... (STDOUT, APP/TASK/deploy)#
#2026 07 30 02:50:34.296#Z#DEBUG#3ed74488-8bc1-11f1-85f0-eeee0a91cfe7.myfranchise-db-deployer#flowable-async-job-executor-thread-62858#
[PollExecuteTaskStatusExecution] 29787a82-7f21-42fb-b29e-68fef013f5a1 [2026-07-30T02:27:44.470726] Deploying "src/gen/FranqueadoraService.StatusDesvio.hdbview"... ok (0s 31ms) (STDOUT, APP/TASK/deploy)#
#2026 07 30 02:50:34.296#Z#DEBUG#3ed74488-8bc1-11f1-85f0-eeee0a91cfe7.myfranchise-db-deployer#flowable-async-job-executor-thread-62858#
[PollExecuteTaskStatusExecution] 29787a82-7f21-42fb-b29e-68fef013f5a1 [2026-07-30T02:27:44.470728] Deploying "src/gen/FranqueadoService.StatusDocumento.hdbview"... (STDOUT, APP/TASK/deploy)#
#2026 07 30 02:50:34.296#Z#DEBUG#3ed74488-8bc1-11f1-85f0-eeee0a91cfe7.myfranchise-db-deployer#flowable-async-job-executor-thread-62858#
[PollExecuteTaskStatusExecution] 29787a82-7f21-42fb-b29e-68fef013f5a1 [2026-07-30T02:27:44.470739] Deploying "src/gen/FranqueadoService.StatusDesvio.hdbview"... ok (0s 32ms) (STDOUT, APP/TASK/deploy)#
#2026 07 30 02:50:34.296#Z#DEBUG#3ed74488-8bc1-11f1-85f0-eeee0a91cfe7.myfranchise-db-deployer#flowable-async-job-executor-thread-62858#
[PollExecuteTaskStatusExecution] 29787a82-7f21-42fb-b29e-68fef013f5a1 [2026-07-30T02:27:44.470741] Deploying "src/gen/FranqueadoraService.StatusDocumento.hdbview"... (STDOUT, APP/TASK/deploy)#
#2026 07 30 02:50:34.296#Z#DEBUG#3ed74488-8bc1-11f1-85f0-eeee0a91cfe7.myfranchise-db-deployer#flowable-async-job-executor-thread-62858#
[PollExecuteTaskStatusExecution] 29787a82-7f21-42fb-b29e-68fef013f5a1 [2026-07-30T02:27:44.470742] Deploying "src/gen/localized.myfranchise.StatusDesvio.hdbview"... ok (0s 32ms) (STDOUT, APP/TASK/deploy)#
#2026 07 30 02:50:34.296#Z#DEBUG#3ed74488-8bc1-11f1-85f0-eeee0a91cfe7.myfranchise-db-deployer#flowable-async-job-executor-thread-62858#
[PollExecuteTaskStatusExecution] 29787a82-7f21-42fb-b29e-68fef013f5a1 [2026-07-30T02:27:44.470744] Deploying "src/gen/localized.myfranchise.StatusDocumento.hdbview"... (STDOUT, APP/TASK/deploy)#
#2026 07 30 02:50:34.296#Z#DEBUG#3ed74488-8bc1-11f1-85f0-eeee0a91cfe7.myfranchise-db-deployer#flowable-async-job-executor-thread-62858#
[PollExecuteTaskStatusExecution] 29787a82-7f21-42fb-b29e-68fef013f5a1 [2026-07-30T02:27:44.470746] Deploying "src/gen/FranqueadoService.StatusDocumento.hdbview"... ok (0s 33ms) (STDOUT, APP/TASK/deploy)#
#2026 07 30 02:50:34.296#Z#DEBUG#3ed74488-8bc1-11f1-85f0-eeee0a91cfe7.myfranchise-db-deployer#flowable-async-job-executor-thread-62858#
[PollExecuteTaskStatusExecution] 29787a82-7f21-42fb-b29e-68fef013f5a1 [2026-07-30T02:27:44.470748] Deploying "src/gen/FranqueadoraService.StatusFranqueado.hdbview"... (STDOUT, APP/TASK/deploy)#
#2026 07 30 02:50:34.296#Z#DEBUG#3ed74488-8bc1-11f1-85f0-eeee0a91cfe7.myfranchise-db-deployer#flowable-async-job-executor-thread-62858#
[PollExecuteTaskStatusExecution] 29787a82-7f21-42fb-b29e-68fef013f5a1 [2026-07-30T02:27:44.470750] Deploying "src/gen/localized.myfranchise.StatusDocumento.hdbview"... ok (0s 34ms) (STDOUT, APP/TASK/deploy)#
#2026 07 30 02:50:34.296#Z#DEBUG#3ed74488-8bc1-11f1-85f0-eeee0a91cfe7.myfranchise-db-deployer#flowable-async-job-executor-thread-62858#
[PollExecuteTaskStatusExecution] 29787a82-7f21-42fb-b29e-68fef013f5a1 [2026-07-30T02:27:44.470751] Deploying "src/gen/localized.myfranchise.StatusFranqueado.hdbview"... (STDOUT, APP/TASK/deploy)#
#2026 07 30 02:50:34.296#Z#DEBUG#3ed74488-8bc1-11f1-85f0-eeee0a91cfe7.myfranchise-db-deployer#flowable-async-job-executor-thread-62858#
[PollExecuteTaskStatusExecution] 29787a82-7f21-42fb-b29e-68fef013f5a1 [2026-07-30T02:27:44.470756] Deploying "src/gen/FranqueadoraService.StatusDocumento.hdbview"... ok (0s 35ms) (STDOUT, APP/TASK/deploy)#
#2026 07 30 02:50:34.296#Z#DEBUG#3ed74488-8bc1-11f1-85f0-eeee0a91cfe7.myfranchise-db-deployer#flowable-async-job-executor-thread-62858#
[PollExecuteTaskStatusExecution] 29787a82-7f21-42fb-b29e-68fef013f5a1 [2026-07-30T02:27:44.470758] Deploying "src/gen/FranqueadoService.StatusKPI.hdbview"... (STDOUT, APP/TASK/deploy)#
#2026 07 30 02:50:34.296#Z#DEBUG#3ed74488-8bc1-11f1-85f0-eeee0a91cfe7.myfranchise-db-deployer#flowable-async-job-executor-thread-62858#
[PollExecuteTaskStatusExecution] 29787a82-7f21-42fb-b29e-68fef013f5a1 [2026-07-30T02:27:44.470759] Deploying "src/gen/FranqueadoraService.StatusFranqueado.hdbview"... ok (0s 29ms) (STDOUT, APP/TASK/deploy)#
#2026 07 30 02:50:34.296#Z#DEBUG#3ed74488-8bc1-11f1-85f0-eeee0a91cfe7.myfranchise-db-deployer#flowable-async-job-executor-thread-62858#
[PollExecuteTaskStatusExecution] 29787a82-7f21-42fb-b29e-68fef013f5a1 [2026-07-30T02:27:44.470761] Deploying "src/gen/FranqueadoraService.StatusKPI.hdbview"... (STDOUT, APP/TASK/deploy)#
#2026 07 30 02:50:34.296#Z#DEBUG#3ed74488-8bc1-11f1-85f0-eeee0a91cfe7.myfranchise-db-deployer#flowable-async-job-executor-thread-62858#
[PollExecuteTaskStatusExecution] 29787a82-7f21-42fb-b29e-68fef013f5a1 [2026-07-30T02:27:44.470762] Deploying "src/gen/localized.myfranchise.StatusFranqueado.hdbview"... ok (0s 29ms) (STDOUT, APP/TASK/deploy)#
#2026 07 30 02:50:34.296#Z#DEBUG#3ed74488-8bc1-11f1-85f0-eeee0a91cfe7.myfranchise-db-deployer#flowable-async-job-executor-thread-62858#
[PollExecuteTaskStatusExecution] 29787a82-7f21-42fb-b29e-68fef013f5a1 [2026-07-30T02:27:44.470764] Deploying "src/gen/localized.myfranchise.StatusKPI.hdbview"... (STDOUT, APP/TASK/deploy)#
#2026 07 30 02:50:34.296#Z#DEBUG#3ed74488-8bc1-11f1-85f0-eeee0a91cfe7.myfranchise-db-deployer#flowable-async-job-executor-thread-62858#
[PollExecuteTaskStatusExecution] 29787a82-7f21-42fb-b29e-68fef013f5a1 [2026-07-30T02:27:44.470767] Deploying "src/gen/FranqueadoService.StatusKPI.hdbview"... ok (0s 29ms) (STDOUT, APP/TASK/deploy)#
#2026 07 30 02:50:34.296#Z#DEBUG#3ed74488-8bc1-11f1-85f0-eeee0a91cfe7.myfranchise-db-deployer#flowable-async-job-executor-thread-62858#
[PollExecuteTaskStatusExecution] 29787a82-7f21-42fb-b29e-68fef013f5a1 [2026-07-30T02:27:44.470768] Deploying "src/gen/FranqueadoService.StatusNotificacao.hdbview"... (STDOUT, APP/TASK/deploy)#
#2026 07 30 02:50:34.296#Z#DEBUG#3ed74488-8bc1-11f1-85f0-eeee0a91cfe7.myfranchise-db-deployer#flowable-async-job-executor-thread-62858#
[PollExecuteTaskStatusExecution] 29787a82-7f21-42fb-b29e-68fef013f5a1 [2026-07-30T02:27:44.470769] Deploying "src/gen/FranqueadoraService.StatusKPI.hdbview"... ok (0s 29ms) (STDOUT, APP/TASK/deploy)#
#2026 07 30 02:50:34.296#Z#DEBUG#3ed74488-8bc1-11f1-85f0-eeee0a91cfe7.myfranchise-db-deployer#flowable-async-job-executor-thread-62858#
[PollExecuteTaskStatusExecution] 29787a82-7f21-42fb-b29e-68fef013f5a1 [2026-07-30T02:27:44.470771] Deploying "src/gen/FranqueadoraService.StatusNotificacao.hdbview"... (STDOUT, APP/TASK/deploy)#
#2026 07 30 02:50:34.296#Z#DEBUG#3ed74488-8bc1-11f1-85f0-eeee0a91cfe7.myfranchise-db-deployer#flowable-async-job-executor-thread-62858#
[PollExecuteTaskStatusExecution] 29787a82-7f21-42fb-b29e-68fef013f5a1 [2026-07-30T02:27:44.470773] Deploying "src/gen/localized.myfranchise.StatusKPI.hdbview"... ok (0s 29ms) (STDOUT, APP/TASK/deploy)#
#2026 07 30 02:50:34.296#Z#DEBUG#3ed74488-8bc1-11f1-85f0-eeee0a91cfe7.myfranchise-db-deployer#flowable-async-job-executor-thread-62858#
[PollExecuteTaskStatusExecution] 29787a82-7f21-42fb-b29e-68fef013f5a1 [2026-07-30T02:27:44.470774] Deploying "src/gen/localized.myfranchise.StatusNotificacao.hdbview"... (STDOUT, APP/TASK/deploy)#
#2026 07 30 02:50:34.296#Z#DEBUG#3ed74488-8bc1-11f1-85f0-eeee0a91cfe7.myfranchise-db-deployer#flowable-async-job-executor-thread-62858#
[PollExecuteTaskStatusExecution] 29787a82-7f21-42fb-b29e-68fef013f5a1 [2026-07-30T02:27:44.470776] Deploying "src/gen/FranqueadoService.StatusNotificacao.hdbview"... ok (0s 29ms) (STDOUT, APP/TASK/deploy)#
#2026 07 30 02:50:34.296#Z#DEBUG#3ed74488-8bc1-11f1-85f0-eeee0a91cfe7.myfranchise-db-deployer#flowable-async-job-executor-thread-62858#
[PollExecuteTaskStatusExecution] 29787a82-7f21-42fb-b29e-68fef013f5a1 [2026-07-30T02:27:44.470777] Deploying "src/gen/FranqueadoService.StatusOnboarding.hdbview"... (STDOUT, APP/TASK/deploy)#
#2026 07 30 02:50:34.296#Z#DEBUG#3ed74488-8bc1-11f1-85f0-eeee0a91cfe7.myfranchise-db-deployer#flowable-async-job-executor-thread-62858#
[PollExecuteTaskStatusExecution] 29787a82-7f21-42fb-b29e-68fef013f5a1 [2026-07-30T02:27:44.470779] Deploying "src/gen/FranqueadoraService.StatusNotificacao.hdbview"... ok (0s 29ms) (STDOUT, APP/TASK/deploy)#
#2026 07 30 02:50:34.296#Z#DEBUG#3ed74488-8bc1-11f1-85f0-eeee0a91cfe7.myfranchise-db-deployer#flowable-async-job-executor-thread-62858#
[PollExecuteTaskStatusExecution] 29787a82-7f21-42fb-b29e-68fef013f5a1 [2026-07-30T02:27:44.470781] Deploying "src/gen/FranqueadoraService.StatusOnboarding.hdbview"... (STDOUT, APP/TASK/deploy)#
#2026 07 30 02:50:34.296#Z#DEBUG#3ed74488-8bc1-11f1-85f0-eeee0a91cfe7.myfranchise-db-deployer#flowable-async-job-executor-thread-62858#
[PollExecuteTaskStatusExecution] 29787a82-7f21-42fb-b29e-68fef013f5a1 [2026-07-30T02:27:44.470782] Deploying "src/gen/FranqueadoService.StatusOnboarding.hdbview"... ok (0s 29ms) (STDOUT, APP/TASK/deploy)#
#2026 07 30 02:50:34.296#Z#DEBUG#3ed74488-8bc1-11f1-85f0-eeee0a91cfe7.myfranchise-db-deployer#flowable-async-job-executor-thread-62858#
[PollExecuteTaskStatusExecution] 29787a82-7f21-42fb-b29e-68fef013f5a1 [2026-07-30T02:27:44.470784] Deploying "src/gen/localized.myfranchise.StatusOnboarding.hdbview"... (STDOUT, APP/TASK/deploy)#
#2026 07 30 02:50:34.296#Z#DEBUG#3ed74488-8bc1-11f1-85f0-eeee0a91cfe7.myfranchise-db-deployer#flowable-async-job-executor-thread-62858#
[PollExecuteTaskStatusExecution] 29787a82-7f21-42fb-b29e-68fef013f5a1 [2026-07-30T02:27:44.470786] Deploying "src/gen/localized.myfranchise.StatusNotificacao.hdbview"... ok (0s 29ms) (STDOUT, APP/TASK/deploy)#
#2026 07 30 02:50:34.296#Z#DEBUG#3ed74488-8bc1-11f1-85f0-eeee0a91cfe7.myfranchise-db-deployer#flowable-async-job-executor-thread-62858#
[PollExecuteTaskStatusExecution] 29787a82-7f21-42fb-b29e-68fef013f5a1 [2026-07-30T02:27:44.470787] Deploying "src/gen/FranqueadoService.StatusRecomendacao.hdbview"... (STDOUT, APP/TASK/deploy)#
#2026 07 30 02:50:34.296#Z#DEBUG#3ed74488-8bc1-11f1-85f0-eeee0a91cfe7.myfranchise-db-deployer#flowable-async-job-executor-thread-62858#
[PollExecuteTaskStatusExecution] 29787a82-7f21-42fb-b29e-68fef013f5a1 [2026-07-30T02:27:44.470789] Deploying "src/gen/FranqueadoraService.StatusOnboarding.hdbview"... ok (0s 29ms) (STDOUT, APP/TASK/deploy)#
#2026 07 30 02:50:34.296#Z#DEBUG#3ed74488-8bc1-11f1-85f0-eeee0a91cfe7.myfranchise-db-deployer#flowable-async-job-executor-thread-62858#
[PollExecuteTaskStatusExecution] 29787a82-7f21-42fb-b29e-68fef013f5a1 [2026-07-30T02:27:44.470790] Deploying "src/gen/FranqueadoraService.StatusRecomendacao.hdbview"... (STDOUT, APP/TASK/deploy)#
#2026 07 30 02:50:34.296#Z#DEBUG#3ed74488-8bc1-11f1-85f0-eeee0a91cfe7.myfranchise-db-deployer#flowable-async-job-executor-thread-62858#
[PollExecuteTaskStatusExecution] 29787a82-7f21-42fb-b29e-68fef013f5a1 [2026-07-30T02:27:44.470792] Deploying "src/gen/FranqueadoService.StatusRecomendacao.hdbview"... ok (0s 28ms) (STDOUT, APP/TASK/deploy)#
#2026 07 30 02:50:34.296#Z#DEBUG#3ed74488-8bc1-11f1-85f0-eeee0a91cfe7.myfranchise-db-deployer#flowable-async-job-executor-thread-62858#
[PollExecuteTaskStatusExecution] 29787a82-7f21-42fb-b29e-68fef013f5a1 [2026-07-30T02:27:44.470793] Deploying "src/gen/localized.myfranchise.StatusOnboarding.hdbview"... ok (0s 30ms) (STDOUT, APP/TASK/deploy)#
#2026 07 30 02:50:34.296#Z#DEBUG#3ed74488-8bc1-11f1-85f0-eeee0a91cfe7.myfranchise-db-deployer#flowable-async-job-executor-thread-62858#
[PollExecuteTaskStatusExecution] 29787a82-7f21-42fb-b29e-68fef013f5a1 [2026-07-30T02:27:45.480320] Deploying "src/gen/FranqueadoService.StatusTarefa.hdbview"... (STDOUT, APP/TASK/deploy)#
#2026 07 30 02:50:34.296#Z#DEBUG#3ed74488-8bc1-11f1-85f0-eeee0a91cfe7.myfranchise-db-deployer#flowable-async-job-executor-thread-62858#
[PollExecuteTaskStatusExecution] 29787a82-7f21-42fb-b29e-68fef013f5a1 [2026-07-30T02:27:45.480337] Deploying "src/gen/FranqueadoraService.StatusRecomendacao.hdbview"... ok (0s 30ms) (STDOUT, APP/TASK/deploy)#
#2026 07 30 02:50:34.296#Z#DEBUG#3ed74488-8bc1-11f1-85f0-eeee0a91cfe7.myfranchise-db-deployer#flowable-async-job-executor-thread-62858#
[PollExecuteTaskStatusExecution] 29787a82-7f21-42fb-b29e-68fef013f5a1 [2026-07-30T02:27:45.480345] Deploying "src/gen/FranqueadoraService.StatusTarefa.hdbview"... (STDOUT, APP/TASK/deploy)#
#2026 07 30 02:50:34.296#Z#DEBUG#3ed74488-8bc1-11f1-85f0-eeee0a91cfe7.myfranchise-db-deployer#flowable-async-job-executor-thread-62858#
[PollExecuteTaskStatusExecution] 29787a82-7f21-42fb-b29e-68fef013f5a1 [2026-07-30T02:27:45.480354] Deploying "src/gen/localized.myfranchise.StatusRecomendacao.hdbview"... ok (STDOUT, APP/TASK/deploy)#
#2026 07 30 02:50:34.296#Z#DEBUG#3ed74488-8bc1-11f1-85f0-eeee0a91cfe7.myfranchise-db-deployer#flowable-async-job-executor-thread-62858#
[PollExecuteTaskStatusExecution] 29787a82-7f21-42fb-b29e-68fef013f5a1 [2026-07-30T02:27:45.480358] Deploying "src/gen/localized.myfranchise.StatusTarefa.hdbview"... (STDOUT, APP/TASK/deploy)#
#2026 07 30 02:50:34.296#Z#DEBUG#3ed74488-8bc1-11f1-85f0-eeee0a91cfe7.myfranchise-db-deployer#flowable-async-job-executor-thread-62858#
[PollExecuteTaskStatusExecution] 29787a82-7f21-42fb-b29e-68fef013f5a1 [2026-07-30T02:27:45.480360] Deploying "src/gen/FranqueadoService.StatusTarefa.hdbview"... ok (0s 30ms) (STDOUT, APP/TASK/deploy)#
#2026 07 30 02:50:34.296#Z#DEBUG#3ed74488-8bc1-11f1-85f0-eeee0a91cfe7.myfranchise-db-deployer#flowable-async-job-executor-thread-62858#
[PollExecuteTaskStatusExecution] 29787a82-7f21-42fb-b29e-68fef013f5a1 [2026-07-30T02:27:45.480362] Deploying "src/gen/FranqueadoService.StatusUnidade.hdbview"... (STDOUT, APP/TASK/deploy)#
#2026 07 30 02:50:34.296#Z#DEBUG#3ed74488-8bc1-11f1-85f0-eeee0a91cfe7.myfranchise-db-deployer#flowable-async-job-executor-thread-62858#
[PollExecuteTaskStatusExecution] 29787a82-7f21-42fb-b29e-68fef013f5a1 [2026-07-30T02:27:45.480364] Deploying "src/gen/FranqueadoraService.StatusTarefa.hdbview"... ok (0s 31ms) (STDOUT, APP/TASK/deploy)#
#2026 07 30 02:50:34.296#Z#DEBUG#3ed74488-8bc1-11f1-85f0-eeee0a91cfe7.myfranchise-db-deployer#flowable-async-job-executor-thread-62858#
[PollExecuteTaskStatusExecution] 29787a82-7f21-42fb-b29e-68fef013f5a1 [2026-07-30T02:27:45.480366] Deploying "src/gen/FranqueadoraService.StatusUnidade.hdbview"... (STDOUT, APP/TASK/deploy)#
#2026 07 30 02:50:34.296#Z#DEBUG#3ed74488-8bc1-11f1-85f0-eeee0a91cfe7.myfranchise-db-deployer#flowable-async-job-executor-thread-62858#
[PollExecuteTaskStatusExecution] 29787a82-7f21-42fb-b29e-68fef013f5a1 [2026-07-30T02:27:45.480369] Deploying "src/gen/localized.myfranchise.StatusTarefa.hdbview"... ok (0s 30ms) (STDOUT, APP/TASK/deploy)#
#2026 07 30 02:50:34.296#Z#DEBUG#3ed74488-8bc1-11f1-85f0-eeee0a91cfe7.myfranchise-db-deployer#flowable-async-job-executor-thread-62858#
[PollExecuteTaskStatusExecution] 29787a82-7f21-42fb-b29e-68fef013f5a1 [2026-07-30T02:27:45.480374] Deploying "src/gen/localized.myfranchise.StatusUnidade.hdbview"... (STDOUT, APP/TASK/deploy)#
#2026 07 30 02:50:34.296#Z#DEBUG#3ed74488-8bc1-11f1-85f0-eeee0a91cfe7.myfranchise-db-deployer#flowable-async-job-executor-thread-62858#
[PollExecuteTaskStatusExecution] 29787a82-7f21-42fb-b29e-68fef013f5a1 [2026-07-30T02:27:45.480376] Deploying "src/gen/FranqueadoService.StatusUnidade.hdbview"... ok (0s 30ms) (STDOUT, APP/TASK/deploy)#
#2026 07 30 02:50:34.296#Z#DEBUG#3ed74488-8bc1-11f1-85f0-eeee0a91cfe7.myfranchise-db-deployer#flowable-async-job-executor-thread-62858#
[PollExecuteTaskStatusExecution] 29787a82-7f21-42fb-b29e-68fef013f5a1 [2026-07-30T02:27:45.480379] Deploying "src/gen/FranqueadoService.TipoAlerta.hdbview"... (STDOUT, APP/TASK/deploy)#
#2026 07 30 02:50:34.296#Z#DEBUG#3ed74488-8bc1-11f1-85f0-eeee0a91cfe7.myfranchise-db-deployer#flowable-async-job-executor-thread-62858#
[PollExecuteTaskStatusExecution] 29787a82-7f21-42fb-b29e-68fef013f5a1 [2026-07-30T02:27:45.480381] Deploying "src/gen/FranqueadoraService.StatusUnidade.hdbview"... ok (0s 28ms) (STDOUT, APP/TASK/deploy)#
#2026 07 30 02:50:34.296#Z#DEBUG#3ed74488-8bc1-11f1-85f0-eeee0a91cfe7.myfranchise-db-deployer#flowable-async-job-executor-thread-62858#
[PollExecuteTaskStatusExecution] 29787a82-7f21-42fb-b29e-68fef013f5a1 [2026-07-30T02:27:45.480398] Deploying "src/gen/FranqueadoraService.TipoAlerta.hdbview"... (STDOUT, APP/TASK/deploy)#
#2026 07 30 02:50:34.296#Z#DEBUG#3ed74488-8bc1-11f1-85f0-eeee0a91cfe7.myfranchise-db-deployer#flowable-async-job-executor-thread-62858#
[PollExecuteTaskStatusExecution] 29787a82-7f21-42fb-b29e-68fef013f5a1 [2026-07-30T02:27:45.480400] Deploying "src/gen/localized.myfranchise.StatusUnidade.hdbview"... ok (0s 28ms) (STDOUT, APP/TASK/deploy)#
#2026 07 30 02:50:34.296#Z#DEBUG#3ed74488-8bc1-11f1-85f0-eeee0a91cfe7.myfranchise-db-deployer#flowable-async-job-executor-thread-62858#
[PollExecuteTaskStatusExecution] 29787a82-7f21-42fb-b29e-68fef013f5a1 [2026-07-30T02:27:45.480402] Deploying "src/gen/localized.myfranchise.TipoAlerta.hdbview"... (STDOUT, APP/TASK/deploy)#
#2026 07 30 02:50:34.296#Z#DEBUG#3ed74488-8bc1-11f1-85f0-eeee0a91cfe7.myfranchise-db-deployer#flowable-async-job-executor-thread-62858#
[PollExecuteTaskStatusExecution] 29787a82-7f21-42fb-b29e-68fef013f5a1 [2026-07-30T02:27:45.480411] Deploying "src/gen/FranqueadoService.TipoAlerta.hdbview"... ok (0s 29ms) (STDOUT, APP/TASK/deploy)#
#2026 07 30 02:50:34.296#Z#DEBUG#3ed74488-8bc1-11f1-85f0-eeee0a91cfe7.myfranchise-db-deployer#flowable-async-job-executor-thread-62858#
[PollExecuteTaskStatusExecution] 29787a82-7f21-42fb-b29e-68fef013f5a1 [2026-07-30T02:27:45.480416] Deploying "src/gen/FranqueadoService.TipoDesvio.hdbview"... (STDOUT, APP/TASK/deploy)#
#2026 07 30 02:50:34.296#Z#DEBUG#3ed74488-8bc1-11f1-85f0-eeee0a91cfe7.myfranchise-db-deployer#flowable-async-job-executor-thread-62858#
[PollExecuteTaskStatusExecution] 29787a82-7f21-42fb-b29e-68fef013f5a1 [2026-07-30T02:27:45.480420] Deploying "src/gen/FranqueadoraService.TipoAlerta.hdbview"... ok (0s 30ms) (STDOUT, APP/TASK/deploy)#
#2026 07 30 02:50:34.296#Z#DEBUG#3ed74488-8bc1-11f1-85f0-eeee0a91cfe7.myfranchise-db-deployer#flowable-async-job-executor-thread-62858#
[PollExecuteTaskStatusExecution] 29787a82-7f21-42fb-b29e-68fef013f5a1 [2026-07-30T02:27:45.480425] Deploying "src/gen/FranqueadoraService.TipoDesvio.hdbview"... (STDOUT, APP/TASK/deploy)#
#2026 07 30 02:50:34.296#Z#DEBUG#3ed74488-8bc1-11f1-85f0-eeee0a91cfe7.myfranchise-db-deployer#flowable-async-job-executor-thread-62858#
[PollExecuteTaskStatusExecution] 29787a82-7f21-42fb-b29e-68fef013f5a1 [2026-07-30T02:27:45.480427] Deploying "src/gen/localized.myfranchise.TipoAlerta.hdbview"... ok (0s 29ms) (STDOUT, APP/TASK/deploy)#
#2026 07 30 02:50:34.296#Z#DEBUG#3ed74488-8bc1-11f1-85f0-eeee0a91cfe7.myfranchise-db-deployer#flowable-async-job-executor-thread-62858#
[PollExecuteTaskStatusExecution] 29787a82-7f21-42fb-b29e-68fef013f5a1 [2026-07-30T02:27:45.480429] Deploying "src/gen/localized.myfranchise.TipoDesvio.hdbview"... (STDOUT, APP/TASK/deploy)#
#2026 07 30 02:50:34.296#Z#DEBUG#3ed74488-8bc1-11f1-85f0-eeee0a91cfe7.myfranchise-db-deployer#flowable-async-job-executor-thread-62858#
[PollExecuteTaskStatusExecution] 29787a82-7f21-42fb-b29e-68fef013f5a1 [2026-07-30T02:27:45.480431] Deploying "src/gen/FranqueadoService.TipoDesvio.hdbview"... ok (0s 29ms) (STDOUT, APP/TASK/deploy)#
#2026 07 30 02:50:34.296#Z#DEBUG#3ed74488-8bc1-11f1-85f0-eeee0a91cfe7.myfranchise-db-deployer#flowable-async-job-executor-thread-62858#
[PollExecuteTaskStatusExecution] 29787a82-7f21-42fb-b29e-68fef013f5a1 [2026-07-30T02:27:45.480432] Deploying "src/gen/FranqueadoService.TipoDocumento.hdbview"... (STDOUT, APP/TASK/deploy)#
#2026 07 30 02:50:34.296#Z#DEBUG#3ed74488-8bc1-11f1-85f0-eeee0a91cfe7.myfranchise-db-deployer#flowable-async-job-executor-thread-62858#
[PollExecuteTaskStatusExecution] 29787a82-7f21-42fb-b29e-68fef013f5a1 [2026-07-30T02:27:45.480435] Deploying "src/gen/FranqueadoraService.TipoDesvio.hdbview"... ok (0s 28ms) (STDOUT, APP/TASK/deploy)#
#2026 07 30 02:50:34.296#Z#DEBUG#3ed74488-8bc1-11f1-85f0-eeee0a91cfe7.myfranchise-db-deployer#flowable-async-job-executor-thread-62858#
[PollExecuteTaskStatusExecution] 29787a82-7f21-42fb-b29e-68fef013f5a1 [2026-07-30T02:27:45.480440] Deploying "src/gen/FranqueadoraService.TipoDocumento.hdbview"... (STDOUT, APP/TASK/deploy)#
#2026 07 30 02:50:34.296#Z#DEBUG#3ed74488-8bc1-11f1-85f0-eeee0a91cfe7.myfranchise-db-deployer#flowable-async-job-executor-thread-62858#
[PollExecuteTaskStatusExecution] 29787a82-7f21-42fb-b29e-68fef013f5a1 [2026-07-30T02:27:45.480443] Deploying "src/gen/localized.myfranchise.TipoDesvio.hdbview"... ok (0s 27ms) (STDOUT, APP/TASK/deploy)#
#2026 07 30 02:50:34.296#Z#DEBUG#3ed74488-8bc1-11f1-85f0-eeee0a91cfe7.myfranchise-db-deployer#flowable-async-job-executor-thread-62858#
[PollExecuteTaskStatusExecution] 29787a82-7f21-42fb-b29e-68fef013f5a1 [2026-07-30T02:27:45.480445] Deploying "src/gen/localized.myfranchise.TipoDocumento.hdbview"... (STDOUT, APP/TASK/deploy)#
#2026 07 30 02:50:34.296#Z#DEBUG#3ed74488-8bc1-11f1-85f0-eeee0a91cfe7.myfranchise-db-deployer#flowable-async-job-executor-thread-62858#
[PollExecuteTaskStatusExecution] 29787a82-7f21-42fb-b29e-68fef013f5a1 [2026-07-30T02:27:45.480447] Deploying "src/gen/FranqueadoService.TipoDocumento.hdbview"... ok (0s 28ms) (STDOUT, APP/TASK/deploy)#
#2026 07 30 02:50:34.296#Z#DEBUG#3ed74488-8bc1-11f1-85f0-eeee0a91cfe7.myfranchise-db-deployer#flowable-async-job-executor-thread-62858#
[PollExecuteTaskStatusExecution] 29787a82-7f21-42fb-b29e-68fef013f5a1 [2026-07-30T02:27:45.480471] Deploying "src/gen/FranqueadoService.TipoRecomendacao.hdbview"... (STDOUT, APP/TASK/deploy)#
#2026 07 30 02:50:34.296#Z#DEBUG#3ed74488-8bc1-11f1-85f0-eeee0a91cfe7.myfranchise-db-deployer#flowable-async-job-executor-thread-62858#
[PollExecuteTaskStatusExecution] 29787a82-7f21-42fb-b29e-68fef013f5a1 [2026-07-30T02:27:45.480475] Deploying "src/gen/FranqueadoraService.TipoDocumento.hdbview"... ok (0s 30ms) (STDOUT, APP/TASK/deploy)#
#2026 07 30 02:50:34.296#Z#DEBUG#3ed74488-8bc1-11f1-85f0-eeee0a91cfe7.myfranchise-db-deployer#flowable-async-job-executor-thread-62858#
[PollExecuteTaskStatusExecution] 29787a82-7f21-42fb-b29e-68fef013f5a1 [2026-07-30T02:27:45.480478] Deploying "src/gen/FranqueadoraService.TipoRecomendacao.hdbview"... (STDOUT, APP/TASK/deploy)#
#2026 07 30 02:50:34.296#Z#DEBUG#3ed74488-8bc1-11f1-85f0-eeee0a91cfe7.myfranchise-db-deployer#flowable-async-job-executor-thread-62858#
[PollExecuteTaskStatusExecution] 29787a82-7f21-42fb-b29e-68fef013f5a1 [2026-07-30T02:27:45.480482] Deploying "src/gen/localized.myfranchise.TipoDocumento.hdbview"... ok (0s 31ms) (STDOUT, APP/TASK/deploy)#
#2026 07 30 02:50:34.296#Z#DEBUG#3ed74488-8bc1-11f1-85f0-eeee0a91cfe7.myfranchise-db-deployer#flowable-async-job-executor-thread-62858#
[PollExecuteTaskStatusExecution] 29787a82-7f21-42fb-b29e-68fef013f5a1 [2026-07-30T02:27:45.480488] Deploying "src/gen/localized.myfranchise.TipoRecomendacao.hdbview"... (STDOUT, APP/TASK/deploy)#
#2026 07 30 02:50:34.296#Z#DEBUG#3ed74488-8bc1-11f1-85f0-eeee0a91cfe7.myfranchise-db-deployer#flowable-async-job-executor-thread-62858#
[PollExecuteTaskStatusExecution] 29787a82-7f21-42fb-b29e-68fef013f5a1 [2026-07-30T02:27:45.480495] Deploying "src/gen/FranqueadoService.TipoRecomendacao.hdbview"... ok (0s 30ms) (STDOUT, APP/TASK/deploy)#
#2026 07 30 02:50:34.296#Z#DEBUG#3ed74488-8bc1-11f1-85f0-eeee0a91cfe7.myfranchise-db-deployer#flowable-async-job-executor-thread-62858#
[PollExecuteTaskStatusExecution] 29787a82-7f21-42fb-b29e-68fef013f5a1 [2026-07-30T02:27:45.480497] Deploying "src/gen/FranqueadoService.Unidades.hdbview"... (STDOUT, APP/TASK/deploy)#
#2026 07 30 02:50:34.296#Z#DEBUG#3ed74488-8bc1-11f1-85f0-eeee0a91cfe7.myfranchise-db-deployer#flowable-async-job-executor-thread-62858#
[PollExecuteTaskStatusExecution] 29787a82-7f21-42fb-b29e-68fef013f5a1 [2026-07-30T02:27:45.480499] Deploying "src/gen/FranqueadoraService.TipoRecomendacao.hdbview"... ok (0s 30ms) (STDOUT, APP/TASK/deploy)#
#2026 07 30 02:50:34.296#Z#DEBUG#3ed74488-8bc1-11f1-85f0-eeee0a91cfe7.myfranchise-db-deployer#flowable-async-job-executor-thread-62858#
[PollExecuteTaskStatusExecution] 29787a82-7f21-42fb-b29e-68fef013f5a1 [2026-07-30T02:27:45.480501] Deploying "src/gen/FranqueadoraService.Unidades.hdbview"... (STDOUT, APP/TASK/deploy)#
#2026 07 30 02:50:34.296#Z#DEBUG#3ed74488-8bc1-11f1-85f0-eeee0a91cfe7.myfranchise-db-deployer#flowable-async-job-executor-thread-62858#
[PollExecuteTaskStatusExecution] 29787a82-7f21-42fb-b29e-68fef013f5a1 [2026-07-30T02:27:45.480503] Deploying "src/gen/localized.myfranchise.TipoRecomendacao.hdbview"... ok (0s 30ms) (STDOUT, APP/TASK/deploy)#
#2026 07 30 02:50:34.296#Z#DEBUG#3ed74488-8bc1-11f1-85f0-eeee0a91cfe7.myfranchise-db-deployer#flowable-async-job-executor-thread-62858#
[PollExecuteTaskStatusExecution] 29787a82-7f21-42fb-b29e-68fef013f5a1 [2026-07-30T02:27:45.480506] Deploying "src/gen/FranqueadoraService.VendaPraticada.hdbview"... (STDOUT, APP/TASK/deploy)#
#2026 07 30 02:50:34.296#Z#DEBUG#3ed74488-8bc1-11f1-85f0-eeee0a91cfe7.myfranchise-db-deployer#flowable-async-job-executor-thread-62858#
[PollExecuteTaskStatusExecution] 29787a82-7f21-42fb-b29e-68fef013f5a1 [2026-07-30T02:27:45.480508] Deploying "src/gen/FranqueadoService.Unidades.hdbview"... ok (0s 30ms) (STDOUT, APP/TASK/deploy)#
#2026 07 30 02:50:34.296#Z#DEBUG#3ed74488-8bc1-11f1-85f0-eeee0a91cfe7.myfranchise-db-deployer#flowable-async-job-executor-thread-62858#
[PollExecuteTaskStatusExecution] 29787a82-7f21-42fb-b29e-68fef013f5a1 [2026-07-30T02:27:45.480511] Deploying "src/gen/localized.FranqueadoService.Cluster.hdbview"... (STDOUT, APP/TASK/deploy)#
#2026 07 30 02:50:34.296#Z#DEBUG#3ed74488-8bc1-11f1-85f0-eeee0a91cfe7.myfranchise-db-deployer#flowable-async-job-executor-thread-62858#
[PollExecuteTaskStatusExecution] 29787a82-7f21-42fb-b29e-68fef013f5a1 [2026-07-30T02:27:45.480513] Deploying "src/gen/FranqueadoraService.Unidades.hdbview"... ok (0s 35ms) (STDOUT, APP/TASK/deploy)#
#2026 07 30 02:50:34.296#Z#DEBUG#3ed74488-8bc1-11f1-85f0-eeee0a91cfe7.myfranchise-db-deployer#flowable-async-job-executor-thread-62858#
[PollExecuteTaskStatusExecution] 29787a82-7f21-42fb-b29e-68fef013f5a1 [2026-07-30T02:27:45.480515] Deploying "src/gen/localized.FranqueadoraService.Cluster.hdbview"... (STDOUT, APP/TASK/deploy)#
#2026 07 30 02:50:34.296#Z#DEBUG#3ed74488-8bc1-11f1-85f0-eeee0a91cfe7.myfranchise-db-deployer#flowable-async-job-executor-thread-62858#
[PollExecuteTaskStatusExecution] 29787a82-7f21-42fb-b29e-68fef013f5a1 [2026-07-30T02:27:45.480519] Deploying "src/gen/localized.FranqueadoService.Cluster.hdbview"... ok (0s 35ms) (STDOUT, APP/TASK/deploy)#
#2026 07 30 02:50:34.296#Z#DEBUG#3ed74488-8bc1-11f1-85f0-eeee0a91cfe7.myfranchise-db-deployer#flowable-async-job-executor-thread-62858#
[PollExecuteTaskStatusExecution] 29787a82-7f21-42fb-b29e-68fef013f5a1 [2026-07-30T02:27:45.480521] Deploying "src/gen/localized.FranqueadoService.Prioridade.hdbview"... (STDOUT, APP/TASK/deploy)#
#2026 07 30 02:50:34.296#Z#DEBUG#3ed74488-8bc1-11f1-85f0-eeee0a91cfe7.myfranchise-db-deployer#flowable-async-job-executor-thread-62858#
[PollExecuteTaskStatusExecution] 29787a82-7f21-42fb-b29e-68fef013f5a1 [2026-07-30T02:27:45.480524] Deploying "src/gen/FranqueadoraService.VendaPraticada.hdbview"... ok (0s 36ms) (STDOUT, APP/TASK/deploy)#
#2026 07 30 02:50:34.296#Z#DEBUG#3ed74488-8bc1-11f1-85f0-eeee0a91cfe7.myfranchise-db-deployer#flowable-async-job-executor-thread-62858#
[PollExecuteTaskStatusExecution] 29787a82-7f21-42fb-b29e-68fef013f5a1 [2026-07-30T02:27:45.480526] Deploying "src/gen/localized.FranqueadoraService.Prioridade.hdbview"... (STDOUT, APP/TASK/deploy)#
#2026 07 30 02:50:34.296#Z#DEBUG#3ed74488-8bc1-11f1-85f0-eeee0a91cfe7.myfranchise-db-deployer#flowable-async-job-executor-thread-62858#
[PollExecuteTaskStatusExecution] 29787a82-7f21-42fb-b29e-68fef013f5a1 [2026-07-30T02:27:45.480548] Deploying "src/gen/localized.FranqueadoraService.Cluster.hdbview"... ok (0s 41ms) (STDOUT, APP/TASK/deploy)#
#2026 07 30 02:50:34.296#Z#DEBUG#3ed74488-8bc1-11f1-85f0-eeee0a91cfe7.myfranchise-db-deployer#flowable-async-job-executor-thread-62858#
[PollExecuteTaskStatusExecution] 29787a82-7f21-42fb-b29e-68fef013f5a1 [2026-07-30T02:27:45.480553] Deploying "src/gen/localized.FranqueadoService.Regiao.hdbview"... (STDOUT, APP/TASK/deploy)#
#2026 07 30 02:50:34.296#Z#DEBUG#3ed74488-8bc1-11f1-85f0-eeee0a91cfe7.myfranchise-db-deployer#flowable-async-job-executor-thread-62858#
[PollExecuteTaskStatusExecution] 29787a82-7f21-42fb-b29e-68fef013f5a1 [2026-07-30T02:27:45.480556] Deploying "src/gen/localized.FranqueadoraService.Prioridade.hdbview"... ok (0s 40ms) (STDOUT, APP/TASK/deploy)#
#2026 07 30 02:50:34.296#Z#DEBUG#3ed74488-8bc1-11f1-85f0-eeee0a91cfe7.myfranchise-db-deployer#flowable-async-job-executor-thread-62858#
[PollExecuteTaskStatusExecution] 29787a82-7f21-42fb-b29e-68fef013f5a1 [2026-07-30T02:27:45.480559] Deploying "src/gen/localized.FranqueadoraService.Regiao.hdbview"... (STDOUT, APP/TASK/deploy)#
#2026 07 30 02:50:34.296#Z#DEBUG#3ed74488-8bc1-11f1-85f0-eeee0a91cfe7.myfranchise-db-deployer#flowable-async-job-executor-thread-62858#
[PollExecuteTaskStatusExecution] 29787a82-7f21-42fb-b29e-68fef013f5a1 [2026-07-30T02:27:45.480562] Deploying "src/gen/localized.FranqueadoService.Prioridade.hdbview"... ok (0s 41ms) (STDOUT, APP/TASK/deploy)#
#2026 07 30 02:50:34.296#Z#DEBUG#3ed74488-8bc1-11f1-85f0-eeee0a91cfe7.myfranchise-db-deployer#flowable-async-job-executor-thread-62858#
[PollExecuteTaskStatusExecution] 29787a82-7f21-42fb-b29e-68fef013f5a1 [2026-07-30T02:27:45.480564] Deploying "src/gen/localized.FranqueadoService.Severidade.hdbview"... (STDOUT, APP/TASK/deploy)#
#2026 07 30 02:50:34.296#Z#DEBUG#3ed74488-8bc1-11f1-85f0-eeee0a91cfe7.myfranchise-db-deployer#flowable-async-job-executor-thread-62858#
[PollExecuteTaskStatusExecution] 29787a82-7f21-42fb-b29e-68fef013f5a1 [2026-07-30T02:27:45.480566] Deploying "src/gen/localized.FranqueadoService.Regiao.hdbview"... ok (0s 40ms) (STDOUT, APP/TASK/deploy)#
#2026 07 30 02:50:34.296#Z#DEBUG#3ed74488-8bc1-11f1-85f0-eeee0a91cfe7.myfranchise-db-deployer#flowable-async-job-executor-thread-62858#
[PollExecuteTaskStatusExecution] 29787a82-7f21-42fb-b29e-68fef013f5a1 [2026-07-30T02:27:45.480567] Deploying "src/gen/localized.FranqueadoraService.Severidade.hdbview"... (STDOUT, APP/TASK/deploy)#
#2026 07 30 02:50:34.296#Z#DEBUG#3ed74488-8bc1-11f1-85f0-eeee0a91cfe7.myfranchise-db-deployer#flowable-async-job-executor-thread-62858#
[PollExecuteTaskStatusExecution] 29787a82-7f21-42fb-b29e-68fef013f5a1 [2026-07-30T02:27:45.480569] Deploying "src/gen/localized.FranqueadoService.Severidade.hdbview"... ok (0s 40ms) (STDOUT, APP/TASK/deploy)#
#2026 07 30 02:50:34.296#Z#DEBUG#3ed74488-8bc1-11f1-85f0-eeee0a91cfe7.myfranchise-db-deployer#flowable-async-job-executor-thread-62858#
[PollExecuteTaskStatusExecution] 29787a82-7f21-42fb-b29e-68fef013f5a1 [2026-07-30T02:27:45.480571] Deploying "src/gen/localized.FranqueadoService.StatusAlerta.hdbview"... (STDOUT, APP/TASK/deploy)#
#2026 07 30 02:50:34.296#Z#DEBUG#3ed74488-8bc1-11f1-85f0-eeee0a91cfe7.myfranchise-db-deployer#flowable-async-job-executor-thread-62858#
[PollExecuteTaskStatusExecution] 29787a82-7f21-42fb-b29e-68fef013f5a1 [2026-07-30T02:27:45.480573] Deploying "src/gen/localized.FranqueadoraService.Regiao.hdbview"... ok (0s 40ms) (STDOUT, APP/TASK/deploy)#
#2026 07 30 02:50:34.296#Z#DEBUG#3ed74488-8bc1-11f1-85f0-eeee0a91cfe7.myfranchise-db-deployer#flowable-async-job-executor-thread-62858#
[PollExecuteTaskStatusExecution] 29787a82-7f21-42fb-b29e-68fef013f5a1 [2026-07-30T02:27:45.480575] Deploying "src/gen/localized.FranqueadoraService.StatusAlerta.hdbview"... (STDOUT, APP/TASK/deploy)#
#2026 07 30 02:50:34.296#Z#DEBUG#3ed74488-8bc1-11f1-85f0-eeee0a91cfe7.myfranchise-db-deployer#flowable-async-job-executor-thread-62858#
[PollExecuteTaskStatusExecution] 29787a82-7f21-42fb-b29e-68fef013f5a1 [2026-07-30T02:27:45.480577] Deploying "src/gen/localized.FranqueadoraService.Severidade.hdbview"... ok (0s 40ms) (STDOUT, APP/TASK/deploy)#
#2026 07 30 02:50:34.296#Z#DEBUG#3ed74488-8bc1-11f1-85f0-eeee0a91cfe7.myfranchise-db-deployer#flowable-async-job-executor-thread-62858#
[PollExecuteTaskStatusExecution] 29787a82-7f21-42fb-b29e-68fef013f5a1 [2026-07-30T02:27:45.480579] Deploying "src/gen/localized.FranqueadoService.StatusAprovacao.hdbview"... (STDOUT, APP/TASK/deploy)#
#2026 07 30 02:50:34.296#Z#DEBUG#3ed74488-8bc1-11f1-85f0-eeee0a91cfe7.myfranchise-db-deployer#flowable-async-job-executor-thread-62858#
[PollExecuteTaskStatusExecution] 29787a82-7f21-42fb-b29e-68fef013f5a1 [2026-07-30T02:27:45.480590] Deploying "src/gen/localized.FranqueadoraService.StatusAlerta.hdbview"... ok (0s 40ms) (STDOUT, APP/TASK/deploy)#
#2026 07 30 02:50:34.296#Z#DEBUG#3ed74488-8bc1-11f1-85f0-eeee0a91cfe7.myfranchise-db-deployer#flowable-async-job-executor-thread-62858#
[PollExecuteTaskStatusExecution] 29787a82-7f21-42fb-b29e-68fef013f5a1 [2026-07-30T02:27:45.480591] Deploying "src/gen/localized.FranqueadoraService.StatusAprovacao.hdbview"... (STDOUT, APP/TASK/deploy)#
#2026 07 30 02:50:34.296#Z#DEBUG#3ed74488-8bc1-11f1-85f0-eeee0a91cfe7.myfranchise-db-deployer#flowable-async-job-executor-thread-62858#
[PollExecuteTaskStatusExecution] 29787a82-7f21-42fb-b29e-68fef013f5a1 [2026-07-30T02:27:45.480593] Deploying "src/gen/localized.FranqueadoService.StatusAlerta.hdbview"... ok (0s 41ms) (STDOUT, APP/TASK/deploy)#
#2026 07 30 02:50:34.296#Z#DEBUG#3ed74488-8bc1-11f1-85f0-eeee0a91cfe7.myfranchise-db-deployer#flowable-async-job-executor-thread-62858#
[PollExecuteTaskStatusExecution] 29787a82-7f21-42fb-b29e-68fef013f5a1 [2026-07-30T02:27:45.480595] Deploying "src/gen/localized.FranqueadoraService.StatusCatalogo.hdbview"... (STDOUT, APP/TASK/deploy)#
#2026 07 30 02:50:34.296#Z#DEBUG#3ed74488-8bc1-11f1-85f0-eeee0a91cfe7.myfranchise-db-deployer#flowable-async-job-executor-thread-62858#
[PollExecuteTaskStatusExecution] 29787a82-7f21-42fb-b29e-68fef013f5a1 [2026-07-30T02:27:45.480597] Deploying "src/gen/localized.FranqueadoService.StatusAprovacao.hdbview"... ok (0s 42ms) (STDOUT, APP/TASK/deploy)#
#2026 07 30 02:50:34.296#Z#DEBUG#3ed74488-8bc1-11f1-85f0-eeee0a91cfe7.myfranchise-db-deployer#flowable-async-job-executor-thread-62858#
[PollExecuteTaskStatusExecution] 29787a82-7f21-42fb-b29e-68fef013f5a1 [2026-07-30T02:27:45.480599] Deploying "src/gen/localized.FranqueadoService.StatusContrato.hdbview"... (STDOUT, APP/TASK/deploy)#
#2026 07 30 02:50:34.296#Z#DEBUG#3ed74488-8bc1-11f1-85f0-eeee0a91cfe7.myfranchise-db-deployer#flowable-async-job-executor-thread-62858#
[PollExecuteTaskStatusExecution] 29787a82-7f21-42fb-b29e-68fef013f5a1 [2026-07-30T02:27:45.480601] Deploying "src/gen/localized.FranqueadoraService.StatusAprovacao.hdbview"... ok (0s 43ms) (STDOUT, APP/TASK/deploy)#
#2026 07 30 02:50:34.296#Z#DEBUG#3ed74488-8bc1-11f1-85f0-eeee0a91cfe7.myfranchise-db-deployer#flowable-async-job-executor-thread-62858#
[PollExecuteTaskStatusExecution] 29787a82-7f21-42fb-b29e-68fef013f5a1 [2026-07-30T02:27:45.480619] Deploying "src/gen/localized.FranqueadoraService.StatusContrato.hdbview"... (STDOUT, APP/TASK/deploy)#
#2026 07 30 02:50:34.296#Z#DEBUG#3ed74488-8bc1-11f1-85f0-eeee0a91cfe7.myfranchise-db-deployer#flowable-async-job-executor-thread-62858#
[PollExecuteTaskStatusExecution] 29787a82-7f21-42fb-b29e-68fef013f5a1 [2026-07-30T02:27:45.480621] Deploying "src/gen/localized.FranqueadoraService.StatusCatalogo.hdbview"... ok (0s 42ms) (STDOUT, APP/TASK/deploy)#
#2026 07 30 02:50:34.296#Z#DEBUG#3ed74488-8bc1-11f1-85f0-eeee0a91cfe7.myfranchise-db-deployer#flowable-async-job-executor-thread-62858#
[PollExecuteTaskStatusExecution] 29787a82-7f21-42fb-b29e-68fef013f5a1 [2026-07-30T02:27:45.480623] Deploying "src/gen/localized.FranqueadoService.StatusDesvio.hdbview"... (STDOUT, APP/TASK/deploy)#
#2026 07 30 02:50:34.296#Z#DEBUG#3ed74488-8bc1-11f1-85f0-eeee0a91cfe7.myfranchise-db-deployer#flowable-async-job-executor-thread-62858#
[PollExecuteTaskStatusExecution] 29787a82-7f21-42fb-b29e-68fef013f5a1 [2026-07-30T02:27:45.480628] Deploying "src/gen/localized.FranqueadoService.StatusContrato.hdbview"... ok (0s 39ms) (STDOUT, APP/TASK/deploy)#
#2026 07 30 02:50:34.296#Z#DEBUG#3ed74488-8bc1-11f1-85f0-eeee0a91cfe7.myfranchise-db-deployer#flowable-async-job-executor-thread-62858#
[PollExecuteTaskStatusExecution] 29787a82-7f21-42fb-b29e-68fef013f5a1 [2026-07-30T02:27:45.480631] Deploying "src/gen/localized.FranqueadoraService.StatusDesvio.hdbview"... (STDOUT, APP/TASK/deploy)#
#2026 07 30 02:50:34.296#Z#DEBUG#3ed74488-8bc1-11f1-85f0-eeee0a91cfe7.myfranchise-db-deployer#flowable-async-job-executor-thread-62858#
[PollExecuteTaskStatusExecution] 29787a82-7f21-42fb-b29e-68fef013f5a1 [2026-07-30T02:27:45.480633] Deploying "src/gen/localized.FranqueadoraService.StatusContrato.hdbview"... ok (0s 39ms) (STDOUT, APP/TASK/deploy)#
#2026 07 30 02:50:34.296#Z#DEBUG#3ed74488-8bc1-11f1-85f0-eeee0a91cfe7.myfranchise-db-deployer#flowable-async-job-executor-thread-62858#
[PollExecuteTaskStatusExecution] 29787a82-7f21-42fb-b29e-68fef013f5a1 [2026-07-30T02:27:45.480636] Deploying "src/gen/localized.FranqueadoService.StatusDocumento.hdbview"... (STDOUT, APP/TASK/deploy)#
#2026 07 30 02:50:34.296#Z#DEBUG#3ed74488-8bc1-11f1-85f0-eeee0a91cfe7.myfranchise-db-deployer#flowable-async-job-executor-thread-62858#
[PollExecuteTaskStatusExecution] 29787a82-7f21-42fb-b29e-68fef013f5a1 [2026-07-30T02:27:45.480647] Deploying "src/gen/localized.FranqueadoService.StatusDesvio.hdbview"... ok (0s 38ms) (STDOUT, APP/TASK/deploy)#
#2026 07 30 02:50:34.296#Z#DEBUG#3ed74488-8bc1-11f1-85f0-eeee0a91cfe7.myfranchise-db-deployer#flowable-async-job-executor-thread-62858#
[PollExecuteTaskStatusExecution] 29787a82-7f21-42fb-b29e-68fef013f5a1 [2026-07-30T02:27:45.480650] Deploying "src/gen/localized.FranqueadoraService.StatusDocumento.hdbview"... (STDOUT, APP/TASK/deploy)#
#2026 07 30 02:50:34.296#Z#DEBUG#3ed74488-8bc1-11f1-85f0-eeee0a91cfe7.myfranchise-db-deployer#flowable-async-job-executor-thread-62858#
[PollExecuteTaskStatusExecution] 29787a82-7f21-42fb-b29e-68fef013f5a1 [2026-07-30T02:27:45.480652] Deploying "src/gen/localized.FranqueadoraService.StatusDesvio.hdbview"... ok (0s 40ms) (STDOUT, APP/TASK/deploy)#
#2026 07 30 02:50:34.296#Z#DEBUG#3ed74488-8bc1-11f1-85f0-eeee0a91cfe7.myfranchise-db-deployer#flowable-async-job-executor-thread-62858#
[PollExecuteTaskStatusExecution] 29787a82-7f21-42fb-b29e-68fef013f5a1 [2026-07-30T02:27:45.480654] Deploying "src/gen/localized.FranqueadoraService.StatusFranqueado.hdbview"... (STDOUT, APP/TASK/deploy)#
#2026 07 30 02:50:34.296#Z#DEBUG#3ed74488-8bc1-11f1-85f0-eeee0a91cfe7.myfranchise-db-deployer#flowable-async-job-executor-thread-62858#
[PollExecuteTaskStatusExecution] 29787a82-7f21-42fb-b29e-68fef013f5a1 [2026-07-30T02:27:45.480656] Deploying "src/gen/localized.FranqueadoraService.StatusDocumento.hdbview"... ok (0s 39ms) (STDOUT, APP/TASK/deploy)#
#2026 07 30 02:50:34.296#Z#DEBUG#3ed74488-8bc1-11f1-85f0-eeee0a91cfe7.myfranchise-db-deployer#flowable-async-job-executor-thread-62858#
[PollExecuteTaskStatusExecution] 29787a82-7f21-42fb-b29e-68fef013f5a1 [2026-07-30T02:27:45.480658] Deploying "src/gen/localized.FranqueadoService.StatusKPI.hdbview"... (STDOUT, APP/TASK/deploy)#
#2026 07 30 02:50:34.296#Z#DEBUG#3ed74488-8bc1-11f1-85f0-eeee0a91cfe7.myfranchise-db-deployer#flowable-async-job-executor-thread-62858#
[PollExecuteTaskStatusExecution] 29787a82-7f21-42fb-b29e-68fef013f5a1 [2026-07-30T02:27:45.480668] Deploying "src/gen/localized.FranqueadoService.StatusDocumento.hdbview"... ok (0s 40ms) (STDOUT, APP/TASK/deploy)#
#2026 07 30 02:50:34.296#Z#DEBUG#3ed74488-8bc1-11f1-85f0-eeee0a91cfe7.myfranchise-db-deployer#flowable-async-job-executor-thread-62858#
[PollExecuteTaskStatusExecution] 29787a82-7f21-42fb-b29e-68fef013f5a1 [2026-07-30T02:27:45.480670] Deploying "src/gen/localized.FranqueadoraService.StatusKPI.hdbview"... (STDOUT, APP/TASK/deploy)#
#2026 07 30 02:50:34.296#Z#DEBUG#3ed74488-8bc1-11f1-85f0-eeee0a91cfe7.myfranchise-db-deployer#flowable-async-job-executor-thread-62858#
[PollExecuteTaskStatusExecution] 29787a82-7f21-42fb-b29e-68fef013f5a1 [2026-07-30T02:27:45.480672] Deploying "src/gen/localized.FranqueadoraService.StatusFranqueado.hdbview"... ok (0s 39ms) (STDOUT, APP/TASK/deploy)#
#2026 07 30 02:50:34.296#Z#DEBUG#3ed74488-8bc1-11f1-85f0-eeee0a91cfe7.myfranchise-db-deployer#flowable-async-job-executor-thread-62858#
[PollExecuteTaskStatusExecution] 29787a82-7f21-42fb-b29e-68fef013f5a1 [2026-07-30T02:27:45.480673] Deploying "src/gen/localized.FranqueadoService.StatusNotificacao.hdbview"... (STDOUT, APP/TASK/deploy)#
#2026 07 30 02:50:34.296#Z#DEBUG#3ed74488-8bc1-11f1-85f0-eeee0a91cfe7.myfranchise-db-deployer#flowable-async-job-executor-thread-62858#
[PollExecuteTaskStatusExecution] 29787a82-7f21-42fb-b29e-68fef013f5a1 [2026-07-30T02:27:45.480689] Deploying "src/gen/localized.FranqueadoService.StatusKPI.hdbview"... ok (0s 39ms) (STDOUT, APP/TASK/deploy)#
#2026 07 30 02:50:34.296#Z#DEBUG#3ed74488-8bc1-11f1-85f0-eeee0a91cfe7.myfranchise-db-deployer#flowable-async-job-executor-thread-62858#
[PollExecuteTaskStatusExecution] 29787a82-7f21-42fb-b29e-68fef013f5a1 [2026-07-30T02:27:45.480691] Deploying "src/gen/localized.FranqueadoraService.StatusNotificacao.hdbview"... (STDOUT, APP/TASK/deploy)#
#2026 07 30 02:50:34.296#Z#DEBUG#3ed74488-8bc1-11f1-85f0-eeee0a91cfe7.myfranchise-db-deployer#flowable-async-job-executor-thread-62858#
[PollExecuteTaskStatusExecution] 29787a82-7f21-42fb-b29e-68fef013f5a1 [2026-07-30T02:27:45.480693] Deploying "src/gen/localized.FranqueadoraService.StatusKPI.hdbview"... ok (0s 40ms) (STDOUT, APP/TASK/deploy)#
#2026 07 30 02:50:34.296#Z#DEBUG#3ed74488-8bc1-11f1-85f0-eeee0a91cfe7.myfranchise-db-deployer#flowable-async-job-executor-thread-62858#
[PollExecuteTaskStatusExecution] 29787a82-7f21-42fb-b29e-68fef013f5a1 [2026-07-30T02:27:45.480695] Deploying "src/gen/localized.FranqueadoService.StatusOnboarding.hdbview"... (STDOUT, APP/TASK/deploy)#
#2026 07 30 02:50:34.296#Z#DEBUG#3ed74488-8bc1-11f1-85f0-eeee0a91cfe7.myfranchise-db-deployer#flowable-async-job-executor-thread-62858#
[PollExecuteTaskStatusExecution] 29787a82-7f21-42fb-b29e-68fef013f5a1 [2026-07-30T02:27:45.480698] Deploying "src/gen/localized.FranqueadoService.StatusNotificacao.hdbview"... ok (0s 38ms) (STDOUT, APP/TASK/deploy)#
#2026 07 30 02:50:34.296#Z#DEBUG#3ed74488-8bc1-11f1-85f0-eeee0a91cfe7.myfranchise-db-deployer#flowable-async-job-executor-thread-62858#
[PollExecuteTaskStatusExecution] 29787a82-7f21-42fb-b29e-68fef013f5a1 [2026-07-30T02:27:45.480701] Deploying "src/gen/localized.FranqueadoraService.StatusOnboarding.hdbview"... (STDOUT, APP/TASK/deploy)#
#2026 07 30 02:50:34.296#Z#DEBUG#3ed74488-8bc1-11f1-85f0-eeee0a91cfe7.myfranchise-db-deployer#flowable-async-job-executor-thread-62858#
[PollExecuteTaskStatusExecution] 29787a82-7f21-42fb-b29e-68fef013f5a1 [2026-07-30T02:27:45.480704] Deploying "src/gen/localized.FranqueadoService.StatusOnboarding.hdbview"... ok (0s 38ms) (STDOUT, APP/TASK/deploy)#
#2026 07 30 02:50:34.296#Z#DEBUG#3ed74488-8bc1-11f1-85f0-eeee0a91cfe7.myfranchise-db-deployer#flowable-async-job-executor-thread-62858#
[PollExecuteTaskStatusExecution] 29787a82-7f21-42fb-b29e-68fef013f5a1 [2026-07-30T02:27:45.480715] Deploying "src/gen/localized.FranqueadoService.StatusRecomendacao.hdbview"... (STDOUT, APP/TASK/deploy)#
#2026 07 30 02:50:34.296#Z#DEBUG#3ed74488-8bc1-11f1-85f0-eeee0a91cfe7.myfranchise-db-deployer#flowable-async-job-executor-thread-62858#
[PollExecuteTaskStatusExecution] 29787a82-7f21-42fb-b29e-68fef013f5a1 [2026-07-30T02:27:45.480729] Deploying "src/gen/localized.FranqueadoraService.StatusNotificacao.hdbview"... ok (0s 38ms) (STDOUT, APP/TASK/deploy)#
#2026 07 30 02:50:34.296#Z#DEBUG#3ed74488-8bc1-11f1-85f0-eeee0a91cfe7.myfranchise-db-deployer#flowable-async-job-executor-thread-62858#
[PollExecuteTaskStatusExecution] 29787a82-7f21-42fb-b29e-68fef013f5a1 [2026-07-30T02:27:45.480731] Deploying "src/gen/localized.FranqueadoraService.StatusRecomendacao.hdbview"... (STDOUT, APP/TASK/deploy)#
#2026 07 30 02:50:34.296#Z#DEBUG#3ed74488-8bc1-11f1-85f0-eeee0a91cfe7.myfranchise-db-deployer#flowable-async-job-executor-thread-62858#
[PollExecuteTaskStatusExecution] 29787a82-7f21-42fb-b29e-68fef013f5a1 [2026-07-30T02:27:45.480733] Deploying "src/gen/localized.FranqueadoraService.StatusOnboarding.hdbview"... ok (0s 45ms) (STDOUT, APP/TASK/deploy)#
#2026 07 30 02:50:34.296#Z#DEBUG#3ed74488-8bc1-11f1-85f0-eeee0a91cfe7.myfranchise-db-deployer#flowable-async-job-executor-thread-62858#
[PollExecuteTaskStatusExecution] 29787a82-7f21-42fb-b29e-68fef013f5a1 [2026-07-30T02:27:45.480735] Deploying "src/gen/localized.FranqueadoService.StatusTarefa.hdbview"... (STDOUT, APP/TASK/deploy)#
#2026 07 30 02:50:34.296#Z#DEBUG#3ed74488-8bc1-11f1-85f0-eeee0a91cfe7.myfranchise-db-deployer#flowable-async-job-executor-thread-62858#
[PollExecuteTaskStatusExecution] 29787a82-7f21-42fb-b29e-68fef013f5a1 [2026-07-30T02:27:45.480737] Deploying "src/gen/localized.FranqueadoraService.StatusRecomendacao.hdbview"... ok (0s 44ms) (STDOUT, APP/TASK/deploy)#
#2026 07 30 02:50:34.296#Z#DEBUG#3ed74488-8bc1-11f1-85f0-eeee0a91cfe7.myfranchise-db-deployer#flowable-async-job-executor-thread-62858#
[PollExecuteTaskStatusExecution] 29787a82-7f21-42fb-b29e-68fef013f5a1 [2026-07-30T02:27:45.480738] Deploying "src/gen/localized.FranqueadoraService.StatusTarefa.hdbview"... (STDOUT, APP/TASK/deploy)#
#2026 07 30 02:50:34.296#Z#DEBUG#3ed74488-8bc1-11f1-85f0-eeee0a91cfe7.myfranchise-db-deployer#flowable-async-job-executor-thread-62858#
[PollExecuteTaskStatusExecution] 29787a82-7f21-42fb-b29e-68fef013f5a1 [2026-07-30T02:27:45.480748] Deploying "src/gen/localized.FranqueadoService.StatusRecomendacao.hdbview"... ok (0s 45ms) (STDOUT, APP/TASK/deploy)#
#2026 07 30 02:50:34.296#Z#DEBUG#3ed74488-8bc1-11f1-85f0-eeee0a91cfe7.myfranchise-db-deployer#flowable-async-job-executor-thread-62858#
[PollExecuteTaskStatusExecution] 29787a82-7f21-42fb-b29e-68fef013f5a1 [2026-07-30T02:27:45.480750] Deploying "src/gen/localized.FranqueadoService.StatusUnidade.hdbview"... (STDOUT, APP/TASK/deploy)#
#2026 07 30 02:50:34.296#Z#DEBUG#3ed74488-8bc1-11f1-85f0-eeee0a91cfe7.myfranchise-db-deployer#flowable-async-job-executor-thread-62858#
[PollExecuteTaskStatusExecution] 29787a82-7f21-42fb-b29e-68fef013f5a1 [2026-07-30T02:27:45.480752] Deploying "src/gen/localized.FranqueadoService.StatusTarefa.hdbview"... ok (0s 40ms) (STDOUT, APP/TASK/deploy)#
#2026 07 30 02:50:34.296#Z#DEBUG#3ed74488-8bc1-11f1-85f0-eeee0a91cfe7.myfranchise-db-deployer#flowable-async-job-executor-thread-62858#
[PollExecuteTaskStatusExecution] 29787a82-7f21-42fb-b29e-68fef013f5a1 [2026-07-30T02:27:45.480755] Deploying "src/gen/localized.FranqueadoraService.StatusUnidade.hdbview"... (STDOUT, APP/TASK/deploy)#
#2026 07 30 02:50:34.296#Z#DEBUG#3ed74488-8bc1-11f1-85f0-eeee0a91cfe7.myfranchise-db-deployer#flowable-async-job-executor-thread-62858#
[PollExecuteTaskStatusExecution] 29787a82-7f21-42fb-b29e-68fef013f5a1 [2026-07-30T02:27:45.480757] Deploying "src/gen/localized.FranqueadoraService.StatusTarefa.hdbview"... ok (0s 39ms) (STDOUT, APP/TASK/deploy)#
#2026 07 30 02:50:34.296#Z#DEBUG#3ed74488-8bc1-11f1-85f0-eeee0a91cfe7.myfranchise-db-deployer#flowable-async-job-executor-thread-62858#
[PollExecuteTaskStatusExecution] 29787a82-7f21-42fb-b29e-68fef013f5a1 [2026-07-30T02:27:45.480759] Deploying "src/gen/localized.FranqueadoService.TipoAlerta.hdbview"... (STDOUT, APP/TASK/deploy)#
#2026 07 30 02:50:34.296#Z#DEBUG#3ed74488-8bc1-11f1-85f0-eeee0a91cfe7.myfranchise-db-deployer#flowable-async-job-executor-thread-62858#
[PollExecuteTaskStatusExecution] 29787a82-7f21-42fb-b29e-68fef013f5a1 [2026-07-30T02:27:45.480762] Deploying "src/gen/localized.FranqueadoService.StatusUnidade.hdbview"... ok (0s 40ms) (STDOUT, APP/TASK/deploy)#
#2026 07 30 02:50:34.296#Z#DEBUG#3ed74488-8bc1-11f1-85f0-eeee0a91cfe7.myfranchise-db-deployer#flowable-async-job-executor-thread-62858#
[PollExecuteTaskStatusExecution] 29787a82-7f21-42fb-b29e-68fef013f5a1 [2026-07-30T02:27:45.480764] Deploying "src/gen/localized.FranqueadoraService.TipoAlerta.hdbview"... (STDOUT, APP/TASK/deploy)#
#2026 07 30 02:50:34.296#Z#DEBUG#3ed74488-8bc1-11f1-85f0-eeee0a91cfe7.myfranchise-db-deployer#flowable-async-job-executor-thread-62858#
[PollExecuteTaskStatusExecution] 29787a82-7f21-42fb-b29e-68fef013f5a1 [2026-07-30T02:27:45.480770] Deploying "src/gen/localized.FranqueadoraService.StatusUnidade.hdbview"... ok (0s 39ms) (STDOUT, APP/TASK/deploy)#
#2026 07 30 02:50:34.296#Z#DEBUG#3ed74488-8bc1-11f1-85f0-eeee0a91cfe7.myfranchise-db-deployer#flowable-async-job-executor-thread-62858#
[PollExecuteTaskStatusExecution] 29787a82-7f21-42fb-b29e-68fef013f5a1 [2026-07-30T02:27:45.480772] Deploying "src/gen/localized.FranqueadoService.TipoDesvio.hdbview"... (STDOUT, APP/TASK/deploy)#
#2026 07 30 02:50:34.296#Z#DEBUG#3ed74488-8bc1-11f1-85f0-eeee0a91cfe7.myfranchise-db-deployer#flowable-async-job-executor-thread-62858#
[PollExecuteTaskStatusExecution] 29787a82-7f21-42fb-b29e-68fef013f5a1 [2026-07-30T02:27:45.480831] Deploying "src/gen/localized.FranqueadoraService.TipoAlerta.hdbview"... ok (0s 40ms) (STDOUT, APP/TASK/deploy)#
#2026 07 30 02:50:34.296#Z#DEBUG#3ed74488-8bc1-11f1-85f0-eeee0a91cfe7.myfranchise-db-deployer#flowable-async-job-executor-thread-62858#
[PollExecuteTaskStatusExecution] 29787a82-7f21-42fb-b29e-68fef013f5a1 [2026-07-30T02:27:45.480841] Deploying "src/gen/localized.FranqueadoraService.TipoDesvio.hdbview"... (STDOUT, APP/TASK/deploy)#
#2026 07 30 02:50:34.297#Z#DEBUG#3ed74488-8bc1-11f1-85f0-eeee0a91cfe7.myfranchise-db-deployer#flowable-async-job-executor-thread-62858#
[PollExecuteTaskStatusExecution] 29787a82-7f21-42fb-b29e-68fef013f5a1 [2026-07-30T02:27:45.480848] Deploying "src/gen/localized.FranqueadoService.TipoAlerta.hdbview"... ok (0s 41ms) (STDOUT, APP/TASK/deploy)#
#2026 07 30 02:50:34.297#Z#DEBUG#3ed74488-8bc1-11f1-85f0-eeee0a91cfe7.myfranchise-db-deployer#flowable-async-job-executor-thread-62858#
[PollExecuteTaskStatusExecution] 29787a82-7f21-42fb-b29e-68fef013f5a1 [2026-07-30T02:27:45.480851] Deploying "src/gen/localized.FranqueadoService.TipoDocumento.hdbview"... (STDOUT, APP/TASK/deploy)#
#2026 07 30 02:50:34.297#Z#DEBUG#3ed74488-8bc1-11f1-85f0-eeee0a91cfe7.myfranchise-db-deployer#flowable-async-job-executor-thread-62858#
[PollExecuteTaskStatusExecution] 29787a82-7f21-42fb-b29e-68fef013f5a1 [2026-07-30T02:27:45.480858] Deploying "src/gen/localized.FranqueadoService.TipoDesvio.hdbview"... ok (0s 38ms) (STDOUT, APP/TASK/deploy)#
#2026 07 30 02:50:34.297#Z#DEBUG#3ed74488-8bc1-11f1-85f0-eeee0a91cfe7.myfranchise-db-deployer#flowable-async-job-executor-thread-62858#
[PollExecuteTaskStatusExecution] 29787a82-7f21-42fb-b29e-68fef013f5a1 [2026-07-30T02:27:45.480864] Deploying "src/gen/localized.FranqueadoraService.TipoDocumento.hdbview"... (STDOUT, APP/TASK/deploy)#
#2026 07 30 02:50:34.297#Z#DEBUG#3ed74488-8bc1-11f1-85f0-eeee0a91cfe7.myfranchise-db-deployer#flowable-async-job-executor-thread-62858#
[PollExecuteTaskStatusExecution] 29787a82-7f21-42fb-b29e-68fef013f5a1 [2026-07-30T02:27:45.480867] Deploying "src/gen/localized.FranqueadoraService.TipoDesvio.hdbview"... ok (0s 38ms) (STDOUT, APP/TASK/deploy)#
#2026 07 30 02:50:34.297#Z#DEBUG#3ed74488-8bc1-11f1-85f0-eeee0a91cfe7.myfranchise-db-deployer#flowable-async-job-executor-thread-62858#
[PollExecuteTaskStatusExecution] 29787a82-7f21-42fb-b29e-68fef013f5a1 [2026-07-30T02:27:45.480869] Deploying "src/gen/localized.FranqueadoService.TipoRecomendacao.hdbview"... (STDOUT, APP/TASK/deploy)#
#2026 07 30 02:50:34.297#Z#DEBUG#3ed74488-8bc1-11f1-85f0-eeee0a91cfe7.myfranchise-db-deployer#flowable-async-job-executor-thread-62858#
[PollExecuteTaskStatusExecution] 29787a82-7f21-42fb-b29e-68fef013f5a1 [2026-07-30T02:27:45.480872] Deploying "src/gen/localized.FranqueadoService.TipoDocumento.hdbview"... ok (0s 38ms) (STDOUT, APP/TASK/deploy)#
#2026 07 30 02:50:34.297#Z#DEBUG#3ed74488-8bc1-11f1-85f0-eeee0a91cfe7.myfranchise-db-deployer#flowable-async-job-executor-thread-62858#
[PollExecuteTaskStatusExecution] 29787a82-7f21-42fb-b29e-68fef013f5a1 [2026-07-30T02:27:45.480875] Deploying "src/gen/localized.FranqueadoraService.TipoRecomendacao.hdbview"... (STDOUT, APP/TASK/deploy)#
#2026 07 30 02:50:34.297#Z#DEBUG#3ed74488-8bc1-11f1-85f0-eeee0a91cfe7.myfranchise-db-deployer#flowable-async-job-executor-thread-62858#
[PollExecuteTaskStatusExecution] 29787a82-7f21-42fb-b29e-68fef013f5a1 [2026-07-30T02:27:45.480878] Deploying "src/gen/localized.FranqueadoraService.TipoDocumento.hdbview"... ok (0s 38ms) (STDOUT, APP/TASK/deploy)#
#2026 07 30 02:50:34.297#Z#DEBUG#3ed74488-8bc1-11f1-85f0-eeee0a91cfe7.myfranchise-db-deployer#flowable-async-job-executor-thread-62858#
[PollExecuteTaskStatusExecution] 29787a82-7f21-42fb-b29e-68fef013f5a1 [2026-07-30T02:27:45.480880] Deploying "src/gen/localized.FranqueadoraService.TipoRecomendacao.hdbview"... ok (0s 37ms) (STDOUT, APP/TASK/deploy)#
#2026 07 30 02:50:34.297#Z#DEBUG#3ed74488-8bc1-11f1-85f0-eeee0a91cfe7.myfranchise-db-deployer#flowable-async-job-executor-thread-62858#
[PollExecuteTaskStatusExecution] 29787a82-7f21-42fb-b29e-68fef013f5a1 [2026-07-30T02:27:45.480904] Deploying "src/gen/localized.FranqueadoService.TipoRecomendacao.hdbview"... ok (0s 39ms) (STDOUT, APP/TASK/deploy)#
#2026 07 30 02:50:34.297#Z#DEBUG#3ed74488-8bc1-11f1-85f0-eeee0a91cfe7.myfranchise-db-deployer#flowable-async-job-executor-thread-62858#
[PollExecuteTaskStatusExecution] 29787a82-7f21-42fb-b29e-68fef013f5a1 [2026-07-30T02:27:45.480907] Processing work list... ok (3s 259ms) (STDOUT, APP/TASK/deploy)#
#2026 07 30 02:50:34.297#Z#DEBUG#3ed74488-8bc1-11f1-85f0-eeee0a91cfe7.myfranchise-db-deployer#flowable-async-job-executor-thread-62858#
[PollExecuteTaskStatusExecution] 29787a82-7f21-42fb-b29e-68fef013f5a1 [2026-07-30T02:27:45.480909] Finalizing... (STDOUT, APP/TASK/deploy)#
#2026 07 30 02:50:34.297#Z#DEBUG#3ed74488-8bc1-11f1-85f0-eeee0a91cfe7.myfranchise-db-deployer#flowable-async-job-executor-thread-62858#
[PollExecuteTaskStatusExecution] 29787a82-7f21-42fb-b29e-68fef013f5a1 [2026-07-30T02:27:45.480914] Finalizing... ok (0s 137ms) (STDOUT, APP/TASK/deploy)#
#2026 07 30 02:50:34.297#Z#DEBUG#3ed74488-8bc1-11f1-85f0-eeee0a91cfe7.myfranchise-db-deployer#flowable-async-job-executor-thread-62858#
[PollExecuteTaskStatusExecution] 29787a82-7f21-42fb-b29e-68fef013f5a1 [2026-07-30T02:27:45.480916] Make succeeded (0 warnings): 313 files deployed (effective 348), 0 files undeployed (effective 0), 0 dependent files redeployed (STDOUT, APP/TASK/deploy)#
#2026 07 30 02:50:34.297#Z#DEBUG#3ed74488-8bc1-11f1-85f0-eeee0a91cfe7.myfranchise-db-deployer#flowable-async-job-executor-thread-62858#
[PollExecuteTaskStatusExecution] 29787a82-7f21-42fb-b29e-68fef013f5a1 [2026-07-30T02:27:45.480918] Making... ok (5s 52ms) (STDOUT, APP/TASK/deploy)#
#2026 07 30 02:50:34.297#Z#DEBUG#3ed74488-8bc1-11f1-85f0-eeee0a91cfe7.myfranchise-db-deployer#flowable-async-job-executor-thread-62858#
[PollExecuteTaskStatusExecution] 29787a82-7f21-42fb-b29e-68fef013f5a1 [2026-07-30T02:27:45.480921] Enabling table replication for the container schema "2177F43B75D34848AE3EA84FAB461E66"... (STDOUT, APP/TASK/deploy)#
#2026 07 30 02:50:34.297#Z#DEBUG#3ed74488-8bc1-11f1-85f0-eeee0a91cfe7.myfranchise-db-deployer#flowable-async-job-executor-thread-62858#
[PollExecuteTaskStatusExecution] 29787a82-7f21-42fb-b29e-68fef013f5a1 [2026-07-30T02:27:45.480923] Enabling table replication for the container schema "2177F43B75D34848AE3EA84FAB461E66"... ok (0s 12ms) (STDOUT, APP/TASK/deploy)#
#2026 07 30 02:50:34.297#Z#DEBUG#3ed74488-8bc1-11f1-85f0-eeee0a91cfe7.myfranchise-db-deployer#flowable-async-job-executor-thread-62858#
[PollExecuteTaskStatusExecution] 29787a82-7f21-42fb-b29e-68fef013f5a1 [2026-07-30T02:27:45.480925] Starting make in the container "2177F43B75D34848AE3EA84FAB461E66" with 313 files to deploy, 0 files to undeploy... ok (5s 121ms) (STDOUT, APP/TASK/deploy)#
#2026 07 30 02:50:34.297#Z#DEBUG#3ed74488-8bc1-11f1-85f0-eeee0a91cfe7.myfranchise-db-deployer#flowable-async-job-executor-thread-62858#
[PollExecuteTaskStatusExecution] 29787a82-7f21-42fb-b29e-68fef013f5a1 [2026-07-30T02:27:45.489358] Deploying to the container "2177F43B75D34848AE3EA84FAB461E66"... ok (6s 241ms) (STDOUT, APP/TASK/deploy)#
#2026 07 30 02:50:34.297#Z#DEBUG#3ed74488-8bc1-11f1-85f0-eeee0a91cfe7.myfranchise-db-deployer#flowable-async-job-executor-thread-62858#
[PollExecuteTaskStatusExecution] 29787a82-7f21-42fb-b29e-68fef013f5a1 [2026-07-30T02:27:45.489617] No default-access-role handling needed; global role "2177F43B75D34848AE3EA84FAB461E66::access_role" will not be adapted (STDOUT, APP/TASK/deploy)#
#2026 07 30 02:50:34.297#Z#DEBUG#3ed74488-8bc1-11f1-85f0-eeee0a91cfe7.myfranchise-db-deployer#flowable-async-job-executor-thread-62858#
[PollExecuteTaskStatusExecution] 29787a82-7f21-42fb-b29e-68fef013f5a1 [2026-07-30T02:27:45.489640] Unlocking the container "2177F43B75D34848AE3EA84FAB461E66"... (STDOUT, APP/TASK/deploy)#
#2026 07 30 02:50:34.297#Z#DEBUG#3ed74488-8bc1-11f1-85f0-eeee0a91cfe7.myfranchise-db-deployer#flowable-async-job-executor-thread-62858#
[PollExecuteTaskStatusExecution] 29787a82-7f21-42fb-b29e-68fef013f5a1 [2026-07-30T02:27:45.489877] Unlocking the container "2177F43B75D34848AE3EA84FAB461E66"... ok (0s 0ms) (STDOUT, APP/TASK/deploy)#
#2026 07 30 02:50:34.297#Z#DEBUG#3ed74488-8bc1-11f1-85f0-eeee0a91cfe7.myfranchise-db-deployer#flowable-async-job-executor-thread-62858#
[PollExecuteTaskStatusExecution] 29787a82-7f21-42fb-b29e-68fef013f5a1 [2026-07-30T02:27:45.489950] Deployment to container 2177F43B75D34848AE3EA84FAB461E66 done [Deployment ID: none]. (STDOUT, APP/TASK/deploy)#
#2026 07 30 02:50:34.297#Z#DEBUG#3ed74488-8bc1-11f1-85f0-eeee0a91cfe7.myfranchise-db-deployer#flowable-async-job-executor-thread-62858#
[PollExecuteTaskStatusExecution] 29787a82-7f21-42fb-b29e-68fef013f5a1 [2026-07-30T02:27:45.490427] Deployment ended at 2026-07-30 02:27:45 (STDOUT, APP/TASK/deploy)#
#2026 07 30 02:50:34.297#Z#DEBUG#3ed74488-8bc1-11f1-85f0-eeee0a91cfe7.myfranchise-db-deployer#flowable-async-job-executor-thread-62858#
[PollExecuteTaskStatusExecution] 29787a82-7f21-42fb-b29e-68fef013f5a1 [2026-07-30T02:27:45.490820] (9s 201ms) (STDOUT, APP/TASK/deploy)#
#2026 07 30 02:50:34.297#Z#DEBUG#3ed74488-8bc1-11f1-85f0-eeee0a91cfe7.myfranchise-db-deployer#flowable-async-job-executor-thread-62858#
[PollExecuteTaskStatusExecution] 29787a82-7f21-42fb-b29e-68fef013f5a1 [2026-07-30T02:27:45.501819] npm notice (STDERR, APP/TASK/deploy)#
#2026 07 30 02:50:34.297#Z#DEBUG#3ed74488-8bc1-11f1-85f0-eeee0a91cfe7.myfranchise-db-deployer#flowable-async-job-executor-thread-62858#
[PollExecuteTaskStatusExecution] 29787a82-7f21-42fb-b29e-68fef013f5a1 [2026-07-30T02:27:45.501838] npm notice New major version of npm available! 11.12.1 -> 12.0.2 (STDERR, APP/TASK/deploy)#
#2026 07 30 02:50:34.297#Z#DEBUG#3ed74488-8bc1-11f1-85f0-eeee0a91cfe7.myfranchise-db-deployer#flowable-async-job-executor-thread-62858#
[PollExecuteTaskStatusExecution] 29787a82-7f21-42fb-b29e-68fef013f5a1 [2026-07-30T02:27:45.501847] npm notice Changelog: https://github.com/npm/cli/releases/tag/v12.0.2 (STDERR, APP/TASK/deploy)#
#2026 07 30 02:50:34.297#Z#DEBUG#3ed74488-8bc1-11f1-85f0-eeee0a91cfe7.myfranchise-db-deployer#flowable-async-job-executor-thread-62858#
[PollExecuteTaskStatusExecution] 29787a82-7f21-42fb-b29e-68fef013f5a1 [2026-07-30T02:27:45.501849] npm notice To update run: npm install -g npm@12.0.2 (STDERR, APP/TASK/deploy)#
#2026 07 30 02:50:34.297#Z#DEBUG#3ed74488-8bc1-11f1-85f0-eeee0a91cfe7.myfranchise-db-deployer#flowable-async-job-executor-thread-62858#
[PollExecuteTaskStatusExecution] 29787a82-7f21-42fb-b29e-68fef013f5a1 [2026-07-30T02:27:45.501854] npm notice (STDERR, APP/TASK/deploy)#
#2026 07 30 02:50:34.297#Z#DEBUG#3ed74488-8bc1-11f1-85f0-eeee0a91cfe7.myfranchise-db-deployer#flowable-async-job-executor-thread-62858#
[PollExecuteTaskStatusExecution] 29787a82-7f21-42fb-b29e-68fef013f5a1 [2026-07-30T02:27:45.556012] Exit status 0 (STDOUT, APP/TASK/deploy)#
#2026 07 30 02:50:34.297#Z#DEBUG#3ed74488-8bc1-11f1-85f0-eeee0a91cfe7.myfranchise-db-deployer#flowable-async-job-executor-thread-62858#
[PollExecuteTaskStatusExecution] 29787a82-7f21-42fb-b29e-68fef013f5a1 [2026-07-30T02:27:46.056322] Cell 70c752ec-74c9-462a-8147-c4cdf5439f65 stopping instance f3293df5-ccfa-40d8-bc4f-cee0b1769b35 (STDOUT, CELL)#
#2026 07 30 02:50:34.297#Z#DEBUG#3ed74488-8bc1-11f1-85f0-eeee0a91cfe7.myfranchise-db-deployer#flowable-async-job-executor-thread-62858#
[PollExecuteTaskStatusExecution] 29787a82-7f21-42fb-b29e-68fef013f5a1 [2026-07-30T02:27:46.056352] Cell 70c752ec-74c9-462a-8147-c4cdf5439f65 destroying container for instance f3293df5-ccfa-40d8-bc4f-cee0b1769b35 (STDOUT, CELL)#
#2026 07 30 02:50:34.297#Z#DEBUG#3ed74488-8bc1-11f1-85f0-eeee0a91cfe7.myfranchise-db-deployer#flowable-async-job-executor-thread-62858#
[PollExecuteTaskStatusExecution] 29787a82-7f21-42fb-b29e-68fef013f5a1 [2026-07-30T02:27:47.805778] Cell 70c752ec-74c9-462a-8147-c4cdf5439f65 successfully destroyed container for instance f3293df5-ccfa-40d8-bc4f-cee0b1769b35 (STDOUT, CELL)#
#2026 07 30 02:50:34.297#Z#DEBUG#3ed74488-8bc1-11f1-85f0-eeee0a91cfe7.myfranchise-db-deployer#flowable-async-job-executor-thread-62858#
[PollExecuteTaskStatusExecution] 29787a82-7f21-42fb-b29e-68fef013f5a1 [2026-07-30T02:37:25.461227] Updated app with guid 29787a82-7f21-42fb-b29e-68fef013f5a1 ({"lifecycle"=>{"data"=>{"buildpacks"=>["nodejs_buildpack"]}, "type"=>"buildpack"}}) (STDOUT, API)#
#2026 07 30 02:50:34.297#Z#DEBUG#3ed74488-8bc1-11f1-85f0-eeee0a91cfe7.myfranchise-db-deployer#flowable-async-job-executor-thread-62858#
[PollExecuteTaskStatusExecution] 29787a82-7f21-42fb-b29e-68fef013f5a1 [2026-07-30T02:37:25.569760] Updating process: "web" (STDOUT, API)#
#2026 07 30 02:50:34.297#Z#DEBUG#3ed74488-8bc1-11f1-85f0-eeee0a91cfe7.myfranchise-db-deployer#flowable-async-job-executor-thread-62858#
[PollExecuteTaskStatusExecution] 29787a82-7f21-42fb-b29e-68fef013f5a1 [2026-07-30T02:37:27.618155] Cell e07bf812-eb0a-496a-8728-2e644bd9e955 creating container for instance ee3bb3dc-6385-4cf3-90ce-73a14e77b1e2 (STDOUT, CELL)#
#2026 07 30 02:50:34.297#Z#DEBUG#3ed74488-8bc1-11f1-85f0-eeee0a91cfe7.myfranchise-db-deployer#flowable-async-job-executor-thread-62858#
[PollExecuteTaskStatusExecution] 29787a82-7f21-42fb-b29e-68fef013f5a1 [2026-07-30T02:37:28.103375] Security group rules were updated (STDOUT, CELL)#
#2026 07 30 02:50:34.297#Z#DEBUG#3ed74488-8bc1-11f1-85f0-eeee0a91cfe7.myfranchise-db-deployer#flowable-async-job-executor-thread-62858#
[PollExecuteTaskStatusExecution] 29787a82-7f21-42fb-b29e-68fef013f5a1 [2026-07-30T02:37:28.173950] Cell e07bf812-eb0a-496a-8728-2e644bd9e955 successfully created container for instance ee3bb3dc-6385-4cf3-90ce-73a14e77b1e2 (STDOUT, CELL)#
#2026 07 30 02:50:34.297#Z#DEBUG#3ed74488-8bc1-11f1-85f0-eeee0a91cfe7.myfranchise-db-deployer#flowable-async-job-executor-thread-62858#
[PollExecuteTaskStatusExecution] 29787a82-7f21-42fb-b29e-68fef013f5a1 [2026-07-30T02:37:32.958022] Invoking pre-start scripts. (STDOUT, APP/TASK/deploy)#
#2026 07 30 02:50:34.297#Z#DEBUG#3ed74488-8bc1-11f1-85f0-eeee0a91cfe7.myfranchise-db-deployer#flowable-async-job-executor-thread-62858#
[PollExecuteTaskStatusExecution] 29787a82-7f21-42fb-b29e-68fef013f5a1 [2026-07-30T02:37:33.105605] Invoking start command. (STDOUT, APP/TASK/deploy)#
#2026 07 30 02:50:34.297#Z#DEBUG#3ed74488-8bc1-11f1-85f0-eeee0a91cfe7.myfranchise-db-deployer#flowable-async-job-executor-thread-62858#
[PollExecuteTaskStatusExecution] 29787a82-7f21-42fb-b29e-68fef013f5a1 [2026-07-30T02:37:33.434417] > start (STDOUT, APP/TASK/deploy)#
#2026 07 30 02:50:34.297#Z#DEBUG#3ed74488-8bc1-11f1-85f0-eeee0a91cfe7.myfranchise-db-deployer#flowable-async-job-executor-thread-62858#
[PollExecuteTaskStatusExecution] 29787a82-7f21-42fb-b29e-68fef013f5a1 [2026-07-30T02:37:33.434446] > node node_modules/@sap/hdi-deploy/deploy.js --use-hdb --parameter com.sap.hana.di.table/try_fast_table_migration=true (STDOUT, APP/TASK/deploy)#
#2026 07 30 02:50:34.297#Z#DEBUG#3ed74488-8bc1-11f1-85f0-eeee0a91cfe7.myfranchise-db-deployer#flowable-async-job-executor-thread-62858#
[PollExecuteTaskStatusExecution] 29787a82-7f21-42fb-b29e-68fef013f5a1 [2026-07-30T02:37:33.543078] VCAP_SERVICES: (STDOUT, APP/TASK/deploy)#
#2026 07 30 02:50:34.297#Z#DEBUG#3ed74488-8bc1-11f1-85f0-eeee0a91cfe7.myfranchise-db-deployer#flowable-async-job-executor-thread-62858#
[PollExecuteTaskStatusExecution] 29787a82-7f21-42fb-b29e-68fef013f5a1 [2026-07-30T02:37:33.543630] { (STDOUT, APP/TASK/deploy)#
#2026 07 30 02:50:34.297#Z#DEBUG#3ed74488-8bc1-11f1-85f0-eeee0a91cfe7.myfranchise-db-deployer#flowable-async-job-executor-thread-62858#
[PollExecuteTaskStatusExecution] 29787a82-7f21-42fb-b29e-68fef013f5a1 [2026-07-30T02:37:33.543655] "hana": [ (STDOUT, APP/TASK/deploy)#
#2026 07 30 02:50:34.297#Z#DEBUG#3ed74488-8bc1-11f1-85f0-eeee0a91cfe7.myfranchise-db-deployer#flowable-async-job-executor-thread-62858#
[PollExecuteTaskStatusExecution] 29787a82-7f21-42fb-b29e-68fef013f5a1 [2026-07-30T02:37:33.543664] { (STDOUT, APP/TASK/deploy)#
#2026 07 30 02:50:34.297#Z#DEBUG#3ed74488-8bc1-11f1-85f0-eeee0a91cfe7.myfranchise-db-deployer#flowable-async-job-executor-thread-62858#
[PollExecuteTaskStatusExecution] 29787a82-7f21-42fb-b29e-68fef013f5a1 [2026-07-30T02:37:33.543668] "name": "myfranchise-db", (STDOUT, APP/TASK/deploy)#
#2026 07 30 02:50:34.297#Z#DEBUG#3ed74488-8bc1-11f1-85f0-eeee0a91cfe7.myfranchise-db-deployer#flowable-async-job-executor-thread-62858#
[PollExecuteTaskStatusExecution] 29787a82-7f21-42fb-b29e-68fef013f5a1 [2026-07-30T02:37:33.543672] "label": "hana", (STDOUT, APP/TASK/deploy)#
#2026 07 30 02:50:34.297#Z#DEBUG#3ed74488-8bc1-11f1-85f0-eeee0a91cfe7.myfranchise-db-deployer#flowable-async-job-executor-thread-62858#
[PollExecuteTaskStatusExecution] 29787a82-7f21-42fb-b29e-68fef013f5a1 [2026-07-30T02:37:33.543674] "plan": "hdi-shared", (STDOUT, APP/TASK/deploy)#
#2026 07 30 02:50:34.297#Z#DEBUG#3ed74488-8bc1-11f1-85f0-eeee0a91cfe7.myfranchise-db-deployer#flowable-async-job-executor-thread-62858#
[PollExecuteTaskStatusExecution] 29787a82-7f21-42fb-b29e-68fef013f5a1 [2026-07-30T02:37:33.543679] "credentials": { (STDOUT, APP/TASK/deploy)#
#2026 07 30 02:50:34.297#Z#DEBUG#3ed74488-8bc1-11f1-85f0-eeee0a91cfe7.myfranchise-db-deployer#flowable-async-job-executor-thread-62858#
[PollExecuteTaskStatusExecution] 29787a82-7f21-42fb-b29e-68fef013f5a1 [2026-07-30T02:37:33.543682] "schema": "2177F43B75D34848AE3EA84FAB461E66", (STDOUT, APP/TASK/deploy)#
#2026 07 30 02:50:34.297#Z#DEBUG#3ed74488-8bc1-11f1-85f0-eeee0a91cfe7.myfranchise-db-deployer#flowable-async-job-executor-thread-62858#
[PollExecuteTaskStatusExecution] 29787a82-7f21-42fb-b29e-68fef013f5a1 [2026-07-30T02:37:33.543685] "database_id": "70ddf6e8-ee91-4a59-aa45-f2009a7e6ff9", (STDOUT, APP/TASK/deploy)#
#2026 07 30 02:50:34.297#Z#DEBUG#3ed74488-8bc1-11f1-85f0-eeee0a91cfe7.myfranchise-db-deployer#flowable-async-job-executor-thread-62858#
[PollExecuteTaskStatusExecution] 29787a82-7f21-42fb-b29e-68fef013f5a1 [2026-07-30T02:37:33.543688] "user": "2177F43B75D34848AE3EA84FAB461E66_1Z95B3L8QXHR5EZEQDDCB7IZ3_RT", (STDOUT, APP/TASK/deploy)#
#2026 07 30 02:50:34.297#Z#DEBUG#3ed74488-8bc1-11f1-85f0-eeee0a91cfe7.myfranchise-db-deployer#flowable-async-job-executor-thread-62858#
[PollExecuteTaskStatusExecution] 29787a82-7f21-42fb-b29e-68fef013f5a1 [2026-07-30T02:37:33.543690] "hdi_user": "2177F43B75D34848AE3EA84FAB461E66_1Z95B3L8QXHR5EZEQDDCB7IZ3_DT" (STDOUT, APP/TASK/deploy)#
#2026 07 30 02:50:34.297#Z#DEBUG#3ed74488-8bc1-11f1-85f0-eeee0a91cfe7.myfranchise-db-deployer#flowable-async-job-executor-thread-62858#
[PollExecuteTaskStatusExecution] 29787a82-7f21-42fb-b29e-68fef013f5a1 [2026-07-30T02:37:33.543692] }, (STDOUT, APP/TASK/deploy)#
#2026 07 30 02:50:34.297#Z#DEBUG#3ed74488-8bc1-11f1-85f0-eeee0a91cfe7.myfranchise-db-deployer#flowable-async-job-executor-thread-62858#
[PollExecuteTaskStatusExecution] 29787a82-7f21-42fb-b29e-68fef013f5a1 [2026-07-30T02:37:33.543694] "tags": [ (STDOUT, APP/TASK/deploy)#
#2026 07 30 02:50:34.297#Z#DEBUG#3ed74488-8bc1-11f1-85f0-eeee0a91cfe7.myfranchise-db-deployer#flowable-async-job-executor-thread-62858#
[PollExecuteTaskStatusExecution] 29787a82-7f21-42fb-b29e-68fef013f5a1 [2026-07-30T02:37:33.543696] "hana", (STDOUT, APP/TASK/deploy)#
#2026 07 30 02:50:34.297#Z#DEBUG#3ed74488-8bc1-11f1-85f0-eeee0a91cfe7.myfranchise-db-deployer#flowable-async-job-executor-thread-62858#
[PollExecuteTaskStatusExecution] 29787a82-7f21-42fb-b29e-68fef013f5a1 [2026-07-30T02:37:33.543697] "database", (STDOUT, APP/TASK/deploy)#
#2026 07 30 02:50:34.297#Z#DEBUG#3ed74488-8bc1-11f1-85f0-eeee0a91cfe7.myfranchise-db-deployer#flowable-async-job-executor-thread-62858#
[PollExecuteTaskStatusExecution] 29787a82-7f21-42fb-b29e-68fef013f5a1 [2026-07-30T02:37:33.543699] "relational" (STDOUT, APP/TASK/deploy)#
#2026 07 30 02:50:34.297#Z#DEBUG#3ed74488-8bc1-11f1-85f0-eeee0a91cfe7.myfranchise-db-deployer#flowable-async-job-executor-thread-62858#
[PollExecuteTaskStatusExecution] 29787a82-7f21-42fb-b29e-68fef013f5a1 [2026-07-30T02:37:33.543702] ] (STDOUT, APP/TASK/deploy)#
#2026 07 30 02:50:34.297#Z#DEBUG#3ed74488-8bc1-11f1-85f0-eeee0a91cfe7.myfranchise-db-deployer#flowable-async-job-executor-thread-62858#
[PollExecuteTaskStatusExecution] 29787a82-7f21-42fb-b29e-68fef013f5a1 [2026-07-30T02:37:33.543704] } (STDOUT, APP/TASK/deploy)#
#2026 07 30 02:50:34.297#Z#DEBUG#3ed74488-8bc1-11f1-85f0-eeee0a91cfe7.myfranchise-db-deployer#flowable-async-job-executor-thread-62858#
[PollExecuteTaskStatusExecution] 29787a82-7f21-42fb-b29e-68fef013f5a1 [2026-07-30T02:37:33.543708] ] (STDOUT, APP/TASK/deploy)#
#2026 07 30 02:50:34.297#Z#DEBUG#3ed74488-8bc1-11f1-85f0-eeee0a91cfe7.myfranchise-db-deployer#flowable-async-job-executor-thread-62858#
[PollExecuteTaskStatusExecution] 29787a82-7f21-42fb-b29e-68fef013f5a1 [2026-07-30T02:37:33.543710] } (STDOUT, APP/TASK/deploy)#
#2026 07 30 02:50:34.297#Z#DEBUG#3ed74488-8bc1-11f1-85f0-eeee0a91cfe7.myfranchise-db-deployer#flowable-async-job-executor-thread-62858#
[PollExecuteTaskStatusExecution] 29787a82-7f21-42fb-b29e-68fef013f5a1 [2026-07-30T02:37:33.884848] @sap/hdi-deploy, version 5.7.0 (mode default), server version 4.00.000.00.1770715222 (4.0.0.0), cloud version 2025.40.13, node version 24.15.0, HDI version 1016, container API version 1007 (STDOUT, APP/TASK/deploy)#
#2026 07 30 02:50:34.297#Z#DEBUG#3ed74488-8bc1-11f1-85f0-eeee0a91cfe7.myfranchise-db-deployer#flowable-async-job-executor-thread-62858#
[PollExecuteTaskStatusExecution] 29787a82-7f21-42fb-b29e-68fef013f5a1 [2026-07-30T02:37:33.884869] Deployment started at 2026-07-30 02:37:33 (STDOUT, APP/TASK/deploy)#
#2026 07 30 02:50:34.297#Z#DEBUG#3ed74488-8bc1-11f1-85f0-eeee0a91cfe7.myfranchise-db-deployer#flowable-async-job-executor-thread-62858#
[PollExecuteTaskStatusExecution] 29787a82-7f21-42fb-b29e-68fef013f5a1 [2026-07-30T02:37:33.885117] Using hdb@2.29.5 for connection (STDOUT, APP/TASK/deploy)#
#2026 07 30 02:50:34.297#Z#DEBUG#3ed74488-8bc1-11f1-85f0-eeee0a91cfe7.myfranchise-db-deployer#flowable-async-job-executor-thread-62858#
[PollExecuteTaskStatusExecution] 29787a82-7f21-42fb-b29e-68fef013f5a1 [2026-07-30T02:37:33.899230] No ignore file at /home/vcap/app/.hdiignore. (STDOUT, APP/TASK/deploy)#
#2026 07 30 02:50:34.297#Z#DEBUG#3ed74488-8bc1-11f1-85f0-eeee0a91cfe7.myfranchise-db-deployer#flowable-async-job-executor-thread-62858#
[PollExecuteTaskStatusExecution] 29787a82-7f21-42fb-b29e-68fef013f5a1 [2026-07-30T02:37:33.899391] Collecting files... (STDOUT, APP/TASK/deploy)#
#2026 07 30 02:50:34.297#Z#DEBUG#3ed74488-8bc1-11f1-85f0-eeee0a91cfe7.myfranchise-db-deployer#flowable-async-job-executor-thread-62858#
[PollExecuteTaskStatusExecution] 29787a82-7f21-42fb-b29e-68fef013f5a1 [2026-07-30T02:37:33.908832] Collecting files... ok (0s 9ms) (STDOUT, APP/TASK/deploy)#
#2026 07 30 02:50:34.297#Z#DEBUG#3ed74488-8bc1-11f1-85f0-eeee0a91cfe7.myfranchise-db-deployer#flowable-async-job-executor-thread-62858#
[PollExecuteTaskStatusExecution] 29787a82-7f21-42fb-b29e-68fef013f5a1 [2026-07-30T02:37:33.908848] 3 directories collected (STDOUT, APP/TASK/deploy)#
#2026 07 30 02:50:34.297#Z#DEBUG#3ed74488-8bc1-11f1-85f0-eeee0a91cfe7.myfranchise-db-deployer#flowable-async-job-executor-thread-62858#
[PollExecuteTaskStatusExecution] 29787a82-7f21-42fb-b29e-68fef013f5a1 [2026-07-30T02:37:33.908850] 313 files collected (STDOUT, APP/TASK/deploy)#
#2026 07 30 02:50:34.297#Z#DEBUG#3ed74488-8bc1-11f1-85f0-eeee0a91cfe7.myfranchise-db-deployer#flowable-async-job-executor-thread-62858#
[PollExecuteTaskStatusExecution] 29787a82-7f21-42fb-b29e-68fef013f5a1 [2026-07-30T02:37:33.908852] 0 reusable modules collected (STDOUT, APP/TASK/deploy)#
#2026 07 30 02:50:34.297#Z#DEBUG#3ed74488-8bc1-11f1-85f0-eeee0a91cfe7.myfranchise-db-deployer#flowable-async-job-executor-thread-62858#
[PollExecuteTaskStatusExecution] 29787a82-7f21-42fb-b29e-68fef013f5a1 [2026-07-30T02:37:33.909122] Target service: myfranchise-db (STDOUT, APP/TASK/deploy)#
#2026 07 30 02:50:34.297#Z#DEBUG#3ed74488-8bc1-11f1-85f0-eeee0a91cfe7.myfranchise-db-deployer#flowable-async-job-executor-thread-62858#
[PollExecuteTaskStatusExecution] 29787a82-7f21-42fb-b29e-68fef013f5a1 [2026-07-30T02:37:34.100514] Previous build with request ID 1161 finished at 2026-07-30T02:27:45.398 with status Committed and message: Make succeeded (0 warnings): 313 files deployed (effective 348), 0 files undeployed (effective 0), 0 dependent files redeployed. (STDOUT, APP/TASK/deploy)#
#2026 07 30 02:50:34.297#Z#DEBUG#3ed74488-8bc1-11f1-85f0-eeee0a91cfe7.myfranchise-db-deployer#flowable-async-job-executor-thread-62858#
[PollExecuteTaskStatusExecution] 29787a82-7f21-42fb-b29e-68fef013f5a1 [2026-07-30T02:37:34.100630] Processing revoke files... (STDOUT, APP/TASK/deploy)#
#2026 07 30 02:50:34.297#Z#DEBUG#3ed74488-8bc1-11f1-85f0-eeee0a91cfe7.myfranchise-db-deployer#flowable-async-job-executor-thread-62858#
[PollExecuteTaskStatusExecution] 29787a82-7f21-42fb-b29e-68fef013f5a1 [2026-07-30T02:37:34.100824] Processing revoke files... ok (0s 0ms) (STDOUT, APP/TASK/deploy)#
#2026 07 30 02:50:34.297#Z#DEBUG#3ed74488-8bc1-11f1-85f0-eeee0a91cfe7.myfranchise-db-deployer#flowable-async-job-executor-thread-62858#
[PollExecuteTaskStatusExecution] 29787a82-7f21-42fb-b29e-68fef013f5a1 [2026-07-30T02:37:34.100971] Processing grants files... (STDOUT, APP/TASK/deploy)#
#2026 07 30 02:50:34.297#Z#DEBUG#3ed74488-8bc1-11f1-85f0-eeee0a91cfe7.myfranchise-db-deployer#flowable-async-job-executor-thread-62858#
[PollExecuteTaskStatusExecution] 29787a82-7f21-42fb-b29e-68fef013f5a1 [2026-07-30T02:37:34.101013] Processing grants files... ok (0s 0ms) (STDOUT, APP/TASK/deploy)#
#2026 07 30 02:50:34.297#Z#DEBUG#3ed74488-8bc1-11f1-85f0-eeee0a91cfe7.myfranchise-db-deployer#flowable-async-job-executor-thread-62858#
[PollExecuteTaskStatusExecution] 29787a82-7f21-42fb-b29e-68fef013f5a1 [2026-07-30T02:37:34.103062] Preprocessing files... (STDOUT, APP/TASK/deploy)#
#2026 07 30 02:50:34.297#Z#DEBUG#3ed74488-8bc1-11f1-85f0-eeee0a91cfe7.myfranchise-db-deployer#flowable-async-job-executor-thread-62858#
[PollExecuteTaskStatusExecution] 29787a82-7f21-42fb-b29e-68fef013f5a1 [2026-07-30T02:37:34.103231] Preprocessing files... ok (0s 0ms) (STDOUT, APP/TASK/deploy)#
#2026 07 30 02:50:34.297#Z#DEBUG#3ed74488-8bc1-11f1-85f0-eeee0a91cfe7.myfranchise-db-deployer#flowable-async-job-executor-thread-62858#
[PollExecuteTaskStatusExecution] 29787a82-7f21-42fb-b29e-68fef013f5a1 [2026-07-30T02:37:34.103323] Connecting to the container "2177F43B75D34848AE3EA84FAB461E66"... (STDOUT, APP/TASK/deploy)#
#2026 07 30 02:50:34.297#Z#DEBUG#3ed74488-8bc1-11f1-85f0-eeee0a91cfe7.myfranchise-db-deployer#flowable-async-job-executor-thread-62858#
[PollExecuteTaskStatusExecution] 29787a82-7f21-42fb-b29e-68fef013f5a1 [2026-07-30T02:37:34.168716] Connecting to the container "2177F43B75D34848AE3EA84FAB461E66"... ok (0s 65ms) (STDOUT, APP/TASK/deploy)#
#2026 07 30 02:50:34.297#Z#DEBUG#3ed74488-8bc1-11f1-85f0-eeee0a91cfe7.myfranchise-db-deployer#flowable-async-job-executor-thread-62858#
[PollExecuteTaskStatusExecution] 29787a82-7f21-42fb-b29e-68fef013f5a1 [2026-07-30T02:37:34.168741] Locking the container "2177F43B75D34848AE3EA84FAB461E66"... (STDOUT, APP/TASK/deploy)#
#2026 07 30 02:50:34.297#Z#DEBUG#3ed74488-8bc1-11f1-85f0-eeee0a91cfe7.myfranchise-db-deployer#flowable-async-job-executor-thread-62858#
[PollExecuteTaskStatusExecution] 29787a82-7f21-42fb-b29e-68fef013f5a1 [2026-07-30T02:37:34.299690] Locking the container "2177F43B75D34848AE3EA84FAB461E66"... ok (0s 131ms) (STDOUT, APP/TASK/deploy)#
#2026 07 30 02:50:34.297#Z#DEBUG#3ed74488-8bc1-11f1-85f0-eeee0a91cfe7.myfranchise-db-deployer#flowable-async-job-executor-thread-62858#
[PollExecuteTaskStatusExecution] 29787a82-7f21-42fb-b29e-68fef013f5a1 [2026-07-30T02:37:34.299717] Synchronizing files with the container "2177F43B75D34848AE3EA84FAB461E66"... (STDOUT, APP/TASK/deploy)#
#2026 07 30 02:50:34.297#Z#DEBUG#3ed74488-8bc1-11f1-85f0-eeee0a91cfe7.myfranchise-db-deployer#flowable-async-job-executor-thread-62858#
[PollExecuteTaskStatusExecution] 29787a82-7f21-42fb-b29e-68fef013f5a1 [2026-07-30T02:37:34.746665] Deleting files... (STDOUT, APP/TASK/deploy)#
#2026 07 30 02:50:34.297#Z#DEBUG#3ed74488-8bc1-11f1-85f0-eeee0a91cfe7.myfranchise-db-deployer#flowable-async-job-executor-thread-62858#
[PollExecuteTaskStatusExecution] 29787a82-7f21-42fb-b29e-68fef013f5a1 [2026-07-30T02:37:34.927293] Deleting files... ok (STDOUT, APP/TASK/deploy)#
#2026 07 30 02:50:34.297#Z#DEBUG#3ed74488-8bc1-11f1-85f0-eeee0a91cfe7.myfranchise-db-deployer#flowable-async-job-executor-thread-62858#
[PollExecuteTaskStatusExecution] 29787a82-7f21-42fb-b29e-68fef013f5a1 [2026-07-30T02:37:34.927315] Writing files... (STDOUT, APP/TASK/deploy)#
#2026 07 30 02:50:34.297#Z#DEBUG#3ed74488-8bc1-11f1-85f0-eeee0a91cfe7.myfranchise-db-deployer#flowable-async-job-executor-thread-62858#
[PollExecuteTaskStatusExecution] 29787a82-7f21-42fb-b29e-68fef013f5a1 [2026-07-30T02:37:34.927584] Writing 3 items (STDOUT, APP/TASK/deploy)#
#2026 07 30 02:50:34.297#Z#DEBUG#3ed74488-8bc1-11f1-85f0-eeee0a91cfe7.myfranchise-db-deployer#flowable-async-job-executor-thread-62858#
[PollExecuteTaskStatusExecution] 29787a82-7f21-42fb-b29e-68fef013f5a1 [2026-07-30T02:37:35.127391] Writing files... ok (STDOUT, APP/TASK/deploy)#
#2026 07 30 02:50:34.297#Z#DEBUG#3ed74488-8bc1-11f1-85f0-eeee0a91cfe7.myfranchise-db-deployer#flowable-async-job-executor-thread-62858#
[PollExecuteTaskStatusExecution] 29787a82-7f21-42fb-b29e-68fef013f5a1 [2026-07-30T02:37:35.127422] Synchronizing files with the container "2177F43B75D34848AE3EA84FAB461E66"... ok (0s 828ms) (STDOUT, APP/TASK/deploy)#
#2026 07 30 02:50:34.297#Z#DEBUG#3ed74488-8bc1-11f1-85f0-eeee0a91cfe7.myfranchise-db-deployer#flowable-async-job-executor-thread-62858#
[PollExecuteTaskStatusExecution] 29787a82-7f21-42fb-b29e-68fef013f5a1 [2026-07-30T02:37:35.127711] added files: [] (STDOUT, APP/TASK/deploy)#
#2026 07 30 02:50:34.297#Z#DEBUG#3ed74488-8bc1-11f1-85f0-eeee0a91cfe7.myfranchise-db-deployer#flowable-async-job-executor-thread-62858#
[PollExecuteTaskStatusExecution] 29787a82-7f21-42fb-b29e-68fef013f5a1 [2026-07-30T02:37:35.127732] modified files: [] (STDOUT, APP/TASK/deploy)#
#2026 07 30 02:50:34.297#Z#DEBUG#3ed74488-8bc1-11f1-85f0-eeee0a91cfe7.myfranchise-db-deployer#flowable-async-job-executor-thread-62858#
[PollExecuteTaskStatusExecution] 29787a82-7f21-42fb-b29e-68fef013f5a1 [2026-07-30T02:37:35.127735] deleted files: [] (STDOUT, APP/TASK/deploy)#
#2026 07 30 02:50:34.297#Z#DEBUG#3ed74488-8bc1-11f1-85f0-eeee0a91cfe7.myfranchise-db-deployer#flowable-async-job-executor-thread-62858#
[PollExecuteTaskStatusExecution] 29787a82-7f21-42fb-b29e-68fef013f5a1 [2026-07-30T02:37:35.127834] 0 modified or added files are scheduled for deploy based on delta detection (STDOUT, APP/TASK/deploy)#
#2026 07 30 02:50:34.297#Z#DEBUG#3ed74488-8bc1-11f1-85f0-eeee0a91cfe7.myfranchise-db-deployer#flowable-async-job-executor-thread-62858#
[PollExecuteTaskStatusExecution] 29787a82-7f21-42fb-b29e-68fef013f5a1 [2026-07-30T02:37:35.128153] 0 deleted files are scheduled for undeploy based on delta detection (filtered by undeploy allowlist) (STDOUT, APP/TASK/deploy)#
#2026 07 30 02:50:34.297#Z#DEBUG#3ed74488-8bc1-11f1-85f0-eeee0a91cfe7.myfranchise-db-deployer#flowable-async-job-executor-thread-62858#
[PollExecuteTaskStatusExecution] 29787a82-7f21-42fb-b29e-68fef013f5a1 [2026-07-30T02:37:35.128175] 0 files are scheduled for deploy based on explicit specification (STDOUT, APP/TASK/deploy)#
#2026 07 30 02:50:34.297#Z#DEBUG#3ed74488-8bc1-11f1-85f0-eeee0a91cfe7.myfranchise-db-deployer#flowable-async-job-executor-thread-62858#
[PollExecuteTaskStatusExecution] 29787a82-7f21-42fb-b29e-68fef013f5a1 [2026-07-30T02:37:35.128180] 0 files are scheduled for undeploy based on explicit specification (STDOUT, APP/TASK/deploy)#
#2026 07 30 02:50:34.297#Z#DEBUG#3ed74488-8bc1-11f1-85f0-eeee0a91cfe7.myfranchise-db-deployer#flowable-async-job-executor-thread-62858#
[PollExecuteTaskStatusExecution] 29787a82-7f21-42fb-b29e-68fef013f5a1 [2026-07-30T02:37:35.128185] Deploying to the container "2177F43B75D34848AE3EA84FAB461E66"... (STDOUT, APP/TASK/deploy)#
#2026 07 30 02:50:34.297#Z#DEBUG#3ed74488-8bc1-11f1-85f0-eeee0a91cfe7.myfranchise-db-deployer#flowable-async-job-executor-thread-62858#
[PollExecuteTaskStatusExecution] 29787a82-7f21-42fb-b29e-68fef013f5a1 [2026-07-30T02:37:35.442771] Starting make in the container "2177F43B75D34848AE3EA84FAB461E66" with 0 files to deploy, 0 files to undeploy... (STDOUT, APP/TASK/deploy)#
#2026 07 30 02:50:34.297#Z#DEBUG#3ed74488-8bc1-11f1-85f0-eeee0a91cfe7.myfranchise-db-deployer#flowable-async-job-executor-thread-62858#
[PollExecuteTaskStatusExecution] 29787a82-7f21-42fb-b29e-68fef013f5a1 [2026-07-30T02:37:35.442802] Disabling table replication for the container schema "2177F43B75D34848AE3EA84FAB461E66"... (STDOUT, APP/TASK/deploy)#
#2026 07 30 02:50:34.297#Z#DEBUG#3ed74488-8bc1-11f1-85f0-eeee0a91cfe7.myfranchise-db-deployer#flowable-async-job-executor-thread-62858#
[PollExecuteTaskStatusExecution] 29787a82-7f21-42fb-b29e-68fef013f5a1 [2026-07-30T02:37:35.442805] Disabling table replication for the container schema "2177F43B75D34848AE3EA84FAB461E66"... ok (0s 15ms) (STDOUT, APP/TASK/deploy)#
#2026 07 30 02:50:34.297#Z#DEBUG#3ed74488-8bc1-11f1-85f0-eeee0a91cfe7.myfranchise-db-deployer#flowable-async-job-executor-thread-62858#
[PollExecuteTaskStatusExecution] 29787a82-7f21-42fb-b29e-68fef013f5a1 [2026-07-30T02:37:35.442808] Migrating libraries... (STDOUT, APP/TASK/deploy)#
#2026 07 30 02:50:34.297#Z#DEBUG#3ed74488-8bc1-11f1-85f0-eeee0a91cfe7.myfranchise-db-deployer#flowable-async-job-executor-thread-62858#
[PollExecuteTaskStatusExecution] 29787a82-7f21-42fb-b29e-68fef013f5a1 [2026-07-30T02:37:35.442815] Migrating libraries... ok (0s 19ms) (STDOUT, APP/TASK/deploy)#
#2026 07 30 02:50:34.297#Z#DEBUG#3ed74488-8bc1-11f1-85f0-eeee0a91cfe7.myfranchise-db-deployer#flowable-async-job-executor-thread-62858#
[PollExecuteTaskStatusExecution] 29787a82-7f21-42fb-b29e-68fef013f5a1 [2026-07-30T02:37:35.442829] Making... (STDOUT, APP/TASK/deploy)#
#2026 07 30 02:50:34.297#Z#DEBUG#3ed74488-8bc1-11f1-85f0-eeee0a91cfe7.myfranchise-db-deployer#flowable-async-job-executor-thread-62858#
[PollExecuteTaskStatusExecution] 29787a82-7f21-42fb-b29e-68fef013f5a1 [2026-07-30T02:37:35.442831] Preparing... (STDOUT, APP/TASK/deploy)#
#2026 07 30 02:50:34.297#Z#DEBUG#3ed74488-8bc1-11f1-85f0-eeee0a91cfe7.myfranchise-db-deployer#flowable-async-job-executor-thread-62858#
[PollExecuteTaskStatusExecution] 29787a82-7f21-42fb-b29e-68fef013f5a1 [2026-07-30T02:37:35.442833] Preparing... ok (0s 0ms) (STDOUT, APP/TASK/deploy)#
#2026 07 30 02:50:34.297#Z#DEBUG#3ed74488-8bc1-11f1-85f0-eeee0a91cfe7.myfranchise-db-deployer#flowable-async-job-executor-thread-62858#
[PollExecuteTaskStatusExecution] 29787a82-7f21-42fb-b29e-68fef013f5a1 [2026-07-30T02:37:35.442841] Preparing the make transaction... (STDOUT, APP/TASK/deploy)#
#2026 07 30 02:50:34.297#Z#DEBUG#3ed74488-8bc1-11f1-85f0-eeee0a91cfe7.myfranchise-db-deployer#flowable-async-job-executor-thread-62858#
[PollExecuteTaskStatusExecution] 29787a82-7f21-42fb-b29e-68fef013f5a1 [2026-07-30T02:37:35.442984] Preparing the make transaction... ok (0s 15ms) (STDOUT, APP/TASK/deploy)#
#2026 07 30 02:50:34.297#Z#DEBUG#3ed74488-8bc1-11f1-85f0-eeee0a91cfe7.myfranchise-db-deployer#flowable-async-job-executor-thread-62858#
[PollExecuteTaskStatusExecution] 29787a82-7f21-42fb-b29e-68fef013f5a1 [2026-07-30T02:37:35.443013] Calculating dependencies... (STDOUT, APP/TASK/deploy)#
#2026 07 30 02:50:34.297#Z#DEBUG#3ed74488-8bc1-11f1-85f0-eeee0a91cfe7.myfranchise-db-deployer#flowable-async-job-executor-thread-62858#
[PollExecuteTaskStatusExecution] 29787a82-7f21-42fb-b29e-68fef013f5a1 [2026-07-30T02:37:35.443020] Expanding... (STDOUT, APP/TASK/deploy)#
#2026 07 30 02:50:34.297#Z#DEBUG#3ed74488-8bc1-11f1-85f0-eeee0a91cfe7.myfranchise-db-deployer#flowable-async-job-executor-thread-62858#
[PollExecuteTaskStatusExecution] 29787a82-7f21-42fb-b29e-68fef013f5a1 [2026-07-30T02:37:35.443063] Expanding... ok (0s 6ms) (STDOUT, APP/TASK/deploy)#
#2026 07 30 02:50:34.297#Z#DEBUG#3ed74488-8bc1-11f1-85f0-eeee0a91cfe7.myfranchise-db-deployer#flowable-async-job-executor-thread-62858#
[PollExecuteTaskStatusExecution] 29787a82-7f21-42fb-b29e-68fef013f5a1 [2026-07-30T02:37:35.443073] Precompiling... (STDOUT, APP/TASK/deploy)#
#2026 07 30 02:50:34.297#Z#DEBUG#3ed74488-8bc1-11f1-85f0-eeee0a91cfe7.myfranchise-db-deployer#flowable-async-job-executor-thread-62858#
[PollExecuteTaskStatusExecution] 29787a82-7f21-42fb-b29e-68fef013f5a1 [2026-07-30T02:37:35.443081] Precompiling... ok (0s 0ms) (STDOUT, APP/TASK/deploy)#
#2026 07 30 02:50:34.297#Z#DEBUG#3ed74488-8bc1-11f1-85f0-eeee0a91cfe7.myfranchise-db-deployer#flowable-async-job-executor-thread-62858#
[PollExecuteTaskStatusExecution] 29787a82-7f21-42fb-b29e-68fef013f5a1 [2026-07-30T02:37:35.443153] Merging... (STDOUT, APP/TASK/deploy)#
#2026 07 30 02:50:34.297#Z#DEBUG#3ed74488-8bc1-11f1-85f0-eeee0a91cfe7.myfranchise-db-deployer#flowable-async-job-executor-thread-62858#
[PollExecuteTaskStatusExecution] 29787a82-7f21-42fb-b29e-68fef013f5a1 [2026-07-30T02:37:35.443166] Merging... ok (0s 0ms) (STDOUT, APP/TASK/deploy)#
#2026 07 30 02:50:34.297#Z#DEBUG#3ed74488-8bc1-11f1-85f0-eeee0a91cfe7.myfranchise-db-deployer#flowable-async-job-executor-thread-62858#
[PollExecuteTaskStatusExecution] 29787a82-7f21-42fb-b29e-68fef013f5a1 [2026-07-30T02:37:35.443181] Calculating dependencies... ok (0s 6ms) (STDOUT, APP/TASK/deploy)#
#2026 07 30 02:50:34.297#Z#DEBUG#3ed74488-8bc1-11f1-85f0-eeee0a91cfe7.myfranchise-db-deployer#flowable-async-job-executor-thread-62858#
[PollExecuteTaskStatusExecution] 29787a82-7f21-42fb-b29e-68fef013f5a1 [2026-07-30T02:37:35.443183] No make necessary (STDOUT, APP/TASK/deploy)#
#2026 07 30 02:50:34.297#Z#DEBUG#3ed74488-8bc1-11f1-85f0-eeee0a91cfe7.myfranchise-db-deployer#flowable-async-job-executor-thread-62858#
[PollExecuteTaskStatusExecution] 29787a82-7f21-42fb-b29e-68fef013f5a1 [2026-07-30T02:37:35.443277] Making... ok (0s 66ms) (STDOUT, APP/TASK/deploy)#
#2026 07 30 02:50:34.297#Z#DEBUG#3ed74488-8bc1-11f1-85f0-eeee0a91cfe7.myfranchise-db-deployer#flowable-async-job-executor-thread-62858#
[PollExecuteTaskStatusExecution] 29787a82-7f21-42fb-b29e-68fef013f5a1 [2026-07-30T02:37:35.443288] Enabling table replication for the container schema "2177F43B75D34848AE3EA84FAB461E66"... (STDOUT, APP/TASK/deploy)#
#2026 07 30 02:50:34.297#Z#DEBUG#3ed74488-8bc1-11f1-85f0-eeee0a91cfe7.myfranchise-db-deployer#flowable-async-job-executor-thread-62858#
[PollExecuteTaskStatusExecution] 29787a82-7f21-42fb-b29e-68fef013f5a1 [2026-07-30T02:37:35.443294] Enabling table replication for the container schema "2177F43B75D34848AE3EA84FAB461E66"... ok (0s 13ms) (STDOUT, APP/TASK/deploy)#
#2026 07 30 02:50:34.297#Z#DEBUG#3ed74488-8bc1-11f1-85f0-eeee0a91cfe7.myfranchise-db-deployer#flowable-async-job-executor-thread-62858#
[PollExecuteTaskStatusExecution] 29787a82-7f21-42fb-b29e-68fef013f5a1 [2026-07-30T02:37:35.443296] Starting make in the container "2177F43B75D34848AE3EA84FAB461E66" with 0 files to deploy, 0 files to undeploy... ok (0s 121ms) (STDOUT, APP/TASK/deploy)#
#2026 07 30 02:50:34.297#Z#DEBUG#3ed74488-8bc1-11f1-85f0-eeee0a91cfe7.myfranchise-db-deployer#flowable-async-job-executor-thread-62858#
[PollExecuteTaskStatusExecution] 29787a82-7f21-42fb-b29e-68fef013f5a1 [2026-07-30T02:37:35.443919] Deploying to the container "2177F43B75D34848AE3EA84FAB461E66"... ok (0s 316ms) (STDOUT, APP/TASK/deploy)#
#2026 07 30 02:50:34.297#Z#DEBUG#3ed74488-8bc1-11f1-85f0-eeee0a91cfe7.myfranchise-db-deployer#flowable-async-job-executor-thread-62858#
[PollExecuteTaskStatusExecution] 29787a82-7f21-42fb-b29e-68fef013f5a1 [2026-07-30T02:37:35.444179] No default-access-role handling needed; global role "2177F43B75D34848AE3EA84FAB461E66::access_role" will not be adapted (STDOUT, APP/TASK/deploy)#
#2026 07 30 02:50:34.297#Z#DEBUG#3ed74488-8bc1-11f1-85f0-eeee0a91cfe7.myfranchise-db-deployer#flowable-async-job-executor-thread-62858#
[PollExecuteTaskStatusExecution] 29787a82-7f21-42fb-b29e-68fef013f5a1 [2026-07-30T02:37:35.444289] Unlocking the container "2177F43B75D34848AE3EA84FAB461E66"... (STDOUT, APP/TASK/deploy)#
#2026 07 30 02:50:34.297#Z#DEBUG#3ed74488-8bc1-11f1-85f0-eeee0a91cfe7.myfranchise-db-deployer#flowable-async-job-executor-thread-62858#
[PollExecuteTaskStatusExecution] 29787a82-7f21-42fb-b29e-68fef013f5a1 [2026-07-30T02:37:35.444601] Unlocking the container "2177F43B75D34848AE3EA84FAB461E66"... ok (0s 0ms) (STDOUT, APP/TASK/deploy)#
#2026 07 30 02:50:34.297#Z#DEBUG#3ed74488-8bc1-11f1-85f0-eeee0a91cfe7.myfranchise-db-deployer#flowable-async-job-executor-thread-62858#
[PollExecuteTaskStatusExecution] 29787a82-7f21-42fb-b29e-68fef013f5a1 [2026-07-30T02:37:35.444743] Deployment to container 2177F43B75D34848AE3EA84FAB461E66 done [Deployment ID: none]. (STDOUT, APP/TASK/deploy)#
#2026 07 30 02:50:34.297#Z#DEBUG#3ed74488-8bc1-11f1-85f0-eeee0a91cfe7.myfranchise-db-deployer#flowable-async-job-executor-thread-62858#
[PollExecuteTaskStatusExecution] 29787a82-7f21-42fb-b29e-68fef013f5a1 [2026-07-30T02:37:35.445260] Deployment ended at 2026-07-30 02:37:35 (STDOUT, APP/TASK/deploy)#
#2026 07 30 02:50:34.297#Z#DEBUG#3ed74488-8bc1-11f1-85f0-eeee0a91cfe7.myfranchise-db-deployer#flowable-async-job-executor-thread-62858#
[PollExecuteTaskStatusExecution] 29787a82-7f21-42fb-b29e-68fef013f5a1 [2026-07-30T02:37:35.445974] (1s 976ms) (STDOUT, APP/TASK/deploy)#
#2026 07 30 02:50:34.297#Z#DEBUG#3ed74488-8bc1-11f1-85f0-eeee0a91cfe7.myfranchise-db-deployer#flowable-async-job-executor-thread-62858#
[PollExecuteTaskStatusExecution] 29787a82-7f21-42fb-b29e-68fef013f5a1 [2026-07-30T02:37:35.457235] npm notice (STDERR, APP/TASK/deploy)#
#2026 07 30 02:50:34.297#Z#DEBUG#3ed74488-8bc1-11f1-85f0-eeee0a91cfe7.myfranchise-db-deployer#flowable-async-job-executor-thread-62858#
[PollExecuteTaskStatusExecution] 29787a82-7f21-42fb-b29e-68fef013f5a1 [2026-07-30T02:37:35.457254] npm notice New major version of npm available! 11.12.1 -> 12.0.2 (STDERR, APP/TASK/deploy)#
#2026 07 30 02:50:34.297#Z#DEBUG#3ed74488-8bc1-11f1-85f0-eeee0a91cfe7.myfranchise-db-deployer#flowable-async-job-executor-thread-62858#
[PollExecuteTaskStatusExecution] 29787a82-7f21-42fb-b29e-68fef013f5a1 [2026-07-30T02:37:35.457257] npm notice Changelog: https://github.com/npm/cli/releases/tag/v12.0.2 (STDERR, APP/TASK/deploy)#
#2026 07 30 02:50:34.297#Z#DEBUG#3ed74488-8bc1-11f1-85f0-eeee0a91cfe7.myfranchise-db-deployer#flowable-async-job-executor-thread-62858#
[PollExecuteTaskStatusExecution] 29787a82-7f21-42fb-b29e-68fef013f5a1 [2026-07-30T02:37:35.457259] npm notice To update run: npm install -g npm@12.0.2 (STDERR, APP/TASK/deploy)#
#2026 07 30 02:50:34.297#Z#DEBUG#3ed74488-8bc1-11f1-85f0-eeee0a91cfe7.myfranchise-db-deployer#flowable-async-job-executor-thread-62858#
[PollExecuteTaskStatusExecution] 29787a82-7f21-42fb-b29e-68fef013f5a1 [2026-07-30T02:37:35.457262] npm notice (STDERR, APP/TASK/deploy)#
#2026 07 30 02:50:34.297#Z#DEBUG#3ed74488-8bc1-11f1-85f0-eeee0a91cfe7.myfranchise-db-deployer#flowable-async-job-executor-thread-62858#
[PollExecuteTaskStatusExecution] 29787a82-7f21-42fb-b29e-68fef013f5a1 [2026-07-30T02:37:35.510857] Exit status 0 (STDOUT, APP/TASK/deploy)#
#2026 07 30 02:50:34.297#Z#DEBUG#3ed74488-8bc1-11f1-85f0-eeee0a91cfe7.myfranchise-db-deployer#flowable-async-job-executor-thread-62858#
[PollExecuteTaskStatusExecution] 29787a82-7f21-42fb-b29e-68fef013f5a1 [2026-07-30T02:37:35.911822] Cell e07bf812-eb0a-496a-8728-2e644bd9e955 stopping instance ee3bb3dc-6385-4cf3-90ce-73a14e77b1e2 (STDOUT, CELL)#
#2026 07 30 02:50:34.297#Z#DEBUG#3ed74488-8bc1-11f1-85f0-eeee0a91cfe7.myfranchise-db-deployer#flowable-async-job-executor-thread-62858#
[PollExecuteTaskStatusExecution] 29787a82-7f21-42fb-b29e-68fef013f5a1 [2026-07-30T02:37:35.911855] Cell e07bf812-eb0a-496a-8728-2e644bd9e955 destroying container for instance ee3bb3dc-6385-4cf3-90ce-73a14e77b1e2 (STDOUT, CELL)#
#2026 07 30 02:50:34.297#Z#DEBUG#3ed74488-8bc1-11f1-85f0-eeee0a91cfe7.myfranchise-db-deployer#flowable-async-job-executor-thread-62858#
[PollExecuteTaskStatusExecution] 29787a82-7f21-42fb-b29e-68fef013f5a1 [2026-07-30T02:37:37.881080] Cell e07bf812-eb0a-496a-8728-2e644bd9e955 successfully destroyed container for instance ee3bb3dc-6385-4cf3-90ce-73a14e77b1e2 (STDOUT, CELL)#
#2026 07 30 02:50:34.297#Z#DEBUG#3ed74488-8bc1-11f1-85f0-eeee0a91cfe7.myfranchise-db-deployer#flowable-async-job-executor-thread-62858#
[PollExecuteTaskStatusExecution] 29787a82-7f21-42fb-b29e-68fef013f5a1 [2026-07-30T02:49:24.847921] Updated app with guid 29787a82-7f21-42fb-b29e-68fef013f5a1 ({"lifecycle"=>{"data"=>{"buildpacks"=>["nodejs_buildpack"]}, "type"=>"buildpack"}}) (STDOUT, API)#
#2026 07 30 02:50:34.297#Z#DEBUG#3ed74488-8bc1-11f1-85f0-eeee0a91cfe7.myfranchise-db-deployer#flowable-async-job-executor-thread-62858#
[PollExecuteTaskStatusExecution] 29787a82-7f21-42fb-b29e-68fef013f5a1 [2026-07-30T02:49:24.957259] Updating process: "web" (STDOUT, API)#
#2026 07 30 02:50:34.297#Z#DEBUG#3ed74488-8bc1-11f1-85f0-eeee0a91cfe7.myfranchise-db-deployer#flowable-async-job-executor-thread-62858#
[PollExecuteTaskStatusExecution] 29787a82-7f21-42fb-b29e-68fef013f5a1 [2026-07-30T02:49:34.206605] Uploading app package for app with guid 29787a82-7f21-42fb-b29e-68fef013f5a1 (STDOUT, API)#
#2026 07 30 02:50:34.297#Z#DEBUG#3ed74488-8bc1-11f1-85f0-eeee0a91cfe7.myfranchise-db-deployer#flowable-async-job-executor-thread-62858#
[PollExecuteTaskStatusExecution] 29787a82-7f21-42fb-b29e-68fef013f5a1 [2026-07-30T02:49:34.429834] Updated app with guid 29787a82-7f21-42fb-b29e-68fef013f5a1 ({"environment_variables"=>"[PRIVATE DATA HIDDEN]"}) (STDOUT, API)#
#2026 07 30 02:50:34.297#Z#DEBUG#3ed74488-8bc1-11f1-85f0-eeee0a91cfe7.myfranchise-db-deployer#flowable-async-job-executor-thread-62858#
[PollExecuteTaskStatusExecution] 29787a82-7f21-42fb-b29e-68fef013f5a1 [2026-07-30T02:49:44.323213] Creating build for app with guid 29787a82-7f21-42fb-b29e-68fef013f5a1 (STDOUT, API)#
#2026 07 30 02:50:34.297#Z#DEBUG#3ed74488-8bc1-11f1-85f0-eeee0a91cfe7.myfranchise-db-deployer#flowable-async-job-executor-thread-62858#
[PollExecuteTaskStatusExecution] 29787a82-7f21-42fb-b29e-68fef013f5a1 [2026-07-30T02:49:44.761372] Downloading nodejs_buildpack... (STDOUT, STG)#
#2026 07 30 02:50:34.297#Z#DEBUG#3ed74488-8bc1-11f1-85f0-eeee0a91cfe7.myfranchise-db-deployer#flowable-async-job-executor-thread-62858#
[PollExecuteTaskStatusExecution] 29787a82-7f21-42fb-b29e-68fef013f5a1 [2026-07-30T02:50:01.335907] Downloaded nodejs_buildpack (560.6M) (STDOUT, STG)#
#2026 07 30 02:50:34.297#Z#DEBUG#3ed74488-8bc1-11f1-85f0-eeee0a91cfe7.myfranchise-db-deployer#flowable-async-job-executor-thread-62858#
[PollExecuteTaskStatusExecution] 29787a82-7f21-42fb-b29e-68fef013f5a1 [2026-07-30T02:50:01.335982] Cell 97428f24-2047-4bed-a8ec-ca76a473de77 creating container for instance a8988b68-ca3c-4f40-8f64-87366845b96f (STDOUT, STG)#
#2026 07 30 02:50:34.297#Z#DEBUG#3ed74488-8bc1-11f1-85f0-eeee0a91cfe7.myfranchise-db-deployer#flowable-async-job-executor-thread-62858#
[PollExecuteTaskStatusExecution] 29787a82-7f21-42fb-b29e-68fef013f5a1 [2026-07-30T02:50:01.875187] Security group rules were updated (STDOUT, STG)#
#2026 07 30 02:50:34.297#Z#DEBUG#3ed74488-8bc1-11f1-85f0-eeee0a91cfe7.myfranchise-db-deployer#flowable-async-job-executor-thread-62858#
[PollExecuteTaskStatusExecution] 29787a82-7f21-42fb-b29e-68fef013f5a1 [2026-07-30T02:50:01.952603] Cell 97428f24-2047-4bed-a8ec-ca76a473de77 successfully created container for instance a8988b68-ca3c-4f40-8f64-87366845b96f (STDOUT, STG)#
#2026 07 30 02:50:34.297#Z#DEBUG#3ed74488-8bc1-11f1-85f0-eeee0a91cfe7.myfranchise-db-deployer#flowable-async-job-executor-thread-62858#
[PollExecuteTaskStatusExecution] 29787a82-7f21-42fb-b29e-68fef013f5a1 [2026-07-30T02:50:02.717140] Downloading build artifacts cache... (STDOUT, STG)#
#2026 07 30 02:50:34.297#Z#DEBUG#3ed74488-8bc1-11f1-85f0-eeee0a91cfe7.myfranchise-db-deployer#flowable-async-job-executor-thread-62858#
[PollExecuteTaskStatusExecution] 29787a82-7f21-42fb-b29e-68fef013f5a1 [2026-07-30T02:50:02.717153] Downloading app package... (STDOUT, STG)#
#2026 07 30 02:50:34.297#Z#DEBUG#3ed74488-8bc1-11f1-85f0-eeee0a91cfe7.myfranchise-db-deployer#flowable-async-job-executor-thread-62858#
[PollExecuteTaskStatusExecution] 29787a82-7f21-42fb-b29e-68fef013f5a1 [2026-07-30T02:50:02.778348] Downloaded build artifacts cache (215B) (STDOUT, STG)#
#2026 07 30 02:50:34.297#Z#DEBUG#3ed74488-8bc1-11f1-85f0-eeee0a91cfe7.myfranchise-db-deployer#flowable-async-job-executor-thread-62858#
[PollExecuteTaskStatusExecution] 29787a82-7f21-42fb-b29e-68fef013f5a1 [2026-07-30T02:50:03.025068] Downloaded app package (2.4M) (STDOUT, STG)#
#2026 07 30 02:50:34.297#Z#DEBUG#3ed74488-8bc1-11f1-85f0-eeee0a91cfe7.myfranchise-db-deployer#flowable-async-job-executor-thread-62858#
[PollExecuteTaskStatusExecution] 29787a82-7f21-42fb-b29e-68fef013f5a1 [2026-07-30T02:50:03.100715] -----> Nodejs Buildpack version 1.9.2 (STDOUT, STG)#
#2026 07 30 02:50:34.297#Z#DEBUG#3ed74488-8bc1-11f1-85f0-eeee0a91cfe7.myfranchise-db-deployer#flowable-async-job-executor-thread-62858#
[PollExecuteTaskStatusExecution] 29787a82-7f21-42fb-b29e-68fef013f5a1 [2026-07-30T02:50:03.203448] -----> Bootstrapping python (STDOUT, STG)#
#2026 07 30 02:50:34.297#Z#DEBUG#3ed74488-8bc1-11f1-85f0-eeee0a91cfe7.myfranchise-db-deployer#flowable-async-job-executor-thread-62858#
[PollExecuteTaskStatusExecution] 29787a82-7f21-42fb-b29e-68fef013f5a1 [2026-07-30T02:50:03.203476] -----> Installing python 3.13.13 (STDOUT, STG)#
#2026 07 30 02:50:34.297#Z#DEBUG#3ed74488-8bc1-11f1-85f0-eeee0a91cfe7.myfranchise-db-deployer#flowable-async-job-executor-thread-62858#
[PollExecuteTaskStatusExecution] 29787a82-7f21-42fb-b29e-68fef013f5a1 [2026-07-30T02:50:03.203484] Copy [/tmp/buildpacks/718562a61f132ed7/dependencies/268a5e3743d51a14b86ea9da64439307/python_3.13.13_linux_x64_cflinuxfs4_8311abbf.tgz] (STDOUT, STG)#
#2026 07 30 02:50:34.297#Z#DEBUG#3ed74488-8bc1-11f1-85f0-eeee0a91cfe7.myfranchise-db-deployer#flowable-async-job-executor-thread-62858#
[PollExecuteTaskStatusExecution] 29787a82-7f21-42fb-b29e-68fef013f5a1 [2026-07-30T02:50:06.306507] -----> Installing binaries (STDOUT, STG)#
#2026 07 30 02:50:34.297#Z#DEBUG#3ed74488-8bc1-11f1-85f0-eeee0a91cfe7.myfranchise-db-deployer#flowable-async-job-executor-thread-62858#
[PollExecuteTaskStatusExecution] 29787a82-7f21-42fb-b29e-68fef013f5a1 [2026-07-30T02:50:06.306625] engines.node (package.json): ^24 (STDOUT, STG)#
#2026 07 30 02:50:34.297#Z#DEBUG#3ed74488-8bc1-11f1-85f0-eeee0a91cfe7.myfranchise-db-deployer#flowable-async-job-executor-thread-62858#
[PollExecuteTaskStatusExecution] 29787a82-7f21-42fb-b29e-68fef013f5a1 [2026-07-30T02:50:06.306638] engines.npm (package.json): unspecified (use default) (STDOUT, STG)#
#2026 07 30 02:50:34.297#Z#DEBUG#3ed74488-8bc1-11f1-85f0-eeee0a91cfe7.myfranchise-db-deployer#flowable-async-job-executor-thread-62858#
[PollExecuteTaskStatusExecution] 29787a82-7f21-42fb-b29e-68fef013f5a1 [2026-07-30T02:50:06.306729] -----> Installing node 24.15.0 (STDOUT, STG)#
#2026 07 30 02:50:34.297#Z#DEBUG#3ed74488-8bc1-11f1-85f0-eeee0a91cfe7.myfranchise-db-deployer#flowable-async-job-executor-thread-62858#
[PollExecuteTaskStatusExecution] 29787a82-7f21-42fb-b29e-68fef013f5a1 [2026-07-30T02:50:06.306846] Copy [/tmp/buildpacks/718562a61f132ed7/dependencies/6441e97e6386f47ec4c16cfdf8db0a17/node_24.15.0_linux_x64_cflinuxfs4_1a62d98b.tgz] (STDOUT, STG)#
#2026 07 30 02:50:34.297#Z#DEBUG#3ed74488-8bc1-11f1-85f0-eeee0a91cfe7.myfranchise-db-deployer#flowable-async-job-executor-thread-62858#
[PollExecuteTaskStatusExecution] 29787a82-7f21-42fb-b29e-68fef013f5a1 [2026-07-30T02:50:08.146503] Using default npm version: 11.12.1 (STDOUT, STG)#
#2026 07 30 02:50:34.297#Z#DEBUG#3ed74488-8bc1-11f1-85f0-eeee0a91cfe7.myfranchise-db-deployer#flowable-async-job-executor-thread-62858#
[PollExecuteTaskStatusExecution] 29787a82-7f21-42fb-b29e-68fef013f5a1 [2026-07-30T02:50:08.146527] -----> Installing yarn 1.22.22 (STDOUT, STG)#
#2026 07 30 02:50:34.297#Z#DEBUG#3ed74488-8bc1-11f1-85f0-eeee0a91cfe7.myfranchise-db-deployer#flowable-async-job-executor-thread-62858#
[PollExecuteTaskStatusExecution] 29787a82-7f21-42fb-b29e-68fef013f5a1 [2026-07-30T02:50:08.146712] Copy [/tmp/buildpacks/718562a61f132ed7/dependencies/e4fe26756e9984a665478d350474fa2e/yarn_1.22.22_linux_noarch_any-stack_b6132b86.tgz] (STDOUT, STG)#
#2026 07 30 02:50:34.297#Z#DEBUG#3ed74488-8bc1-11f1-85f0-eeee0a91cfe7.myfranchise-db-deployer#flowable-async-job-executor-thread-62858#
[PollExecuteTaskStatusExecution] 29787a82-7f21-42fb-b29e-68fef013f5a1 [2026-07-30T02:50:08.416887] Installed yarn 1.22.22 (STDOUT, STG)#
#2026 07 30 02:50:34.297#Z#DEBUG#3ed74488-8bc1-11f1-85f0-eeee0a91cfe7.myfranchise-db-deployer#flowable-async-job-executor-thread-62858#
[PollExecuteTaskStatusExecution] 29787a82-7f21-42fb-b29e-68fef013f5a1 [2026-07-30T02:50:08.416924] -----> Creating runtime environment (STDOUT, STG)#
#2026 07 30 02:50:34.297#Z#DEBUG#3ed74488-8bc1-11f1-85f0-eeee0a91cfe7.myfranchise-db-deployer#flowable-async-job-executor-thread-62858#
[PollExecuteTaskStatusExecution] 29787a82-7f21-42fb-b29e-68fef013f5a1 [2026-07-30T02:50:08.418510] NODE_ENV=production (STDOUT, STG)#
#2026 07 30 02:50:34.297#Z#DEBUG#3ed74488-8bc1-11f1-85f0-eeee0a91cfe7.myfranchise-db-deployer#flowable-async-job-executor-thread-62858#
[PollExecuteTaskStatusExecution] 29787a82-7f21-42fb-b29e-68fef013f5a1 [2026-07-30T02:50:08.418529] NODE_HOME=/tmp/contents680819710/deps/0/node (STDOUT, STG)#
#2026 07 30 02:50:34.297#Z#DEBUG#3ed74488-8bc1-11f1-85f0-eeee0a91cfe7.myfranchise-db-deployer#flowable-async-job-executor-thread-62858#
[PollExecuteTaskStatusExecution] 29787a82-7f21-42fb-b29e-68fef013f5a1 [2026-07-30T02:50:08.418535] NODE_MODULES_CACHE=true (STDOUT, STG)#
#2026 07 30 02:50:34.297#Z#DEBUG#3ed74488-8bc1-11f1-85f0-eeee0a91cfe7.myfranchise-db-deployer#flowable-async-job-executor-thread-62858#
[PollExecuteTaskStatusExecution] 29787a82-7f21-42fb-b29e-68fef013f5a1 [2026-07-30T02:50:08.418538] NODE_VERBOSE=false (STDOUT, STG)#
#2026 07 30 02:50:34.297#Z#DEBUG#3ed74488-8bc1-11f1-85f0-eeee0a91cfe7.myfranchise-db-deployer#flowable-async-job-executor-thread-62858#
[PollExecuteTaskStatusExecution] 29787a82-7f21-42fb-b29e-68fef013f5a1 [2026-07-30T02:50:08.418540] NPM_CONFIG_LOGLEVEL=error (STDOUT, STG)#
#2026 07 30 02:50:34.297#Z#DEBUG#3ed74488-8bc1-11f1-85f0-eeee0a91cfe7.myfranchise-db-deployer#flowable-async-job-executor-thread-62858#
[PollExecuteTaskStatusExecution] 29787a82-7f21-42fb-b29e-68fef013f5a1 [2026-07-30T02:50:08.418542] NPM_CONFIG_PRODUCTION=true (STDOUT, STG)#
#2026 07 30 02:50:34.297#Z#DEBUG#3ed74488-8bc1-11f1-85f0-eeee0a91cfe7.myfranchise-db-deployer#flowable-async-job-executor-thread-62858#
[PollExecuteTaskStatusExecution] 29787a82-7f21-42fb-b29e-68fef013f5a1 [2026-07-30T02:50:08.418557] -----> Building dependencies (STDOUT, STG)#
#2026 07 30 02:50:34.297#Z#DEBUG#3ed74488-8bc1-11f1-85f0-eeee0a91cfe7.myfranchise-db-deployer#flowable-async-job-executor-thread-62858#
[PollExecuteTaskStatusExecution] 29787a82-7f21-42fb-b29e-68fef013f5a1 [2026-07-30T02:50:08.418560] Prebuild detected (node_modules already exists) (STDOUT, STG)#
#2026 07 30 02:50:34.297#Z#DEBUG#3ed74488-8bc1-11f1-85f0-eeee0a91cfe7.myfranchise-db-deployer#flowable-async-job-executor-thread-62858#
[PollExecuteTaskStatusExecution] 29787a82-7f21-42fb-b29e-68fef013f5a1 [2026-07-30T02:50:08.418578] Rebuilding any native modules (STDOUT, STG)#
#2026 07 30 02:50:34.297#Z#DEBUG#3ed74488-8bc1-11f1-85f0-eeee0a91cfe7.myfranchise-db-deployer#flowable-async-job-executor-thread-62858#
[PollExecuteTaskStatusExecution] 29787a82-7f21-42fb-b29e-68fef013f5a1 [2026-07-30T02:50:08.850914] rebuilt dependencies successfully (STDOUT, STG)#
#2026 07 30 02:50:34.297#Z#DEBUG#3ed74488-8bc1-11f1-85f0-eeee0a91cfe7.myfranchise-db-deployer#flowable-async-job-executor-thread-62858#
[PollExecuteTaskStatusExecution] 29787a82-7f21-42fb-b29e-68fef013f5a1 [2026-07-30T02:50:08.904330] Installing any new modules (package.json + package-lock.json) (STDOUT, STG)#
#2026 07 30 02:50:34.297#Z#DEBUG#3ed74488-8bc1-11f1-85f0-eeee0a91cfe7.myfranchise-db-deployer#flowable-async-job-executor-thread-62858#
[PollExecuteTaskStatusExecution] 29787a82-7f21-42fb-b29e-68fef013f5a1 [2026-07-30T02:50:09.241774] up to date in 273ms (STDOUT, STG)#
#2026 07 30 02:50:34.297#Z#DEBUG#3ed74488-8bc1-11f1-85f0-eeee0a91cfe7.myfranchise-db-deployer#flowable-async-job-executor-thread-62858#
[PollExecuteTaskStatusExecution] 29787a82-7f21-42fb-b29e-68fef013f5a1 [2026-07-30T02:50:09.242013] 4 packages are looking for funding (STDOUT, STG)#
#2026 07 30 02:50:34.297#Z#DEBUG#3ed74488-8bc1-11f1-85f0-eeee0a91cfe7.myfranchise-db-deployer#flowable-async-job-executor-thread-62858#
[PollExecuteTaskStatusExecution] 29787a82-7f21-42fb-b29e-68fef013f5a1 [2026-07-30T02:50:09.242048] run `npm fund` for details (STDOUT, STG)#
#2026 07 30 02:50:34.297#Z#DEBUG#3ed74488-8bc1-11f1-85f0-eeee0a91cfe7.myfranchise-db-deployer#flowable-async-job-executor-thread-62858#
[PollExecuteTaskStatusExecution] 29787a82-7f21-42fb-b29e-68fef013f5a1 [2026-07-30T02:50:09.673790] Contrast Security no credentials found. Will not write environment files. (STDOUT, STG)#
#2026 07 30 02:50:34.297#Z#DEBUG#3ed74488-8bc1-11f1-85f0-eeee0a91cfe7.myfranchise-db-deployer#flowable-async-job-executor-thread-62858#
[PollExecuteTaskStatusExecution] 29787a82-7f21-42fb-b29e-68fef013f5a1 [2026-07-30T02:50:17.392062] Exit status 0 (STDOUT, STG)#
#2026 07 30 02:50:34.297#Z#DEBUG#3ed74488-8bc1-11f1-85f0-eeee0a91cfe7.myfranchise-db-deployer#flowable-async-job-executor-thread-62858#
[PollExecuteTaskStatusExecution] 29787a82-7f21-42fb-b29e-68fef013f5a1 [2026-07-30T02:50:17.392109] Uploading droplet, build artifacts cache... (STDOUT, STG)#
#2026 07 30 02:50:34.297#Z#DEBUG#3ed74488-8bc1-11f1-85f0-eeee0a91cfe7.myfranchise-db-deployer#flowable-async-job-executor-thread-62858#
[PollExecuteTaskStatusExecution] 29787a82-7f21-42fb-b29e-68fef013f5a1 [2026-07-30T02:50:17.392141] Uploading build artifacts cache... (STDOUT, STG)#
#2026 07 30 02:50:34.297#Z#DEBUG#3ed74488-8bc1-11f1-85f0-eeee0a91cfe7.myfranchise-db-deployer#flowable-async-job-executor-thread-62858#
[PollExecuteTaskStatusExecution] 29787a82-7f21-42fb-b29e-68fef013f5a1 [2026-07-30T02:50:17.392155] Uploading droplet... (STDOUT, STG)#
#2026 07 30 02:50:34.297#Z#DEBUG#3ed74488-8bc1-11f1-85f0-eeee0a91cfe7.myfranchise-db-deployer#flowable-async-job-executor-thread-62858#
[PollExecuteTaskStatusExecution] 29787a82-7f21-42fb-b29e-68fef013f5a1 [2026-07-30T02:50:17.432169] Uploaded build artifacts cache (222B) (STDOUT, STG)#
#2026 07 30 02:50:34.297#Z#DEBUG#3ed74488-8bc1-11f1-85f0-eeee0a91cfe7.myfranchise-db-deployer#flowable-async-job-executor-thread-62858#
[PollExecuteTaskStatusExecution] 29787a82-7f21-42fb-b29e-68fef013f5a1 [2026-07-30T02:50:18.013233] Creating droplet for app with guid 29787a82-7f21-42fb-b29e-68fef013f5a1 (STDOUT, API)#
#2026 07 30 02:50:34.297#Z#DEBUG#3ed74488-8bc1-11f1-85f0-eeee0a91cfe7.myfranchise-db-deployer#flowable-async-job-executor-thread-62858#
[PollExecuteTaskStatusExecution] 29787a82-7f21-42fb-b29e-68fef013f5a1 [2026-07-30T02:50:22.083526] Uploaded droplet (58.6M) (STDOUT, STG)#
#2026 07 30 02:50:34.297#Z#DEBUG#3ed74488-8bc1-11f1-85f0-eeee0a91cfe7.myfranchise-db-deployer#flowable-async-job-executor-thread-62858#
[PollExecuteTaskStatusExecution] 29787a82-7f21-42fb-b29e-68fef013f5a1 [2026-07-30T02:50:22.099387] Uploading complete (STDOUT, STG)#
#2026 07 30 02:50:34.297#Z#DEBUG#3ed74488-8bc1-11f1-85f0-eeee0a91cfe7.myfranchise-db-deployer#flowable-async-job-executor-thread-62858#
[PollExecuteTaskStatusExecution] 29787a82-7f21-42fb-b29e-68fef013f5a1 [2026-07-30T02:50:22.796127] Cell 97428f24-2047-4bed-a8ec-ca76a473de77 stopping instance a8988b68-ca3c-4f40-8f64-87366845b96f (STDOUT, STG)#
#2026 07 30 02:50:34.297#Z#DEBUG#3ed74488-8bc1-11f1-85f0-eeee0a91cfe7.myfranchise-db-deployer#flowable-async-job-executor-thread-62858#
[PollExecuteTaskStatusExecution] 29787a82-7f21-42fb-b29e-68fef013f5a1 [2026-07-30T02:50:22.796156] Cell 97428f24-2047-4bed-a8ec-ca76a473de77 destroying container for instance a8988b68-ca3c-4f40-8f64-87366845b96f (STDOUT, STG)#
#2026 07 30 02:50:34.297#Z#DEBUG#3ed74488-8bc1-11f1-85f0-eeee0a91cfe7.myfranchise-db-deployer#flowable-async-job-executor-thread-62858#
[PollExecuteTaskStatusExecution] 29787a82-7f21-42fb-b29e-68fef013f5a1 [2026-07-30T02:50:22.862623] Staging complete for build a8988b68-ca3c-4f40-8f64-87366845b96f (STDOUT, API)#
#2026 07 30 02:50:34.297#Z#DEBUG#3ed74488-8bc1-11f1-85f0-eeee0a91cfe7.myfranchise-db-deployer#flowable-async-job-executor-thread-62858#
[PollExecuteTaskStatusExecution] 29787a82-7f21-42fb-b29e-68fef013f5a1 [2026-07-30T02:50:24.372470] Updated app with guid 29787a82-7f21-42fb-b29e-68fef013f5a1 ({:droplet_guid=>"2d077f34-b105-443f-bc3e-b6874673f36b"}) (STDOUT, API)#
#2026 07 30 02:50:34.297#Z#DEBUG#3ed74488-8bc1-11f1-85f0-eeee0a91cfe7.myfranchise-db-deployer#flowable-async-job-executor-thread-62858#
[PollExecuteTaskStatusExecution] 29787a82-7f21-42fb-b29e-68fef013f5a1 [2026-07-30T02:50:24.847424] Cell 97428f24-2047-4bed-a8ec-ca76a473de77 successfully destroyed container for instance a8988b68-ca3c-4f40-8f64-87366845b96f (STDOUT, STG)#
#2026 07 30 02:50:34.297#Z#DEBUG#3ed74488-8bc1-11f1-85f0-eeee0a91cfe7.myfranchise-db-deployer#flowable-async-job-executor-thread-62858#
[PollExecuteTaskStatusExecution] 29787a82-7f21-42fb-b29e-68fef013f5a1 [2026-07-30T02:50:24.884106] Cell 613e35a2-2e95-43a1-a26d-abdfa40a1d39 creating container for instance 538b4286-6970-45d9-b971-a0ef96757e0c (STDOUT, CELL)#
#2026 07 30 02:50:34.297#Z#DEBUG#3ed74488-8bc1-11f1-85f0-eeee0a91cfe7.myfranchise-db-deployer#flowable-async-job-executor-thread-62858#
[PollExecuteTaskStatusExecution] 29787a82-7f21-42fb-b29e-68fef013f5a1 [2026-07-30T02:50:25.348824] Security group rules were updated (STDOUT, CELL)#
#2026 07 30 02:50:34.297#Z#DEBUG#3ed74488-8bc1-11f1-85f0-eeee0a91cfe7.myfranchise-db-deployer#flowable-async-job-executor-thread-62858#
[PollExecuteTaskStatusExecution] 29787a82-7f21-42fb-b29e-68fef013f5a1 [2026-07-30T02:50:25.418951] Cell 613e35a2-2e95-43a1-a26d-abdfa40a1d39 successfully created container for instance 538b4286-6970-45d9-b971-a0ef96757e0c (STDOUT, CELL)#
#2026 07 30 02:50:34.297#Z#DEBUG#3ed74488-8bc1-11f1-85f0-eeee0a91cfe7.myfranchise-db-deployer#flowable-async-job-executor-thread-62858#
[PollExecuteTaskStatusExecution] 29787a82-7f21-42fb-b29e-68fef013f5a1 [2026-07-30T02:50:28.655517] Invoking pre-start scripts. (STDOUT, APP/TASK/deploy)#
#2026 07 30 02:50:34.297#Z#DEBUG#3ed74488-8bc1-11f1-85f0-eeee0a91cfe7.myfranchise-db-deployer#flowable-async-job-executor-thread-62858#
[PollExecuteTaskStatusExecution] 29787a82-7f21-42fb-b29e-68fef013f5a1 [2026-07-30T02:50:28.802750] Invoking start command. (STDOUT, APP/TASK/deploy)#
#2026 07 30 02:50:34.297#Z#DEBUG#3ed74488-8bc1-11f1-85f0-eeee0a91cfe7.myfranchise-db-deployer#flowable-async-job-executor-thread-62858#
[PollExecuteTaskStatusExecution] 29787a82-7f21-42fb-b29e-68fef013f5a1 [2026-07-30T02:50:29.113543] > start (STDOUT, APP/TASK/deploy)#
#2026 07 30 02:50:34.297#Z#DEBUG#3ed74488-8bc1-11f1-85f0-eeee0a91cfe7.myfranchise-db-deployer#flowable-async-job-executor-thread-62858#
[PollExecuteTaskStatusExecution] 29787a82-7f21-42fb-b29e-68fef013f5a1 [2026-07-30T02:50:29.113566] > node node_modules/@sap/hdi-deploy/deploy.js --use-hdb --parameter com.sap.hana.di.table/try_fast_table_migration=true (STDOUT, APP/TASK/deploy)#
#2026 07 30 02:50:34.297#Z#DEBUG#3ed74488-8bc1-11f1-85f0-eeee0a91cfe7.myfranchise-db-deployer#flowable-async-job-executor-thread-62858#
[PollExecuteTaskStatusExecution] 29787a82-7f21-42fb-b29e-68fef013f5a1 [2026-07-30T02:50:29.218669] VCAP_SERVICES: (STDOUT, APP/TASK/deploy)#
#2026 07 30 02:50:34.297#Z#DEBUG#3ed74488-8bc1-11f1-85f0-eeee0a91cfe7.myfranchise-db-deployer#flowable-async-job-executor-thread-62858#
[PollExecuteTaskStatusExecution] 29787a82-7f21-42fb-b29e-68fef013f5a1 [2026-07-30T02:50:29.219236] { (STDOUT, APP/TASK/deploy)#
#2026 07 30 02:50:34.297#Z#DEBUG#3ed74488-8bc1-11f1-85f0-eeee0a91cfe7.myfranchise-db-deployer#flowable-async-job-executor-thread-62858#
[PollExecuteTaskStatusExecution] 29787a82-7f21-42fb-b29e-68fef013f5a1 [2026-07-30T02:50:29.219249] "hana": [ (STDOUT, APP/TASK/deploy)#
#2026 07 30 02:50:34.297#Z#DEBUG#3ed74488-8bc1-11f1-85f0-eeee0a91cfe7.myfranchise-db-deployer#flowable-async-job-executor-thread-62858#
[PollExecuteTaskStatusExecution] 29787a82-7f21-42fb-b29e-68fef013f5a1 [2026-07-30T02:50:29.219259] { (STDOUT, APP/TASK/deploy)#
#2026 07 30 02:50:34.297#Z#DEBUG#3ed74488-8bc1-11f1-85f0-eeee0a91cfe7.myfranchise-db-deployer#flowable-async-job-executor-thread-62858#
[PollExecuteTaskStatusExecution] 29787a82-7f21-42fb-b29e-68fef013f5a1 [2026-07-30T02:50:29.219262] "name": "myfranchise-db", (STDOUT, APP/TASK/deploy)#
#2026 07 30 02:50:34.297#Z#DEBUG#3ed74488-8bc1-11f1-85f0-eeee0a91cfe7.myfranchise-db-deployer#flowable-async-job-executor-thread-62858#
[PollExecuteTaskStatusExecution] 29787a82-7f21-42fb-b29e-68fef013f5a1 [2026-07-30T02:50:29.219264] "label": "hana", (STDOUT, APP/TASK/deploy)#
#2026 07 30 02:50:34.297#Z#DEBUG#3ed74488-8bc1-11f1-85f0-eeee0a91cfe7.myfranchise-db-deployer#flowable-async-job-executor-thread-62858#
[PollExecuteTaskStatusExecution] 29787a82-7f21-42fb-b29e-68fef013f5a1 [2026-07-30T02:50:29.219266] "plan": "hdi-shared", (STDOUT, APP/TASK/deploy)#
#2026 07 30 02:50:34.297#Z#DEBUG#3ed74488-8bc1-11f1-85f0-eeee0a91cfe7.myfranchise-db-deployer#flowable-async-job-executor-thread-62858#
[PollExecuteTaskStatusExecution] 29787a82-7f21-42fb-b29e-68fef013f5a1 [2026-07-30T02:50:29.219268] "credentials": { (STDOUT, APP/TASK/deploy)#
#2026 07 30 02:50:34.297#Z#DEBUG#3ed74488-8bc1-11f1-85f0-eeee0a91cfe7.myfranchise-db-deployer#flowable-async-job-executor-thread-62858#
[PollExecuteTaskStatusExecution] 29787a82-7f21-42fb-b29e-68fef013f5a1 [2026-07-30T02:50:29.219270] "schema": "2177F43B75D34848AE3EA84FAB461E66", (STDOUT, APP/TASK/deploy)#
#2026 07 30 02:50:34.297#Z#DEBUG#3ed74488-8bc1-11f1-85f0-eeee0a91cfe7.myfranchise-db-deployer#flowable-async-job-executor-thread-62858#
[PollExecuteTaskStatusExecution] 29787a82-7f21-42fb-b29e-68fef013f5a1 [2026-07-30T02:50:29.219272] "database_id": "70ddf6e8-ee91-4a59-aa45-f2009a7e6ff9", (STDOUT, APP/TASK/deploy)#
#2026 07 30 02:50:34.297#Z#DEBUG#3ed74488-8bc1-11f1-85f0-eeee0a91cfe7.myfranchise-db-deployer#flowable-async-job-executor-thread-62858#
[PollExecuteTaskStatusExecution] 29787a82-7f21-42fb-b29e-68fef013f5a1 [2026-07-30T02:50:29.219275] "user": "2177F43B75D34848AE3EA84FAB461E66_1Z95B3L8QXHR5EZEQDDCB7IZ3_RT", (STDOUT, APP/TASK/deploy)#
#2026 07 30 02:50:34.297#Z#DEBUG#3ed74488-8bc1-11f1-85f0-eeee0a91cfe7.myfranchise-db-deployer#flowable-async-job-executor-thread-62858#
[PollExecuteTaskStatusExecution] 29787a82-7f21-42fb-b29e-68fef013f5a1 [2026-07-30T02:50:29.219277] "hdi_user": "2177F43B75D34848AE3EA84FAB461E66_1Z95B3L8QXHR5EZEQDDCB7IZ3_DT" (STDOUT, APP/TASK/deploy)#
#2026 07 30 02:50:34.297#Z#DEBUG#3ed74488-8bc1-11f1-85f0-eeee0a91cfe7.myfranchise-db-deployer#flowable-async-job-executor-thread-62858#
[PollExecuteTaskStatusExecution] 29787a82-7f21-42fb-b29e-68fef013f5a1 [2026-07-30T02:50:29.219279] }, (STDOUT, APP/TASK/deploy)#
#2026 07 30 02:50:34.297#Z#DEBUG#3ed74488-8bc1-11f1-85f0-eeee0a91cfe7.myfranchise-db-deployer#flowable-async-job-executor-thread-62858#
[PollExecuteTaskStatusExecution] 29787a82-7f21-42fb-b29e-68fef013f5a1 [2026-07-30T02:50:29.219281] "tags": [ (STDOUT, APP/TASK/deploy)#
#2026 07 30 02:50:34.297#Z#DEBUG#3ed74488-8bc1-11f1-85f0-eeee0a91cfe7.myfranchise-db-deployer#flowable-async-job-executor-thread-62858#
[PollExecuteTaskStatusExecution] 29787a82-7f21-42fb-b29e-68fef013f5a1 [2026-07-30T02:50:29.219282] "hana", (STDOUT, APP/TASK/deploy)#
#2026 07 30 02:50:34.297#Z#DEBUG#3ed74488-8bc1-11f1-85f0-eeee0a91cfe7.myfranchise-db-deployer#flowable-async-job-executor-thread-62858#
[PollExecuteTaskStatusExecution] 29787a82-7f21-42fb-b29e-68fef013f5a1 [2026-07-30T02:50:29.219287] "database", (STDOUT, APP/TASK/deploy)#
#2026 07 30 02:50:34.297#Z#DEBUG#3ed74488-8bc1-11f1-85f0-eeee0a91cfe7.myfranchise-db-deployer#flowable-async-job-executor-thread-62858#
[PollExecuteTaskStatusExecution] 29787a82-7f21-42fb-b29e-68fef013f5a1 [2026-07-30T02:50:29.219289] "relational" (STDOUT, APP/TASK/deploy)#
#2026 07 30 02:50:34.297#Z#DEBUG#3ed74488-8bc1-11f1-85f0-eeee0a91cfe7.myfranchise-db-deployer#flowable-async-job-executor-thread-62858#
[PollExecuteTaskStatusExecution] 29787a82-7f21-42fb-b29e-68fef013f5a1 [2026-07-30T02:50:29.219291] ] (STDOUT, APP/TASK/deploy)#
#2026 07 30 02:50:34.297#Z#DEBUG#3ed74488-8bc1-11f1-85f0-eeee0a91cfe7.myfranchise-db-deployer#flowable-async-job-executor-thread-62858#
[PollExecuteTaskStatusExecution] 29787a82-7f21-42fb-b29e-68fef013f5a1 [2026-07-30T02:50:29.219293] } (STDOUT, APP/TASK/deploy)#
#2026 07 30 02:50:34.297#Z#DEBUG#3ed74488-8bc1-11f1-85f0-eeee0a91cfe7.myfranchise-db-deployer#flowable-async-job-executor-thread-62858#
[PollExecuteTaskStatusExecution] 29787a82-7f21-42fb-b29e-68fef013f5a1 [2026-07-30T02:50:29.219296] ] (STDOUT, APP/TASK/deploy)#
#2026 07 30 02:50:34.297#Z#DEBUG#3ed74488-8bc1-11f1-85f0-eeee0a91cfe7.myfranchise-db-deployer#flowable-async-job-executor-thread-62858#
[PollExecuteTaskStatusExecution] 29787a82-7f21-42fb-b29e-68fef013f5a1 [2026-07-30T02:50:29.219298] } (STDOUT, APP/TASK/deploy)#
#2026 07 30 02:50:34.297#Z#DEBUG#3ed74488-8bc1-11f1-85f0-eeee0a91cfe7.myfranchise-db-deployer#flowable-async-job-executor-thread-62858#
[PollExecuteTaskStatusExecution] 29787a82-7f21-42fb-b29e-68fef013f5a1 [2026-07-30T02:50:29.529183] @sap/hdi-deploy, version 5.7.0 (mode default), server version 4.00.000.00.1770715222 (4.0.0.0), cloud version 2025.40.13, node version 24.15.0, HDI version 1016, container API version 1007 (STDOUT, APP/TASK/deploy)#
#2026 07 30 02:50:34.297#Z#DEBUG#3ed74488-8bc1-11f1-85f0-eeee0a91cfe7.myfranchise-db-deployer#flowable-async-job-executor-thread-62858#
[PollExecuteTaskStatusExecution] 29787a82-7f21-42fb-b29e-68fef013f5a1 [2026-07-30T02:50:29.529215] Deployment started at 2026-07-30 02:50:29 (STDOUT, APP/TASK/deploy)#
#2026 07 30 02:50:34.297#Z#DEBUG#3ed74488-8bc1-11f1-85f0-eeee0a91cfe7.myfranchise-db-deployer#flowable-async-job-executor-thread-62858#
[PollExecuteTaskStatusExecution] 29787a82-7f21-42fb-b29e-68fef013f5a1 [2026-07-30T02:50:29.529467] Using hdb@2.29.5 for connection (STDOUT, APP/TASK/deploy)#
#2026 07 30 02:50:34.297#Z#DEBUG#3ed74488-8bc1-11f1-85f0-eeee0a91cfe7.myfranchise-db-deployer#flowable-async-job-executor-thread-62858#
[PollExecuteTaskStatusExecution] 29787a82-7f21-42fb-b29e-68fef013f5a1 [2026-07-30T02:50:29.544398] No ignore file at /home/vcap/app/.hdiignore. (STDOUT, APP/TASK/deploy)#
#2026 07 30 02:50:34.297#Z#DEBUG#3ed74488-8bc1-11f1-85f0-eeee0a91cfe7.myfranchise-db-deployer#flowable-async-job-executor-thread-62858#
[PollExecuteTaskStatusExecution] 29787a82-7f21-42fb-b29e-68fef013f5a1 [2026-07-30T02:50:29.544671] Collecting files... (STDOUT, APP/TASK/deploy)#
#2026 07 30 02:50:34.297#Z#DEBUG#3ed74488-8bc1-11f1-85f0-eeee0a91cfe7.myfranchise-db-deployer#flowable-async-job-executor-thread-62858#
[PollExecuteTaskStatusExecution] 29787a82-7f21-42fb-b29e-68fef013f5a1 [2026-07-30T02:50:29.553907] Collecting files... ok (0s 9ms) (STDOUT, APP/TASK/deploy)#
#2026 07 30 02:50:34.297#Z#DEBUG#3ed74488-8bc1-11f1-85f0-eeee0a91cfe7.myfranchise-db-deployer#flowable-async-job-executor-thread-62858#
[PollExecuteTaskStatusExecution] 29787a82-7f21-42fb-b29e-68fef013f5a1 [2026-07-30T02:50:29.553938] 3 directories collected (STDOUT, APP/TASK/deploy)#
#2026 07 30 02:50:34.297#Z#DEBUG#3ed74488-8bc1-11f1-85f0-eeee0a91cfe7.myfranchise-db-deployer#flowable-async-job-executor-thread-62858#
[PollExecuteTaskStatusExecution] 29787a82-7f21-42fb-b29e-68fef013f5a1 [2026-07-30T02:50:29.553941] 313 files collected (STDOUT, APP/TASK/deploy)#
#2026 07 30 02:50:34.297#Z#DEBUG#3ed74488-8bc1-11f1-85f0-eeee0a91cfe7.myfranchise-db-deployer#flowable-async-job-executor-thread-62858#
[PollExecuteTaskStatusExecution] 29787a82-7f21-42fb-b29e-68fef013f5a1 [2026-07-30T02:50:29.553944] 0 reusable modules collected (STDOUT, APP/TASK/deploy)#
#2026 07 30 02:50:34.297#Z#DEBUG#3ed74488-8bc1-11f1-85f0-eeee0a91cfe7.myfranchise-db-deployer#flowable-async-job-executor-thread-62858#
[PollExecuteTaskStatusExecution] 29787a82-7f21-42fb-b29e-68fef013f5a1 [2026-07-30T02:50:29.553968] Target service: myfranchise-db (STDOUT, APP/TASK/deploy)#
#2026 07 30 02:50:34.297#Z#DEBUG#3ed74488-8bc1-11f1-85f0-eeee0a91cfe7.myfranchise-db-deployer#flowable-async-job-executor-thread-62858#
[PollExecuteTaskStatusExecution] 29787a82-7f21-42fb-b29e-68fef013f5a1 [2026-07-30T02:50:29.681640] Previous build with request ID 1166 finished at 2026-07-30T02:37:35.406 with status Rolled back and message: Starting make in the container "2177F43B75D34848AE3EA84FAB461E66" with 0 files to deploy, 0 files to undeploy... ok. (STDOUT, APP/TASK/deploy)#
#2026 07 30 02:50:34.297#Z#DEBUG#3ed74488-8bc1-11f1-85f0-eeee0a91cfe7.myfranchise-db-deployer#flowable-async-job-executor-thread-62858#
[PollExecuteTaskStatusExecution] 29787a82-7f21-42fb-b29e-68fef013f5a1 [2026-07-30T02:50:29.681736] Processing revoke files... (STDOUT, APP/TASK/deploy)#
#2026 07 30 02:50:34.297#Z#DEBUG#3ed74488-8bc1-11f1-85f0-eeee0a91cfe7.myfranchise-db-deployer#flowable-async-job-executor-thread-62858#
[PollExecuteTaskStatusExecution] 29787a82-7f21-42fb-b29e-68fef013f5a1 [2026-07-30T02:50:29.681827] Processing revoke files... ok (0s 0ms) (STDOUT, APP/TASK/deploy)#
#2026 07 30 02:50:34.297#Z#DEBUG#3ed74488-8bc1-11f1-85f0-eeee0a91cfe7.myfranchise-db-deployer#flowable-async-job-executor-thread-62858#
[PollExecuteTaskStatusExecution] 29787a82-7f21-42fb-b29e-68fef013f5a1 [2026-07-30T02:50:29.682032] Processing grants files... (STDOUT, APP/TASK/deploy)#
#2026 07 30 02:50:34.297#Z#DEBUG#3ed74488-8bc1-11f1-85f0-eeee0a91cfe7.myfranchise-db-deployer#flowable-async-job-executor-thread-62858#
[PollExecuteTaskStatusExecution] 29787a82-7f21-42fb-b29e-68fef013f5a1 [2026-07-30T02:50:29.682058] Processing grants files... ok (0s 0ms) (STDOUT, APP/TASK/deploy)#
#2026 07 30 02:50:34.297#Z#DEBUG#3ed74488-8bc1-11f1-85f0-eeee0a91cfe7.myfranchise-db-deployer#flowable-async-job-executor-thread-62858#
[PollExecuteTaskStatusExecution] 29787a82-7f21-42fb-b29e-68fef013f5a1 [2026-07-30T02:50:29.684406] Preprocessing files... (STDOUT, APP/TASK/deploy)#
#2026 07 30 02:50:34.297#Z#DEBUG#3ed74488-8bc1-11f1-85f0-eeee0a91cfe7.myfranchise-db-deployer#flowable-async-job-executor-thread-62858#
[PollExecuteTaskStatusExecution] 29787a82-7f21-42fb-b29e-68fef013f5a1 [2026-07-30T02:50:29.684633] Preprocessing files... ok (0s 0ms) (STDOUT, APP/TASK/deploy)#
#2026 07 30 02:50:34.297#Z#DEBUG#3ed74488-8bc1-11f1-85f0-eeee0a91cfe7.myfranchise-db-deployer#flowable-async-job-executor-thread-62858#
[PollExecuteTaskStatusExecution] 29787a82-7f21-42fb-b29e-68fef013f5a1 [2026-07-30T02:50:29.684804] Connecting to the container "2177F43B75D34848AE3EA84FAB461E66"... (STDOUT, APP/TASK/deploy)#
#2026 07 30 02:50:34.297#Z#DEBUG#3ed74488-8bc1-11f1-85f0-eeee0a91cfe7.myfranchise-db-deployer#flowable-async-job-executor-thread-62858#
[PollExecuteTaskStatusExecution] 29787a82-7f21-42fb-b29e-68fef013f5a1 [2026-07-30T02:50:29.735846] Connecting to the container "2177F43B75D34848AE3EA84FAB461E66"... ok (0s 51ms) (STDOUT, APP/TASK/deploy)#
#2026 07 30 02:50:34.297#Z#DEBUG#3ed74488-8bc1-11f1-85f0-eeee0a91cfe7.myfranchise-db-deployer#flowable-async-job-executor-thread-62858#
[PollExecuteTaskStatusExecution] 29787a82-7f21-42fb-b29e-68fef013f5a1 [2026-07-30T02:50:29.735870] Locking the container "2177F43B75D34848AE3EA84FAB461E66"... (STDOUT, APP/TASK/deploy)#
#2026 07 30 02:50:34.297#Z#DEBUG#3ed74488-8bc1-11f1-85f0-eeee0a91cfe7.myfranchise-db-deployer#flowable-async-job-executor-thread-62858#
[PollExecuteTaskStatusExecution] 29787a82-7f21-42fb-b29e-68fef013f5a1 [2026-07-30T02:50:29.910670] Locking the container "2177F43B75D34848AE3EA84FAB461E66"... ok (0s 175ms) (STDOUT, APP/TASK/deploy)#
#2026 07 30 02:50:34.297#Z#DEBUG#3ed74488-8bc1-11f1-85f0-eeee0a91cfe7.myfranchise-db-deployer#flowable-async-job-executor-thread-62858#
[PollExecuteTaskStatusExecution] 29787a82-7f21-42fb-b29e-68fef013f5a1 [2026-07-30T02:50:29.910693] Synchronizing files with the container "2177F43B75D34848AE3EA84FAB461E66"... (STDOUT, APP/TASK/deploy)#
#2026 07 30 02:50:34.297#Z#DEBUG#3ed74488-8bc1-11f1-85f0-eeee0a91cfe7.myfranchise-db-deployer#flowable-async-job-executor-thread-62858#
[PollExecuteTaskStatusExecution] 29787a82-7f21-42fb-b29e-68fef013f5a1 [2026-07-30T02:50:30.249895] Deleting files... (STDOUT, APP/TASK/deploy)#
#2026 07 30 02:50:34.297#Z#DEBUG#3ed74488-8bc1-11f1-85f0-eeee0a91cfe7.myfranchise-db-deployer#flowable-async-job-executor-thread-62858#
[PollExecuteTaskStatusExecution] 29787a82-7f21-42fb-b29e-68fef013f5a1 [2026-07-30T02:50:30.386662] Deleting files... ok (STDOUT, APP/TASK/deploy)#
#2026 07 30 02:50:34.297#Z#DEBUG#3ed74488-8bc1-11f1-85f0-eeee0a91cfe7.myfranchise-db-deployer#flowable-async-job-executor-thread-62858#
[PollExecuteTaskStatusExecution] 29787a82-7f21-42fb-b29e-68fef013f5a1 [2026-07-30T02:50:30.386720] Writing files... (STDOUT, APP/TASK/deploy)#
#2026 07 30 02:50:34.297#Z#DEBUG#3ed74488-8bc1-11f1-85f0-eeee0a91cfe7.myfranchise-db-deployer#flowable-async-job-executor-thread-62858#
[PollExecuteTaskStatusExecution] 29787a82-7f21-42fb-b29e-68fef013f5a1 [2026-07-30T02:50:30.386920] Writing 3 items (STDOUT, APP/TASK/deploy)#
#2026 07 30 02:50:34.297#Z#DEBUG#3ed74488-8bc1-11f1-85f0-eeee0a91cfe7.myfranchise-db-deployer#flowable-async-job-executor-thread-62858#
[PollExecuteTaskStatusExecution] 29787a82-7f21-42fb-b29e-68fef013f5a1 [2026-07-30T02:50:30.551752] Writing files... ok (STDOUT, APP/TASK/deploy)#
#2026 07 30 02:50:34.297#Z#DEBUG#3ed74488-8bc1-11f1-85f0-eeee0a91cfe7.myfranchise-db-deployer#flowable-async-job-executor-thread-62858#
[PollExecuteTaskStatusExecution] 29787a82-7f21-42fb-b29e-68fef013f5a1 [2026-07-30T02:50:30.551781] Synchronizing files with the container "2177F43B75D34848AE3EA84FAB461E66"... ok (0s 641ms) (STDOUT, APP/TASK/deploy)#
#2026 07 30 02:50:34.297#Z#DEBUG#3ed74488-8bc1-11f1-85f0-eeee0a91cfe7.myfranchise-db-deployer#flowable-async-job-executor-thread-62858#
[PollExecuteTaskStatusExecution] 29787a82-7f21-42fb-b29e-68fef013f5a1 [2026-07-30T02:50:30.552053] added files: [] (STDOUT, APP/TASK/deploy)#
#2026 07 30 02:50:34.297#Z#DEBUG#3ed74488-8bc1-11f1-85f0-eeee0a91cfe7.myfranchise-db-deployer#flowable-async-job-executor-thread-62858#
[PollExecuteTaskStatusExecution] 29787a82-7f21-42fb-b29e-68fef013f5a1 [2026-07-30T02:50:30.552071] modified files: [] (STDOUT, APP/TASK/deploy)#
#2026 07 30 02:50:34.297#Z#DEBUG#3ed74488-8bc1-11f1-85f0-eeee0a91cfe7.myfranchise-db-deployer#flowable-async-job-executor-thread-62858#
[PollExecuteTaskStatusExecution] 29787a82-7f21-42fb-b29e-68fef013f5a1 [2026-07-30T02:50:30.552074] deleted files: [] (STDOUT, APP/TASK/deploy)#
#2026 07 30 02:50:34.297#Z#DEBUG#3ed74488-8bc1-11f1-85f0-eeee0a91cfe7.myfranchise-db-deployer#flowable-async-job-executor-thread-62858#
[PollExecuteTaskStatusExecution] 29787a82-7f21-42fb-b29e-68fef013f5a1 [2026-07-30T02:50:30.552185] 0 modified or added files are scheduled for deploy based on delta detection (STDOUT, APP/TASK/deploy)#
#2026 07 30 02:50:34.297#Z#DEBUG#3ed74488-8bc1-11f1-85f0-eeee0a91cfe7.myfranchise-db-deployer#flowable-async-job-executor-thread-62858#
[PollExecuteTaskStatusExecution] 29787a82-7f21-42fb-b29e-68fef013f5a1 [2026-07-30T02:50:30.552530] 0 deleted files are scheduled for undeploy based on delta detection (filtered by undeploy allowlist) (STDOUT, APP/TASK/deploy)#
#2026 07 30 02:50:34.297#Z#DEBUG#3ed74488-8bc1-11f1-85f0-eeee0a91cfe7.myfranchise-db-deployer#flowable-async-job-executor-thread-62858#
[PollExecuteTaskStatusExecution] 29787a82-7f21-42fb-b29e-68fef013f5a1 [2026-07-30T02:50:30.552588] 0 files are scheduled for deploy based on explicit specification (STDOUT, APP/TASK/deploy)#
#2026 07 30 02:50:34.297#Z#DEBUG#3ed74488-8bc1-11f1-85f0-eeee0a91cfe7.myfranchise-db-deployer#flowable-async-job-executor-thread-62858#
[PollExecuteTaskStatusExecution] 29787a82-7f21-42fb-b29e-68fef013f5a1 [2026-07-30T02:50:30.552602] 0 files are scheduled for undeploy based on explicit specification (STDOUT, APP/TASK/deploy)#
#2026 07 30 02:50:34.297#Z#DEBUG#3ed74488-8bc1-11f1-85f0-eeee0a91cfe7.myfranchise-db-deployer#flowable-async-job-executor-thread-62858#
[PollExecuteTaskStatusExecution] 29787a82-7f21-42fb-b29e-68fef013f5a1 [2026-07-30T02:50:30.552624] Deploying to the container "2177F43B75D34848AE3EA84FAB461E66"... (STDOUT, APP/TASK/deploy)#
#2026 07 30 02:50:34.297#Z#DEBUG#3ed74488-8bc1-11f1-85f0-eeee0a91cfe7.myfranchise-db-deployer#flowable-async-job-executor-thread-62858#
[PollExecuteTaskStatusExecution] 29787a82-7f21-42fb-b29e-68fef013f5a1 [2026-07-30T02:50:30.873919] Starting make in the container "2177F43B75D34848AE3EA84FAB461E66" with 0 files to deploy, 0 files to undeploy... (STDOUT, APP/TASK/deploy)#
#2026 07 30 02:50:34.297#Z#DEBUG#3ed74488-8bc1-11f1-85f0-eeee0a91cfe7.myfranchise-db-deployer#flowable-async-job-executor-thread-62858#
[PollExecuteTaskStatusExecution] 29787a82-7f21-42fb-b29e-68fef013f5a1 [2026-07-30T02:50:30.873946] Disabling table replication for the container schema "2177F43B75D34848AE3EA84FAB461E66"... (STDOUT, APP/TASK/deploy)#
#2026 07 30 02:50:34.297#Z#DEBUG#3ed74488-8bc1-11f1-85f0-eeee0a91cfe7.myfranchise-db-deployer#flowable-async-job-executor-thread-62858#
[PollExecuteTaskStatusExecution] 29787a82-7f21-42fb-b29e-68fef013f5a1 [2026-07-30T02:50:30.873964] Disabling table replication for the container schema "2177F43B75D34848AE3EA84FAB461E66"... ok (0s 11ms) (STDOUT, APP/TASK/deploy)#
#2026 07 30 02:50:34.297#Z#DEBUG#3ed74488-8bc1-11f1-85f0-eeee0a91cfe7.myfranchise-db-deployer#flowable-async-job-executor-thread-62858#
[PollExecuteTaskStatusExecution] 29787a82-7f21-42fb-b29e-68fef013f5a1 [2026-07-30T02:50:30.873967] Migrating libraries... (STDOUT, APP/TASK/deploy)#
#2026 07 30 02:50:34.297#Z#DEBUG#3ed74488-8bc1-11f1-85f0-eeee0a91cfe7.myfranchise-db-deployer#flowable-async-job-executor-thread-62858#
[PollExecuteTaskStatusExecution] 29787a82-7f21-42fb-b29e-68fef013f5a1 [2026-07-30T02:50:30.874115] Migrating libraries... ok (0s 14ms) (STDOUT, APP/TASK/deploy)#
#2026 07 30 02:50:34.297#Z#DEBUG#3ed74488-8bc1-11f1-85f0-eeee0a91cfe7.myfranchise-db-deployer#flowable-async-job-executor-thread-62858#
[PollExecuteTaskStatusExecution] 29787a82-7f21-42fb-b29e-68fef013f5a1 [2026-07-30T02:50:30.874153] Making... (STDOUT, APP/TASK/deploy)#
#2026 07 30 02:50:34.297#Z#DEBUG#3ed74488-8bc1-11f1-85f0-eeee0a91cfe7.myfranchise-db-deployer#flowable-async-job-executor-thread-62858#
[PollExecuteTaskStatusExecution] 29787a82-7f21-42fb-b29e-68fef013f5a1 [2026-07-30T02:50:30.874159] Preparing... (STDOUT, APP/TASK/deploy)#
#2026 07 30 02:50:34.297#Z#DEBUG#3ed74488-8bc1-11f1-85f0-eeee0a91cfe7.myfranchise-db-deployer#flowable-async-job-executor-thread-62858#
[PollExecuteTaskStatusExecution] 29787a82-7f21-42fb-b29e-68fef013f5a1 [2026-07-30T02:50:30.874163] Preparing... ok (0s 0ms) (STDOUT, APP/TASK/deploy)#
#2026 07 30 02:50:34.297#Z#DEBUG#3ed74488-8bc1-11f1-85f0-eeee0a91cfe7.myfranchise-db-deployer#flowable-async-job-executor-thread-62858#
[PollExecuteTaskStatusExecution] 29787a82-7f21-42fb-b29e-68fef013f5a1 [2026-07-30T02:50:30.874185] Preparing the make transaction... (STDOUT, APP/TASK/deploy)#
#2026 07 30 02:50:34.297#Z#DEBUG#3ed74488-8bc1-11f1-85f0-eeee0a91cfe7.myfranchise-db-deployer#flowable-async-job-executor-thread-62858#
[PollExecuteTaskStatusExecution] 29787a82-7f21-42fb-b29e-68fef013f5a1 [2026-07-30T02:50:30.874194] Preparing the make transaction... ok (0s 13ms) (STDOUT, APP/TASK/deploy)#
#2026 07 30 02:50:34.297#Z#DEBUG#3ed74488-8bc1-11f1-85f0-eeee0a91cfe7.myfranchise-db-deployer#flowable-async-job-executor-thread-62858#
[PollExecuteTaskStatusExecution] 29787a82-7f21-42fb-b29e-68fef013f5a1 [2026-07-30T02:50:30.874199] Calculating dependencies... (STDOUT, APP/TASK/deploy)#
#2026 07 30 02:50:34.297#Z#DEBUG#3ed74488-8bc1-11f1-85f0-eeee0a91cfe7.myfranchise-db-deployer#flowable-async-job-executor-thread-62858#
[PollExecuteTaskStatusExecution] 29787a82-7f21-42fb-b29e-68fef013f5a1 [2026-07-30T02:50:30.874231] Expanding... (STDOUT, APP/TASK/deploy)#
#2026 07 30 02:50:34.297#Z#DEBUG#3ed74488-8bc1-11f1-85f0-eeee0a91cfe7.myfranchise-db-deployer#flowable-async-job-executor-thread-62858#
[PollExecuteTaskStatusExecution] 29787a82-7f21-42fb-b29e-68fef013f5a1 [2026-07-30T02:50:30.874250] Expanding... ok (0s 6ms) (STDOUT, APP/TASK/deploy)#
#2026 07 30 02:50:34.297#Z#DEBUG#3ed74488-8bc1-11f1-85f0-eeee0a91cfe7.myfranchise-db-deployer#flowable-async-job-executor-thread-62858#
[PollExecuteTaskStatusExecution] 29787a82-7f21-42fb-b29e-68fef013f5a1 [2026-07-30T02:50:30.874268] Precompiling... (STDOUT, APP/TASK/deploy)#
#2026 07 30 02:50:34.297#Z#DEBUG#3ed74488-8bc1-11f1-85f0-eeee0a91cfe7.myfranchise-db-deployer#flowable-async-job-executor-thread-62858#
[PollExecuteTaskStatusExecution] 29787a82-7f21-42fb-b29e-68fef013f5a1 [2026-07-30T02:50:30.874272] Precompiling... ok (0s 0ms) (STDOUT, APP/TASK/deploy)#
#2026 07 30 02:50:34.297#Z#DEBUG#3ed74488-8bc1-11f1-85f0-eeee0a91cfe7.myfranchise-db-deployer#flowable-async-job-executor-thread-62858#
[PollExecuteTaskStatusExecution] 29787a82-7f21-42fb-b29e-68fef013f5a1 [2026-07-30T02:50:30.874289] Merging... (STDOUT, APP/TASK/deploy)#
#2026 07 30 02:50:34.297#Z#DEBUG#3ed74488-8bc1-11f1-85f0-eeee0a91cfe7.myfranchise-db-deployer#flowable-async-job-executor-thread-62858#
[PollExecuteTaskStatusExecution] 29787a82-7f21-42fb-b29e-68fef013f5a1 [2026-07-30T02:50:30.874304] Merging... ok (0s 0ms) (STDOUT, APP/TASK/deploy)#
#2026 07 30 02:50:34.297#Z#DEBUG#3ed74488-8bc1-11f1-85f0-eeee0a91cfe7.myfranchise-db-deployer#flowable-async-job-executor-thread-62858#
[PollExecuteTaskStatusExecution] 29787a82-7f21-42fb-b29e-68fef013f5a1 [2026-07-30T02:50:30.874323] Calculating dependencies... ok (0s 7ms) (STDOUT, APP/TASK/deploy)#
#2026 07 30 02:50:34.297#Z#DEBUG#3ed74488-8bc1-11f1-85f0-eeee0a91cfe7.myfranchise-db-deployer#flowable-async-job-executor-thread-62858#
[PollExecuteTaskStatusExecution] 29787a82-7f21-42fb-b29e-68fef013f5a1 [2026-07-30T02:50:30.874405] No make necessary (STDOUT, APP/TASK/deploy)#
#2026 07 30 02:50:34.297#Z#DEBUG#3ed74488-8bc1-11f1-85f0-eeee0a91cfe7.myfranchise-db-deployer#flowable-async-job-executor-thread-62858#
[PollExecuteTaskStatusExecution] 29787a82-7f21-42fb-b29e-68fef013f5a1 [2026-07-30T02:50:30.874432] Making... ok (0s 71ms) (STDOUT, APP/TASK/deploy)#
#2026 07 30 02:50:34.297#Z#DEBUG#3ed74488-8bc1-11f1-85f0-eeee0a91cfe7.myfranchise-db-deployer#flowable-async-job-executor-thread-62858#
[PollExecuteTaskStatusExecution] 29787a82-7f21-42fb-b29e-68fef013f5a1 [2026-07-30T02:50:30.874442] Enabling table replication for the container schema "2177F43B75D34848AE3EA84FAB461E66"... (STDOUT, APP/TASK/deploy)#
#2026 07 30 02:50:34.297#Z#DEBUG#3ed74488-8bc1-11f1-85f0-eeee0a91cfe7.myfranchise-db-deployer#flowable-async-job-executor-thread-62858#
[PollExecuteTaskStatusExecution] 29787a82-7f21-42fb-b29e-68fef013f5a1 [2026-07-30T02:50:30.874625] Enabling table replication for the container schema "2177F43B75D34848AE3EA84FAB461E66"... ok (0s 8ms) (STDOUT, APP/TASK/deploy)#
#2026 07 30 02:50:34.297#Z#DEBUG#3ed74488-8bc1-11f1-85f0-eeee0a91cfe7.myfranchise-db-deployer#flowable-async-job-executor-thread-62858#
[PollExecuteTaskStatusExecution] 29787a82-7f21-42fb-b29e-68fef013f5a1 [2026-07-30T02:50:30.874649] Starting make in the container "2177F43B75D34848AE3EA84FAB461E66" with 0 files to deploy, 0 files to undeploy... ok (0s 116ms) (STDOUT, APP/TASK/deploy)#
#2026 07 30 02:50:34.297#Z#DEBUG#3ed74488-8bc1-11f1-85f0-eeee0a91cfe7.myfranchise-db-deployer#flowable-async-job-executor-thread-62858#
[PollExecuteTaskStatusExecution] 29787a82-7f21-42fb-b29e-68fef013f5a1 [2026-07-30T02:50:30.875192] Deploying to the container "2177F43B75D34848AE3EA84FAB461E66"... ok (0s 322ms) (STDOUT, APP/TASK/deploy)#
#2026 07 30 02:50:34.297#Z#DEBUG#3ed74488-8bc1-11f1-85f0-eeee0a91cfe7.myfranchise-db-deployer#flowable-async-job-executor-thread-62858#
[PollExecuteTaskStatusExecution] 29787a82-7f21-42fb-b29e-68fef013f5a1 [2026-07-30T02:50:30.875393] No default-access-role handling needed; global role "2177F43B75D34848AE3EA84FAB461E66::access_role" will not be adapted (STDOUT, APP/TASK/deploy)#
#2026 07 30 02:50:34.297#Z#DEBUG#3ed74488-8bc1-11f1-85f0-eeee0a91cfe7.myfranchise-db-deployer#flowable-async-job-executor-thread-62858#
[PollExecuteTaskStatusExecution] 29787a82-7f21-42fb-b29e-68fef013f5a1 [2026-07-30T02:50:30.875416] Unlocking the container "2177F43B75D34848AE3EA84FAB461E66"... (STDOUT, APP/TASK/deploy)#
#2026 07 30 02:50:34.297#Z#DEBUG#3ed74488-8bc1-11f1-85f0-eeee0a91cfe7.myfranchise-db-deployer#flowable-async-job-executor-thread-62858#
[PollExecuteTaskStatusExecution] 29787a82-7f21-42fb-b29e-68fef013f5a1 [2026-07-30T02:50:30.875759] Unlocking the container "2177F43B75D34848AE3EA84FAB461E66"... ok (0s 0ms) (STDOUT, APP/TASK/deploy)#
#2026 07 30 02:50:34.297#Z#DEBUG#3ed74488-8bc1-11f1-85f0-eeee0a91cfe7.myfranchise-db-deployer#flowable-async-job-executor-thread-62858#
[PollExecuteTaskStatusExecution] 29787a82-7f21-42fb-b29e-68fef013f5a1 [2026-07-30T02:50:30.875878] Deployment to container 2177F43B75D34848AE3EA84FAB461E66 done [Deployment ID: none]. (STDOUT, APP/TASK/deploy)#
#2026 07 30 02:50:34.297#Z#DEBUG#3ed74488-8bc1-11f1-85f0-eeee0a91cfe7.myfranchise-db-deployer#flowable-async-job-executor-thread-62858#
[PollExecuteTaskStatusExecution] 29787a82-7f21-42fb-b29e-68fef013f5a1 [2026-07-30T02:50:30.876297] Deployment ended at 2026-07-30 02:50:30 (STDOUT, APP/TASK/deploy)#
#2026 07 30 02:50:34.297#Z#DEBUG#3ed74488-8bc1-11f1-85f0-eeee0a91cfe7.myfranchise-db-deployer#flowable-async-job-executor-thread-62858#
[PollExecuteTaskStatusExecution] 29787a82-7f21-42fb-b29e-68fef013f5a1 [2026-07-30T02:50:30.876474] (1s 730ms) (STDOUT, APP/TASK/deploy)#
#2026 07 30 02:50:34.297#Z#DEBUG#3ed74488-8bc1-11f1-85f0-eeee0a91cfe7.myfranchise-db-deployer#flowable-async-job-executor-thread-62858#
[PollExecuteTaskStatusExecution] 29787a82-7f21-42fb-b29e-68fef013f5a1 [2026-07-30T02:50:30.887632] npm notice (STDERR, APP/TASK/deploy)#
#2026 07 30 02:50:34.297#Z#DEBUG#3ed74488-8bc1-11f1-85f0-eeee0a91cfe7.myfranchise-db-deployer#flowable-async-job-executor-thread-62858#
[PollExecuteTaskStatusExecution] 29787a82-7f21-42fb-b29e-68fef013f5a1 [2026-07-30T02:50:30.887654] npm notice New major version of npm available! 11.12.1 -> 12.0.2 (STDERR, APP/TASK/deploy)#
#2026 07 30 02:50:34.297#Z#DEBUG#3ed74488-8bc1-11f1-85f0-eeee0a91cfe7.myfranchise-db-deployer#flowable-async-job-executor-thread-62858#
[PollExecuteTaskStatusExecution] 29787a82-7f21-42fb-b29e-68fef013f5a1 [2026-07-30T02:50:30.887657] npm notice Changelog: https://github.com/npm/cli/releases/tag/v12.0.2 (STDERR, APP/TASK/deploy)#
#2026 07 30 02:50:34.297#Z#DEBUG#3ed74488-8bc1-11f1-85f0-eeee0a91cfe7.myfranchise-db-deployer#flowable-async-job-executor-thread-62858#
[PollExecuteTaskStatusExecution] 29787a82-7f21-42fb-b29e-68fef013f5a1 [2026-07-30T02:50:30.887659] npm notice To update run: npm install -g npm@12.0.2 (STDERR, APP/TASK/deploy)#
#2026 07 30 02:50:34.297#Z#DEBUG#3ed74488-8bc1-11f1-85f0-eeee0a91cfe7.myfranchise-db-deployer#flowable-async-job-executor-thread-62858#
[PollExecuteTaskStatusExecution] 29787a82-7f21-42fb-b29e-68fef013f5a1 [2026-07-30T02:50:30.887665] npm notice (STDERR, APP/TASK/deploy)#
#2026 07 30 02:50:34.297#Z#DEBUG#3ed74488-8bc1-11f1-85f0-eeee0a91cfe7.myfranchise-db-deployer#flowable-async-job-executor-thread-62858#
[PollExecuteTaskStatusExecution] 29787a82-7f21-42fb-b29e-68fef013f5a1 [2026-07-30T02:50:30.939391] Exit status 0 (STDOUT, APP/TASK/deploy)#
#2026 07 30 02:50:34.297#Z#DEBUG#3ed74488-8bc1-11f1-85f0-eeee0a91cfe7.myfranchise-db-deployer#flowable-async-job-executor-thread-62858#
[PollExecuteTaskStatusExecution] 29787a82-7f21-42fb-b29e-68fef013f5a1 [2026-07-30T02:50:31.174029] Cell 613e35a2-2e95-43a1-a26d-abdfa40a1d39 stopping instance 538b4286-6970-45d9-b971-a0ef96757e0c (STDOUT, CELL)#
#2026 07 30 02:50:34.297#Z#DEBUG#3ed74488-8bc1-11f1-85f0-eeee0a91cfe7.myfranchise-db-deployer#flowable-async-job-executor-thread-62858#
[PollExecuteTaskStatusExecution] 29787a82-7f21-42fb-b29e-68fef013f5a1 [2026-07-30T02:50:31.174074] Cell 613e35a2-2e95-43a1-a26d-abdfa40a1d39 destroying container for instance 538b4286-6970-45d9-b971-a0ef96757e0c (STDOUT, CELL)#
#2026 07 30 02:50:34.297#Z#DEBUG#3ed74488-8bc1-11f1-85f0-eeee0a91cfe7.myfranchise-db-deployer#flowable-async-job-executor-thread-62858#
[PollExecuteTaskStatusExecution] 29787a82-7f21-42fb-b29e-68fef013f5a1 [2026-07-30T02:50:32.993225] Cell 613e35a2-2e95-43a1-a26d-abdfa40a1d39 successfully destroyed container for instance 538b4286-6970-45d9-b971-a0ef96757e0c (STDOUT, CELL)#
