#2026 07 30 02:49:12.445#Z#INFO#3ed74488-8bc1-11f1-85f0-eeee0a91cfe7.OPERATION#http-nio-0.0.0.0-8080-exec-46#
[XS2StartProcessListener] Operation ID: 3ed74488-8bc1-11f1-85f0-eeee0a91cfe7#
#2026 07 30 02:49:12.470#Z#DEBUG#3ed74488-8bc1-11f1-85f0-eeee0a91cfe7.OPERATION#http-nio-0.0.0.0-8080-exec-46#
[XS2StartProcessListener] Process environment: {
  "SKIP_SSL_VALIDATION" : "false",
  "CHANGE_LOG_LOCK_DURATION" : "30",
  "FLOWABLE_JOB_EXECUTOR_MAX_THREADS" : "64",
  "VERSION" : "2.50.0",
  "BASIC_AUTH_ENABLED" : "true",
  "FLOWABLE_JOB_EXECUTOR_QUEUE_CAPACITY" : "4",
  "FLOWABLE_JOB_EXECUTOR_CORE_THREADS" : "32"
}#
#2026 07 30 02:49:12.470#Z#DEBUG#3ed74488-8bc1-11f1-85f0-eeee0a91cfe7.OPERATION#http-nio-0.0.0.0-8080-exec-46#
[XS2StartProcessListener] Current user: marcelo.fiorito@sap.com#
#2026 07 30 02:49:12.470#Z#DEBUG#3ed74488-8bc1-11f1-85f0-eeee0a91cfe7.OPERATION#http-nio-0.0.0.0-8080-exec-46#
[XS2StartProcessListener] Client space: DEV#
#2026 07 30 02:49:12.470#Z#DEBUG#3ed74488-8bc1-11f1-85f0-eeee0a91cfe7.OPERATION#http-nio-0.0.0.0-8080-exec-46#
[XS2StartProcessListener] Client organization: sa-build-platform-org#
#2026 07 30 02:49:12.471#Z#INFO#3ed74488-8bc1-11f1-85f0-eeee0a91cfe7.OPERATION#http-nio-0.0.0.0-8080-exec-46#
[XS2StartProcessListener] Process variables: {
  "keepFiles" : false,
  "skipAppDigestCalculation" : false,
  "abortOnError" : false,
  "mtaId" : "myfranchise",
  "noFailOnMissingPermissions" : false,
  "isSecurityEnabled" : false,
  "apiRequestPath" : "https://deploy-service.cf.us10.hana.ondemand.com/api/v1/spaces/87beb70a-51f1-4835-b470-a7ccd9062962/operations",
  "deleteServiceBrokers" : false,
  "appArchiveId" : "7a9691d7-bbce-4282-ab9a-d78cbafe9d88",
  "isDisposableUserProvidedServiceEnabled" : false,
  "deleteServiceKeys" : false,
  "noRestartSubscribedApps" : false,
  "noStart" : false,
  "deleteServices" : false
}#
#2026 07 30 02:49:12.522#Z#DEBUG#3ed74488-8bc1-11f1-85f0-eeee0a91cfe7.OPERATION#flowable-async-job-executor-thread-62738#
[ValidateDeployParametersStep] Executing task "validateParametersTask" of process "3ed76bbe-8bc1-11f1-85f0-eeee0a91cfe7"...#
#2026 07 30 02:49:12.522#Z#DEBUG#3ed74488-8bc1-11f1-85f0-eeee0a91cfe7.OPERATION#flowable-async-job-executor-thread-62738#
[ValidateDeployParametersStep] Validating parameters...#
#2026 07 30 02:49:12.524#Z#INFO#3ed74488-8bc1-11f1-85f0-eeee0a91cfe7.OPERATION#flowable-async-job-executor-thread-62738#
[ValidateDeployParametersStep] Size of mtars is 11,590,848 and size of extension descriptors is 0#
#2026 07 30 02:49:12.579#Z#INFO#3ed74488-8bc1-11f1-85f0-eeee0a91cfe7.OPERATION#flowable-async-job-executor-thread-62738#
[ValidateDeployParametersStep] Archive was not split! Total size in bytes: 11,590,848#
#2026 07 30 02:49:12.579#Z#INFO#3ed74488-8bc1-11f1-85f0-eeee0a91cfe7.OPERATION#flowable-async-job-executor-thread-62738#
[ValidateDeployParametersStep] Deploying in org "sa-build-platform-org" and space "DEV"#
#2026 07 30 02:49:12.584#Z#DEBUG#3ed74488-8bc1-11f1-85f0-eeee0a91cfe7.OPERATION#flowable-async-job-executor-thread-62738#
[ValidateDeployParametersStep] Parameters validated#
#2026 07 30 02:49:12.584#Z#DEBUG#3ed74488-8bc1-11f1-85f0-eeee0a91cfe7.OPERATION#flowable-async-job-executor-thread-62738#
Step "Validate Parameters" finished#
#2026 07 30 02:49:12.611#Z#DEBUG#3ed74488-8bc1-11f1-85f0-eeee0a91cfe7.OPERATION#flowable-async-job-executor-thread-62739#
[DeleteRemainingFileParts] Executing task "deleteRemainingFileParts" of process "3ed76bbe-8bc1-11f1-85f0-eeee0a91cfe7"...#
#2026 07 30 02:49:12.612#Z#DEBUG#3ed74488-8bc1-11f1-85f0-eeee0a91cfe7.OPERATION#flowable-async-job-executor-thread-62739#
Step "Delete Remaining File Parts" finished#
#2026 07 30 02:49:12.637#Z#DEBUG#3ed74488-8bc1-11f1-85f0-eeee0a91cfe7.OPERATION#flowable-async-job-executor-thread-62740#
[XS2ProcessMtaArchiveStep] Executing task "processArchiveTask" of process "3ed76bbe-8bc1-11f1-85f0-eeee0a91cfe7"...#
#2026 07 30 02:49:12.638#Z#DEBUG#3ed74488-8bc1-11f1-85f0-eeee0a91cfe7.OPERATION#flowable-async-job-executor-thread-62740#
[XS2ProcessMtaArchiveStep] Processing MTA archive...#
#2026 07 30 02:49:12.638#Z#DEBUG#3ed74488-8bc1-11f1-85f0-eeee0a91cfe7.OPERATION#flowable-async-job-executor-thread-62740#
[XS2ProcessMtaArchiveStep] MTA Archive ID: 7a9691d7-bbce-4282-ab9a-d78cbafe9d88#
#2026 07 30 02:49:12.901#Z#DEBUG#3ed74488-8bc1-11f1-85f0-eeee0a91cfe7.OPERATION#flowable-async-job-executor-thread-62740#
[XS2ProcessMtaArchiveStep] MTA Descriptor length: 3,181#
#2026 07 30 02:49:12.901#Z#DEBUG#3ed74488-8bc1-11f1-85f0-eeee0a91cfe7.OPERATION#flowable-async-job-executor-thread-62740#
[XS2ProcessMtaArchiveStep] MTA Archive Modules: [myfranchise-srv, myfranchise-app-deployer, myfranchise-db-deployer]#
#2026 07 30 02:49:12.901#Z#DEBUG#3ed74488-8bc1-11f1-85f0-eeee0a91cfe7.OPERATION#flowable-async-job-executor-thread-62740#
[XS2ProcessMtaArchiveStep] MTA Archive Requires: []#
#2026 07 30 02:49:12.901#Z#DEBUG#3ed74488-8bc1-11f1-85f0-eeee0a91cfe7.OPERATION#flowable-async-job-executor-thread-62740#
[XS2ProcessMtaArchiveStep] MTA Archive Resources: [myfranchise-auth]#
#2026 07 30 02:49:12.911#Z#DEBUG#3ed74488-8bc1-11f1-85f0-eeee0a91cfe7.OPERATION#flowable-async-job-executor-thread-62740#
[XS2ProcessMtaArchiveStep] MTA archive processed#
#2026 07 30 02:49:12.911#Z#DEBUG#3ed74488-8bc1-11f1-85f0-eeee0a91cfe7.OPERATION#flowable-async-job-executor-thread-62740#
Step "Process Archive" finished#
#2026 07 30 02:49:12.945#Z#DEBUG#3ed74488-8bc1-11f1-85f0-eeee0a91cfe7.OPERATION#flowable-async-job-executor-thread-62741#
[ProcessMtaExtensionDescriptorsStep] Executing task "processExtensionDescriptorsTask" of process "3ed76bbe-8bc1-11f1-85f0-eeee0a91cfe7"...#
#2026 07 30 02:49:12.945#Z#DEBUG#3ed74488-8bc1-11f1-85f0-eeee0a91cfe7.OPERATION#flowable-async-job-executor-thread-62741#
[ProcessMtaExtensionDescriptorsStep] Processing MTA extension descriptors...#
#2026 07 30 02:49:12.946#Z#DEBUG#3ed74488-8bc1-11f1-85f0-eeee0a91cfe7.OPERATION#flowable-async-job-executor-thread-62741#
[ProcessMtaExtensionDescriptorsStep] Provided extension descriptors: [ ]#
#2026 07 30 02:49:12.946#Z#DEBUG#3ed74488-8bc1-11f1-85f0-eeee0a91cfe7.OPERATION#flowable-async-job-executor-thread-62741#
[ProcessMtaExtensionDescriptorsStep] No extension descriptors in use#
#2026 07 30 02:49:12.946#Z#DEBUG#3ed74488-8bc1-11f1-85f0-eeee0a91cfe7.OPERATION#flowable-async-job-executor-thread-62741#
[ProcessMtaExtensionDescriptorsStep] MTA extension descriptors processed#
#2026 07 30 02:49:12.947#Z#DEBUG#3ed74488-8bc1-11f1-85f0-eeee0a91cfe7.OPERATION#flowable-async-job-executor-thread-62741#
Step "Process Extension Descriptors" finished#
#2026 07 30 02:49:12.973#Z#DEBUG#3ed74488-8bc1-11f1-85f0-eeee0a91cfe7.OPERATION#flowable-async-job-executor-thread-62742#
[XS2DetectMtaSchemaVersionStep] Executing task "detectSchemaVersionTask" of process "3ed76bbe-8bc1-11f1-85f0-eeee0a91cfe7"...#
#2026 07 30 02:49:12.974#Z#DEBUG#3ed74488-8bc1-11f1-85f0-eeee0a91cfe7.OPERATION#flowable-async-job-executor-thread-62742#
[XS2DetectMtaSchemaVersionStep] Detecting MTA major schema version...#
#2026 07 30 02:49:12.976#Z#INFO#3ed74488-8bc1-11f1-85f0-eeee0a91cfe7.OPERATION#flowable-async-job-executor-thread-62742#
[XS2DetectMtaSchemaVersionStep] Detected MTA schema version: "3"#
#2026 07 30 02:49:12.980#Z#DEBUG#3ed74488-8bc1-11f1-85f0-eeee0a91cfe7.OPERATION#flowable-async-job-executor-thread-62742#
Step "Detect Schema Version" finished#
#2026 07 30 02:49:13.008#Z#DEBUG#3ed74488-8bc1-11f1-85f0-eeee0a91cfe7.OPERATION#flowable-async-job-executor-thread-62743#
[MergeDescriptorsStep] Executing task "mergeDescriptorsTask" of process "3ed76bbe-8bc1-11f1-85f0-eeee0a91cfe7"...#
#2026 07 30 02:49:13.009#Z#DEBUG#3ed74488-8bc1-11f1-85f0-eeee0a91cfe7.OPERATION#flowable-async-job-executor-thread-62743#
[MergeDescriptorsStep] Validating and merging descriptors...#
#2026 07 30 02:49:13.012#Z#DEBUG#3ed74488-8bc1-11f1-85f0-eeee0a91cfe7.OPERATION#flowable-async-job-executor-thread-62743#
[MergeDescriptorsStep] Merged deployment descriptor: {
  "majorSchemaVersion" : 3,
  "schemaVersion" : "3.1.0",
  "id" : "myfranchise",
  "version" : "1.0.0",
  "modules" : [ {
    "majorSchemaVersion" : 3,
    "name" : "myfranchise-srv",
    "type" : "javascript.nodejs",
    "path" : "myfranchise-srv",
    "properties" : { },
    "parameters" : {
      "buildpack" : "nodejs_buildpack",
      "disk-quota" : "1024M",
      "memory" : "512M"
    },
    "requiredDependencies" : [ {
      "majorSchemaVersion" : 3,
      "name" : "myfranchise-db",
      "properties" : { },
      "parameters" : { },
      "propertiesMetadata" : {
        "metadata" : { }
      },
      "parametersMetadata" : {
        "metadata" : { }
      }
    }, {
      "majorSchemaVersion" : 3,
      "name" : "********",
      "properties" : { },
      "parameters" : { },
      "propertiesMetadata" : {
        "metadata" : { }
      },
      "parametersMetadata" : {
        "metadata" : { }
      }
    }, {
      "majorSchemaVersion" : 3,
      "name" : "myfranchise-destination",
      "properties" : { },
      "parameters" : { },
      "propertiesMetadata" : {
        "metadata" : { }
      },
      "parametersMetadata" : {
        "metadata" : { }
      }
    }, {
      "majorSchemaVersion" : 3,
      "name" : "myfranchise-aicore",
      "properties" : { },
      "parameters" : { },
      "propertiesMetadata" : {
        "metadata" : { }
      },
      "parametersMetadata" : {
        "metadata" : { }
      }
    } ],
    "providedDependencies" : [ {
      "majorSchemaVersion" : 3,
      "name" : "srv-api",
      "isPublic" : false,
      "properties" : {
        "srv-url" : "${default-url}"
      },
      "parameters" : { },
      "propertiesMetadata" : {
        "metadata" : { }
      },
      "parametersMetadata" : {
        "metadata" : { }
      }
    }, {
      "majorSchemaVersion" : 3,
      "name" : "myfranchise-srv",
      "isPublic" : false,
      "properties" : { },
      "parameters" : { },
      "propertiesMetadata" : {
        "metadata" : { }
      },
      "parametersMetadata" : {
        "metadata" : { }
      }
    } ],
    "propertiesMetadata" : {
      "metadata" : { }
    },
    "parametersMetadata" : {
      "metadata" : { }
    },
    "hooks" : [ ]
  }, {
    "majorSchemaVersion" : 3,
    "name" : "myfranchise-db-deployer",
    "type" : "com.sap.xs.hdi",
    "path" : "myfranchise-db-deployer",
    "properties" : {
      "EXIT" : 1
    },
    "parameters" : {
      "memory" : "256M",
      "buildpack" : "nodejs_buildpack",
      "no-route" : true,
      "dependency-type" : "hard",
      "tasks" : [ {
        "name" : "deploy",
        "memory" : "256M",
        "command" : "npm start"
      } ],
      "no-start" : true
    },
    "requiredDependencies" : [ {
      "majorSchemaVersion" : 3,
      "name" : "myfranchise-db",
      "properties" : { },
      "parameters" : { },
      "propertiesMetadata" : {
        "metadata" : { }
      },
      "parametersMetadata" : {
        "metadata" : { }
      }
    } ],
    "providedDependencies" : [ {
      "majorSchemaVersion" : 3,
      "name" : "myfranchise-db-deployer",
      "isPublic" : false,
      "properties" : { },
      "parameters" : { },
      "propertiesMetadata" : {
        "metadata" : { }
      },
      "parametersMetadata" : {
        "metadata" : { }
      }
    } ],
    "propertiesMetadata" : {
      "metadata" : { }
    },
    "parametersMetadata" : {
      "metadata" : { }
    },
    "hooks" : [ ]
  }, {
    "majorSchemaVersion" : 3,
    "name" : "myfranchise-app-deployer",
    "type" : "com.sap.application.content",
    "path" : "myfranchise-app-deployer",
    "properties" : { },
    "parameters" : { },
    "requiredDependencies" : [ {
      "majorSchemaVersion" : 3,
      "name" : "srv-api",
      "properties" : { },
      "parameters" : { },
      "propertiesMetadata" : {
        "metadata" : { }
      },
      "parametersMetadata" : {
        "metadata" : { }
      }
    }, {
      "majorSchemaVersion" : 3,
      "name" : "myfranchise-html5-repo-host",
      "properties" : { },
      "parameters" : {
        "config" : {
          "HTML5Runtime_enabled" : true
        },
        "content-target" : true
      },
      "propertiesMetadata" : {
        "metadata" : { }
      },
      "parametersMetadata" : {
        "metadata" : { }
      }
    } ],
    "providedDependencies" : [ {
      "majorSchemaVersion" : 3,
      "name" : "myfranchise-app-deployer",
      "isPublic" : false,
      "properties" : { },
      "parameters" : { },
      "propertiesMetadata" : {
        "metadata" : { }
      },
      "parametersMetadata" : {
        "metadata" : { }
      }
    } ],
    "propertiesMetadata" : {
      "metadata" : { }
    },
    "parametersMetadata" : {
      "metadata" : { }
    },
    "hooks" : [ ]
  }, {
    "majorSchemaVersion" : 3,
    "name" : "myfranchise-workzone-deployer",
    "type" : "com.sap.application.content",
    "path" : ".",
    "properties" : { },
    "parameters" : {
      "content" : {
        "instance" : {
          "destinations" : [ {
            "Name" : "myfranchise-html5-repository",
            "ServiceInstanceName" : "myfranchise-html5-repo-host",
            "ServiceKeyName" : "********",
            "sap.cloud.service" : "myfranchise.service"
          }, {
            "Authentication" : "********",
            "Name" : "********",
            "ServiceInstanceName" : "********",
            "ServiceKeyName" : "********",
            "sap.cloud.service" : "myfranchise.service"
          } ],
          "existing_destinations_policy" : "update"
        }
      }
    },
    "requiredDependencies" : [ {
      "majorSchemaVersion" : 3,
      "name" : "myfranchise-workzone",
      "properties" : { },
      "parameters" : {
        "content-target" : true,
        "service-key" : "********"
      },
      "propertiesMetadata" : {
        "metadata" : { }
      },
      "parametersMetadata" : {
        "metadata" : { }
      }
    }, {
      "majorSchemaVersion" : 3,
      "name" : "myfranchise-html5-repo-host",
      "properties" : { },
      "parameters" : {
        "service-key" : "********"
      },
      "propertiesMetadata" : {
        "metadata" : { }
      },
      "parametersMetadata" : {
        "metadata" : { }
      }
    }, {
      "majorSchemaVersion" : 3,
      "name" : "********",
      "properties" : { },
      "parameters" : {
        "service-key" : "********"
      },
      "propertiesMetadata" : {
        "metadata" : { }
      },
      "parametersMetadata" : {
        "metadata" : { }
      }
    } ],
    "providedDependencies" : [ {
      "majorSchemaVersion" : 3,
      "name" : "myfranchise-workzone-deployer",
      "isPublic" : false,
      "properties" : { },
      "parameters" : { },
      "propertiesMetadata" : {
        "metadata" : { }
      },
      "parametersMetadata" : {
        "metadata" : { }
      }
    } ],
    "propertiesMetadata" : {
      "metadata" : { }
    },
    "parametersMetadata" : {
      "metadata" : { }
    },
    "hooks" : [ ]
  } ],
  "resources" : [ {
    "majorSchemaVersion" : 3,
    "name" : "myfranchise-db",
    "type" : "com.sap.xs.hdi-container",
    "properties" : {
      "hdi-service-name" : "${service-name}"
    },
    "parameters" : {
      "type" : "managed-service",
      "service" : "hana",
      "service-plan" : "hdi-shared"
    },
    "isActive" : true,
    "isOptional" : false,
    "propertiesMetadata" : {
      "metadata" : { }
    },
    "parametersMetadata" : {
      "metadata" : { }
    },
    "requiredDependencies" : [ ],
    "processedAfter" : [ ]
  }, {
    "majorSchemaVersion" : 3,
    "name" : "********",
    "type" : "org.cloudfoundry.managed-service",
    "properties" : { },
    "parameters" : {
      "path" : "./xs-security.json",
      "service-plan" : "application",
      "type" : "managed-service",
      "config" : {
        "tenant-mode" : "dedicated",
        "xsappname" : "myfranchise-${org}-${space}"
      },
      "service" : "xsuaa"
    },
    "isActive" : true,
    "isOptional" : false,
    "propertiesMetadata" : {
      "metadata" : { }
    },
    "parametersMetadata" : {
      "metadata" : { }
    },
    "requiredDependencies" : [ ],
    "processedAfter" : [ ]
  }, {
    "majorSchemaVersion" : 3,
    "name" : "myfranchise-destination",
    "type" : "org.cloudfoundry.managed-service",
    "properties" : { },
    "parameters" : {
      "type" : "managed-service",
      "service" : "destination",
      "service-plan" : "lite"
    },
    "isActive" : true,
    "isOptional" : false,
    "propertiesMetadata" : {
      "metadata" : { }
    },
    "parametersMetadata" : {
      "metadata" : { }
    },
    "requiredDependencies" : [ {
      "majorSchemaVersion" : 3,
      "name" : "srv-api",
      "properties" : { },
      "parameters" : { },
      "propertiesMetadata" : {
        "metadata" : { }
      },
      "parametersMetadata" : {
        "metadata" : { }
      }
    } ],
    "processedAfter" : [ ]
  }, {
    "majorSchemaVersion" : 3,
    "name" : "myfranchise-html5-repo-host",
    "type" : "org.cloudfoundry.managed-service",
    "properties" : { },
    "parameters" : {
      "type" : "managed-service",
      "service" : "html5-apps-repo",
      "service-plan" : "app-host"
    },
    "isActive" : true,
    "isOptional" : false,
    "propertiesMetadata" : {
      "metadata" : { }
    },
    "parametersMetadata" : {
      "metadata" : { }
    },
    "requiredDependencies" : [ ],
    "processedAfter" : [ ]
  }, {
    "majorSchemaVersion" : 3,
    "name" : "myfranchise-aicore",
    "type" : "org.cloudfoundry.existing-service",
    "properties" : { },
    "parameters" : {
      "type" : "existing-service",
      "service-name" : "default_aicore"
    },
    "isActive" : true,
    "isOptional" : false,
    "propertiesMetadata" : {
      "metadata" : { }
    },
    "parametersMetadata" : {
      "metadata" : { }
    },
    "requiredDependencies" : [ ],
    "processedAfter" : [ ]
  }, {
    "majorSchemaVersion" : 3,
    "name" : "myfranchise-workzone",
    "type" : "org.cloudfoundry.managed-service",
    "properties" : { },
    "parameters" : {
      "type" : "managed-service",
      "service" : "build-workzone-standard",
      "service-plan" : "foundation"
    },
    "isActive" : true,
    "isOptional" : false,
    "propertiesMetadata" : {
      "metadata" : { }
    },
    "parametersMetadata" : {
      "metadata" : { }
    },
    "requiredDependencies" : [ ],
    "processedAfter" : [ ]
  } ],
  "parameters" : {
    "enable-parallel-deployments" : true,
    "deploy_mode" : "html5-repo"
  },
  "parametersMetadata" : {
    "metadata" : { }
  }
}#
#2026 07 30 02:49:13.014#Z#DEBUG#3ed74488-8bc1-11f1-85f0-eeee0a91cfe7.OPERATION#flowable-async-job-executor-thread-62743#
[MergeDescriptorsStep] Descriptors validated and merged#
#2026 07 30 02:49:13.014#Z#DEBUG#3ed74488-8bc1-11f1-85f0-eeee0a91cfe7.OPERATION#flowable-async-job-executor-thread-62743#
Step "Merge Descriptors" finished#
#2026 07 30 02:49:13.043#Z#DEBUG#3ed74488-8bc1-11f1-85f0-eeee0a91cfe7.OPERATION#flowable-async-job-executor-thread-62744#
[DetectDeployedMtaStep] Executing task "detectDeployedMtaTask" of process "3ed76bbe-8bc1-11f1-85f0-eeee0a91cfe7"...#
#2026 07 30 02:49:13.044#Z#DEBUG#3ed74488-8bc1-11f1-85f0-eeee0a91cfe7.OPERATION#flowable-async-job-executor-thread-62744#
[DetectDeployedMtaStep] Detecting deployed MTA...#
#2026 07 30 02:49:13.117#Z#DEBUG#3ed74488-8bc1-11f1-85f0-eeee0a91cfe7.OPERATION#flowable-async-job-executor-thread-62744#
[DetectDeployedMtaStep] Detecting MTA by id myfranchise and namespace null#
#2026 07 30 02:49:13.118#Z#DEBUG#3ed74488-8bc1-11f1-85f0-eeee0a91cfe7.OPERATION#flowable-async-job-executor-thread-62744#
[DetectDeployedMtaStep] Getting applications by metadata label selector "mta_id=35411ae2e27f21f089d23bc79eeec889,!mta_namespace"...#
#2026 07 30 02:49:13.182#Z#DEBUG#3ed74488-8bc1-11f1-85f0-eeee0a91cfe7.OPERATION#flowable-async-job-executor-thread-62744#
[DetectDeployedMtaStep] Getting service instances by metadata label selector "mta_id=35411ae2e27f21f089d23bc79eeec889,!mta_namespace"...#
#2026 07 30 02:49:13.344#Z#DEBUG#3ed74488-8bc1-11f1-85f0-eeee0a91cfe7.OPERATION#flowable-async-job-executor-thread-62744#
[DetectDeployedMtaStep] Deployed MTA: {
  "metadata" : {
    "id" : "myfranchise",
    "version" : "1.0.0"
  },
  "applications" : [ {
    "name" : "myfranchise-srv",
    "metadata" : {
      "guid" : "f3901205-c849-4715-a90c-c13290448bb6",
      "createdAt" : [ 2026, 7, 30, 2, 26, 31 ],
      "updatedAt" : [ 2026, 7, 30, 2, 37, 59 ]
    },
    "v3Metadata" : {
      "annotations" : {
        "mta_id" : "myfranchise",
        "mta_version" : "1.0.0",
        "mta_module" : "{\"name\":\"myfranchise-srv\"}",
        "mta_module_provided_dependencies" : "[]",
        "mta_bound_services" : "********"
      },
      "labels" : {
        "mta_id" : "35411ae2e27f21f089d23bc79eeec889"
      }
    },
    "state" : "STARTED",
    "lifecycle" : {
      "type" : "BUILDPACK",
      "data" : {
        "stack" : "cflinuxfs4",
        "buildpacks" : [ "nodejs_buildpack" ]
      }
    },
    "space" : {
      "name" : "DEV",
      "metadata" : {
        "guid" : "87beb70a-51f1-4835-b470-a7ccd9062962",
        "createdAt" : [ 2026, 2, 13, 15, 50, 50 ],
        "updatedAt" : [ 2026, 2, 26, 20, 43, 49 ]
      },
      "organization" : {
        "name" : "sa-build-platform-org",
        "metadata" : {
          "guid" : "14e98944-6589-4d62-8570-239acf2bf85f",
          "createdAt" : [ 2026, 2, 13, 4, 24, 15 ],
          "updatedAt" : [ 2026, 2, 26, 21, 19, 21 ]
        }
      }
    },
    "moduleName" : "myfranchise-srv",
    "boundMtaServices" : [ "myfranchise-db", "********", "myfranchise-destination" ],
    "providedDependencyNames" : [ ],
    "productizationState" : "LIVE"
  }, {
    "name" : "myfranchise-db-deployer",
    "metadata" : {
      "guid" : "29787a82-7f21-42fb-b29e-68fef013f5a1",
      "createdAt" : [ 2026, 7, 30, 2, 26, 33 ],
      "updatedAt" : [ 2026, 7, 30, 2, 37, 27 ]
    },
    "v3Metadata" : {
      "annotations" : {
        "mta_id" : "myfranchise",
        "mta_version" : "1.0.0",
        "mta_module" : "{\"name\":\"myfranchise-db-deployer\"}",
        "mta_module_provided_dependencies" : "[]",
        "mta_bound_services" : "[\"myfranchise-db\"]"
      },
      "labels" : {
        "mta_id" : "35411ae2e27f21f089d23bc79eeec889"
      }
    },
    "state" : "STOPPED",
    "lifecycle" : {
      "type" : "BUILDPACK",
      "data" : {
        "stack" : "cflinuxfs4",
        "buildpacks" : [ "nodejs_buildpack" ]
      }
    },
    "space" : {
      "name" : "DEV",
      "metadata" : {
        "guid" : "87beb70a-51f1-4835-b470-a7ccd9062962",
        "createdAt" : [ 2026, 2, 13, 15, 50, 50 ],
        "updatedAt" : [ 2026, 2, 26, 20, 43, 49 ]
      },
      "organization" : {
        "name" : "sa-build-platform-org",
        "metadata" : {
          "guid" : "14e98944-6589-4d62-8570-239acf2bf85f",
          "createdAt" : [ 2026, 2, 13, 4, 24, 15 ],
          "updatedAt" : [ 2026, 2, 26, 21, 19, 21 ]
        }
      }
    },
    "moduleName" : "myfranchise-db-deployer",
    "boundMtaServices" : [ "myfranchise-db" ],
    "providedDependencyNames" : [ ],
    "productizationState" : "LIVE"
  } ],
  "services" : [ {
    "name" : "myfranchise-workzone",
    "metadata" : {
      "guid" : "ee7eda0f-bae4-4b95-acd3-b42352cef301",
      "createdAt" : [ 2026, 7, 30, 2, 22, 35 ],
      "updatedAt" : [ 2026, 7, 30, 2, 22, 36 ]
    },
    "v3Metadata" : {
      "annotations" : {
        "mta_id" : "myfranchise",
        "mta_version" : "1.0.0",
        "mta_resource" : "{\"name\":\"myfranchise-workzone\"}"
      },
      "labels" : {
        "mta_id" : "35411ae2e27f21f089d23bc79eeec889"
      }
    },
    "label" : "build-workzone-standard",
    "plan" : "foundation",
    "credentials" : "********",
    "tags" : [ ],
    "type" : "managed",
    "lastOperation" : {
      "type" : "CREATE",
      "description" : "",
      "state" : "SUCCEEDED"
    },
    "resourceName" : "myfranchise-workzone"
  }, {
    "name" : "myfranchise-db",
    "metadata" : {
      "guid" : "024d0c52-364c-4890-a192-720331319322",
      "createdAt" : [ 2026, 7, 30, 2, 22, 32 ],
      "updatedAt" : [ 2026, 7, 30, 2, 22, 33 ]
    },
    "v3Metadata" : {
      "annotations" : {
        "mta_id" : "myfranchise",
        "mta_version" : "1.0.0",
        "mta_resource" : "{\"name\":\"myfranchise-db\"}"
      },
      "labels" : {
        "mta_id" : "35411ae2e27f21f089d23bc79eeec889"
      }
    },
    "label" : "hana",
    "plan" : "hdi-shared",
    "credentials" : "********",
    "tags" : [ ],
    "type" : "managed",
    "lastOperation" : {
      "type" : "CREATE",
      "state" : "SUCCEEDED"
    },
    "resourceName" : "myfranchise-db"
  }, {
    "name" : "********",
    "metadata" : {
      "guid" : "43409aaf-ce01-4f37-b880-a9e7852e4d7e",
      "createdAt" : [ 2026, 7, 30, 2, 22, 35 ],
      "updatedAt" : [ 2026, 7, 30, 2, 22, 36 ]
    },
    "v3Metadata" : {
      "annotations" : {
        "mta_id" : "myfranchise",
        "mta_version" : "1.0.0",
        "mta_resource" : "********"
      },
      "labels" : {
        "mta_id" : "35411ae2e27f21f089d23bc79eeec889"
      }
    },
    "label" : "xsuaa",
    "plan" : "application",
    "credentials" : "********",
    "tags" : [ ],
    "type" : "managed",
    "lastOperation" : {
      "type" : "UPDATE",
      "description" : "",
      "state" : "SUCCEEDED"
    },
    "resourceName" : "********"
  }, {
    "name" : "myfranchise-destination",
    "metadata" : {
      "guid" : "753530f2-16d8-4ec4-bd58-fbc4988a0f56",
      "createdAt" : [ 2026, 7, 30, 2, 22, 35 ],
      "updatedAt" : [ 2026, 7, 30, 2, 22, 37 ]
    },
    "v3Metadata" : {
      "annotations" : {
        "mta_id" : "myfranchise",
        "mta_version" : "1.0.0",
        "mta_resource" : "{\"name\":\"myfranchise-destination\"}"
      },
      "labels" : {
        "mta_id" : "35411ae2e27f21f089d23bc79eeec889"
      }
    },
    "label" : "destination",
    "plan" : "lite",
    "credentials" : "********",
    "tags" : [ ],
    "type" : "managed",
    "lastOperation" : {
      "type" : "CREATE",
      "description" : "",
      "state" : "SUCCEEDED"
    },
    "resourceName" : "myfranchise-destination"
  }, {
    "name" : "myfranchise-html5-repo-host",
    "metadata" : {
      "guid" : "22b57d20-3485-4c4f-99f7-ea48e5cd86de",
      "createdAt" : [ 2026, 7, 30, 2, 22, 38 ],
      "updatedAt" : [ 2026, 7, 30, 2, 22, 39 ]
    },
    "v3Metadata" : {
      "annotations" : {
        "mta_id" : "myfranchise",
        "mta_version" : "1.0.0",
        "mta_resource" : "{\"name\":\"myfranchise-html5-repo-host\"}"
      },
      "labels" : {
        "mta_id" : "35411ae2e27f21f089d23bc79eeec889"
      }
    },
    "label" : "html5-apps-repo",
    "plan" : "app-host",
    "credentials" : "********",
    "tags" : [ ],
    "type" : "managed",
    "lastOperation" : {
      "type" : "CREATE",
      "description" : "",
      "state" : "SUCCEEDED"
    },
    "resourceName" : "myfranchise-html5-repo-host"
  } ]
}#
#2026 07 30 02:49:13.344#Z#INFO#3ed74488-8bc1-11f1-85f0-eeee0a91cfe7.OPERATION#flowable-async-job-executor-thread-62744#
[DetectDeployedMtaStep] Detected deployed MTA with ID "myfranchise" and version "1.0.0"#
#2026 07 30 02:49:13.348#Z#DEBUG#3ed74488-8bc1-11f1-85f0-eeee0a91cfe7.OPERATION#flowable-async-job-executor-thread-62744#
[DetectDeployedMtaStep] Detecting backup mta by id "myfranchise" and namespace "null"#
#2026 07 30 02:49:13.348#Z#DEBUG#3ed74488-8bc1-11f1-85f0-eeee0a91cfe7.OPERATION#flowable-async-job-executor-thread-62744#
[DetectDeployedMtaStep] Getting applications by metadata label selector "mta_id=35411ae2e27f21f089d23bc79eeec889,mta_namespace=b698114a0995e936895b9598a6c19a2c"...#
#2026 07 30 02:49:13.388#Z#DEBUG#3ed74488-8bc1-11f1-85f0-eeee0a91cfe7.OPERATION#flowable-async-job-executor-thread-62744#
[DetectDeployedMtaStep] Getting service instances by metadata label selector "mta_id=35411ae2e27f21f089d23bc79eeec889,mta_namespace=b698114a0995e936895b9598a6c19a2c"...#
#2026 07 30 02:49:13.463#Z#DEBUG#3ed74488-8bc1-11f1-85f0-eeee0a91cfe7.OPERATION#flowable-async-job-executor-thread-62744#
[DetectDeployedMtaStep] Deployed MTA service keys: [ {
  "name" : "********",
  "metadata" : {
    "guid" : "93b16194-aa12-499e-85d5-8911f4c24359",
    "createdAt" : [ 2026, 7, 30, 2, 26, 33 ],
    "updatedAt" : [ 2026, 7, 30, 2, 26, 36 ]
  },
  "v3Metadata" : {
    "annotations" : {
      "mta_id" : "myfranchise",
      "mta_version" : "1.0.0"
    },
    "labels" : {
      "mta_id" : "35411ae2e27f21f089d23bc79eeec889",
      "space_guid" : "87beb70a-51f1-4835-b470-a7ccd9062962"
    }
  },
  "serviceInstance" : {
    "name" : "myfranchise-workzone",
    "metadata" : {
      "guid" : "ee7eda0f-bae4-4b95-acd3-b42352cef301",
      "createdAt" : [ 2026, 7, 30, 2, 22, 35 ],
      "updatedAt" : [ 2026, 7, 30, 2, 22, 36 ]
    },
    "v3Metadata" : {
      "annotations" : {
        "mta_id" : "myfranchise",
        "mta_version" : "1.0.0",
        "mta_resource" : "{\"name\":\"myfranchise-workzone\"}"
      },
      "labels" : {
        "mta_id" : "35411ae2e27f21f089d23bc79eeec889"
      }
    },
    "credentials" : "********",
    "tags" : [ ],
    "type" : "managed"
  }
}, {
  "name" : "********",
  "metadata" : {
    "guid" : "80176fbf-5461-4683-923e-b37899d63a22",
    "createdAt" : [ 2026, 7, 30, 2, 26, 36 ],
    "updatedAt" : [ 2026, 7, 30, 2, 26, 37 ]
  },
  "v3Metadata" : {
    "annotations" : {
      "mta_id" : "myfranchise",
      "mta_version" : "1.0.0"
    },
    "labels" : {
      "mta_id" : "35411ae2e27f21f089d23bc79eeec889",
      "space_guid" : "87beb70a-51f1-4835-b470-a7ccd9062962"
    }
  },
  "serviceInstance" : {
    "name" : "myfranchise-html5-repo-host",
    "metadata" : {
      "guid" : "22b57d20-3485-4c4f-99f7-ea48e5cd86de",
      "createdAt" : [ 2026, 7, 30, 2, 22, 38 ],
      "updatedAt" : [ 2026, 7, 30, 2, 22, 39 ]
    },
    "v3Metadata" : {
      "annotations" : {
        "mta_id" : "myfranchise",
        "mta_version" : "1.0.0",
        "mta_resource" : "{\"name\":\"myfranchise-html5-repo-host\"}"
      },
      "labels" : {
        "mta_id" : "35411ae2e27f21f089d23bc79eeec889"
      }
    },
    "credentials" : "********",
    "tags" : [ ],
    "type" : "managed"
  }
} ]#
#2026 07 30 02:49:13.463#Z#DEBUG#3ed74488-8bc1-11f1-85f0-eeee0a91cfe7.OPERATION#flowable-async-job-executor-thread-62744#
Step "Detect Deployed MTA" finished#
#2026 07 30 02:49:13.495#Z#DEBUG#3ed74488-8bc1-11f1-85f0-eeee0a91cfe7.OPERATION#flowable-async-job-executor-thread-62745#
[XS2CollectSystemParametersStep] Executing task "collectSystemParametersTask" of process "3ed76bbe-8bc1-11f1-85f0-eeee0a91cfe7"...#
#2026 07 30 02:49:13.496#Z#DEBUG#3ed74488-8bc1-11f1-85f0-eeee0a91cfe7.OPERATION#flowable-async-job-executor-thread-62745#
[XS2CollectSystemParametersStep] Collecting system parameters...#
#2026 07 30 02:49:13.497#Z#DEBUG#3ed74488-8bc1-11f1-85f0-eeee0a91cfe7.OPERATION#flowable-async-job-executor-thread-62745#
[XS2CollectSystemParametersStep] Getting default domain...#
#2026 07 30 02:49:13.538#Z#DEBUG#3ed74488-8bc1-11f1-85f0-eeee0a91cfe7.OPERATION#flowable-async-job-executor-thread-62745#
[XS2CollectSystemParametersStep] Default domain: cfapps.us10.hana.ondemand.com#
#2026 07 30 02:49:13.540#Z#DEBUG#3ed74488-8bc1-11f1-85f0-eeee0a91cfe7.OPERATION#flowable-async-job-executor-thread-62745#
[XS2CollectSystemParametersStep] Checking for overwriting read-only parameters for mta with id: "myfranchise"#
#2026 07 30 02:49:13.540#Z#DEBUG#3ed74488-8bc1-11f1-85f0-eeee0a91cfe7.OPERATION#flowable-async-job-executor-thread-62745#
[XS2CollectSystemParametersStep] No read-only parameters are overwritten#
#2026 07 30 02:49:13.559#Z#DEBUG#3ed74488-8bc1-11f1-85f0-eeee0a91cfe7.OPERATION#flowable-async-job-executor-thread-62745#
[XS2CollectSystemParametersStep] Descriptor with system parameters: {
  "majorSchemaVersion" : 3,
  "schemaVersion" : "3.1.0",
  "id" : "myfranchise",
  "version" : "1.0.0",
  "modules" : [ {
    "majorSchemaVersion" : 3,
    "name" : "myfranchise-srv",
    "type" : "javascript.nodejs",
    "path" : "myfranchise-srv",
    "properties" : { },
    "parameters" : {
      "default-url" : "${protocol}://${default-uri}",
      "default-app-name" : "myfranchise-srv",
      "generated-password" : "********",
      "default-live-url" : "${protocol}://${default-live-uri}",
      "default-uri" : "${host}.${domain}",
      "memory" : "512M",
      "default-instances" : 1,
      "default-live-host" : "sa-build-platform-org-dev-myfranchise-srv",
      "instances" : "${default-instances}",
      "buildpack" : "nodejs_buildpack",
      "default-host" : "sa-build-platform-org-dev-myfranchise-srv",
      "app-name" : "${default-app-name}",
      "default-live-uri" : "sa-build-platform-org-dev-myfranchise-srv.${domain}",
      "protocol" : "https",
      "default-live-app-name" : "myfranchise-srv",
      "default-live-domain" : "cfapps.us10.hana.ondemand.com",
      "disk-quota" : "1024M",
      "domain" : "${default-domain}",
      "host" : "${default-host}",
      "generated-user" : "********"
    },
    "requiredDependencies" : [ {
      "majorSchemaVersion" : 3,
      "name" : "myfranchise-db",
      "properties" : { },
      "parameters" : { },
      "propertiesMetadata" : {
        "metadata" : { }
      },
      "parametersMetadata" : {
        "metadata" : { }
      }
    }, {
      "majorSchemaVersion" : 3,
      "name" : "********",
      "properties" : { },
      "parameters" : { },
      "propertiesMetadata" : {
        "metadata" : { }
      },
      "parametersMetadata" : {
        "metadata" : { }
      }
    }, {
      "majorSchemaVersion" : 3,
      "name" : "myfranchise-destination",
      "properties" : { },
      "parameters" : { },
      "propertiesMetadata" : {
        "metadata" : { }
      },
      "parametersMetadata" : {
        "metadata" : { }
      }
    }, {
      "majorSchemaVersion" : 3,
      "name" : "myfranchise-aicore",
      "properties" : { },
      "parameters" : { },
      "propertiesMetadata" : {
        "metadata" : { }
      },
      "parametersMetadata" : {
        "metadata" : { }
      }
    } ],
    "providedDependencies" : [ {
      "majorSchemaVersion" : 3,
      "name" : "srv-api",
      "isPublic" : false,
      "properties" : {
        "srv-url" : "${default-url}"
      },
      "parameters" : { },
      "propertiesMetadata" : {
        "metadata" : { }
      },
      "parametersMetadata" : {
        "metadata" : { }
      }
    }, {
      "majorSchemaVersion" : 3,
      "name" : "myfranchise-srv",
      "isPublic" : false,
      "properties" : { },
      "parameters" : { },
      "propertiesMetadata" : {
        "metadata" : { }
      },
      "parametersMetadata" : {
        "metadata" : { }
      }
    } ],
    "propertiesMetadata" : {
      "metadata" : { }
    },
    "parametersMetadata" : {
      "metadata" : { }
    },
    "hooks" : [ ]
  }, {
    "majorSchemaVersion" : 3,
    "name" : "myfranchise-db-deployer",
    "type" : "com.sap.xs.hdi",
    "path" : "myfranchise-db-deployer",
    "properties" : {
      "EXIT" : 1
    },
    "parameters" : {
      "default-url" : "${protocol}://${default-uri}",
      "default-app-name" : "myfranchise-db-deployer",
      "generated-password" : "********",
      "default-live-url" : "${protocol}://${default-live-uri}",
      "default-uri" : "${host}.${domain}",
      "memory" : "256M",
      "default-instances" : 1,
      "no-route" : true,
      "default-live-host" : "sa-build-platform-org-dev-myfranchise-db-deployer",
      "instances" : "${default-instances}",
      "buildpack" : "nodejs_buildpack",
      "default-host" : "sa-build-platform-org-dev-myfranchise-db-deployer",
      "app-name" : "${default-app-name}",
      "default-live-uri" : "sa-build-platform-org-dev-myfranchise-db-deployer.${domain}",
      "protocol" : "https",
      "default-live-app-name" : "myfranchise-db-deployer",
      "default-live-domain" : "cfapps.us10.hana.ondemand.com",
      "dependency-type" : "hard",
      "domain" : "${default-domain}",
      "host" : "${default-host}",
      "generated-user" : "********",
      "tasks" : [ {
        "name" : "deploy",
        "memory" : "256M",
        "command" : "npm start"
      } ],
      "no-start" : true
    },
    "requiredDependencies" : [ {
      "majorSchemaVersion" : 3,
      "name" : "myfranchise-db",
      "properties" : { },
      "parameters" : { },
      "propertiesMetadata" : {
        "metadata" : { }
      },
      "parametersMetadata" : {
        "metadata" : { }
      }
    } ],
    "providedDependencies" : [ {
      "majorSchemaVersion" : 3,
      "name" : "myfranchise-db-deployer",
      "isPublic" : false,
      "properties" : { },
      "parameters" : { },
      "propertiesMetadata" : {
        "metadata" : { }
      },
      "parametersMetadata" : {
        "metadata" : { }
      }
    } ],
    "propertiesMetadata" : {
      "metadata" : { }
    },
    "parametersMetadata" : {
      "metadata" : { }
    },
    "hooks" : [ ]
  }, {
    "majorSchemaVersion" : 3,
    "name" : "myfranchise-app-deployer",
    "type" : "com.sap.application.content",
    "path" : "myfranchise-app-deployer",
    "properties" : { },
    "parameters" : {
      "default-url" : "${protocol}://${default-uri}",
      "default-app-name" : "myfranchise-app-deployer",
      "generated-password" : "********",
      "default-live-url" : "${protocol}://${default-live-uri}",
      "default-uri" : "${host}.${domain}",
      "default-instances" : 1,
      "default-live-host" : "sa-build-platform-org-dev-myfranchise-app-deployer",
      "instances" : "${default-instances}",
      "default-host" : "sa-build-platform-org-dev-myfranchise-app-deployer",
      "app-name" : "${default-app-name}",
      "default-live-uri" : "sa-build-platform-org-dev-myfranchise-app-deployer.${domain}",
      "protocol" : "https",
      "default-live-app-name" : "myfranchise-app-deployer",
      "default-live-domain" : "cfapps.us10.hana.ondemand.com",
      "domain" : "${default-domain}",
      "host" : "${default-host}",
      "generated-user" : "********"
    },
    "requiredDependencies" : [ {
      "majorSchemaVersion" : 3,
      "name" : "srv-api",
      "properties" : { },
      "parameters" : { },
      "propertiesMetadata" : {
        "metadata" : { }
      },
      "parametersMetadata" : {
        "metadata" : { }
      }
    }, {
      "majorSchemaVersion" : 3,
      "name" : "myfranchise-html5-repo-host",
      "properties" : { },
      "parameters" : {
        "config" : {
          "HTML5Runtime_enabled" : true
        },
        "content-target" : true
      },
      "propertiesMetadata" : {
        "metadata" : { }
      },
      "parametersMetadata" : {
        "metadata" : { }
      }
    } ],
    "providedDependencies" : [ {
      "majorSchemaVersion" : 3,
      "name" : "myfranchise-app-deployer",
      "isPublic" : false,
      "properties" : { },
      "parameters" : { },
      "propertiesMetadata" : {
        "metadata" : { }
      },
      "parametersMetadata" : {
        "metadata" : { }
      }
    } ],
    "propertiesMetadata" : {
      "metadata" : { }
    },
    "parametersMetadata" : {
      "metadata" : { }
    },
    "hooks" : [ ]
  }, {
    "majorSchemaVersion" : 3,
    "name" : "myfranchise-workzone-deployer",
    "type" : "com.sap.application.content",
    "path" : ".",
    "properties" : { },
    "parameters" : {
      "default-url" : "${protocol}://${default-uri}",
      "default-app-name" : "myfranchise-workzone-deployer",
      "generated-password" : "********",
      "default-live-url" : "${protocol}://${default-live-uri}",
      "default-uri" : "${host}.${domain}",
      "default-instances" : 1,
      "default-live-host" : "sa-build-platform-org-dev-myfranchise-workzone-deployer",
      "instances" : "${default-instances}",
      "default-host" : "sa-build-platform-org-dev-myfranchise-workzone-deployer",
      "content" : {
        "instance" : {
          "destinations" : [ {
            "Name" : "myfranchise-html5-repository",
            "ServiceInstanceName" : "myfranchise-html5-repo-host",
            "ServiceKeyName" : "********",
            "sap.cloud.service" : "myfranchise.service"
          }, {
            "Authentication" : "********",
            "Name" : "********",
            "ServiceInstanceName" : "********",
            "ServiceKeyName" : "********",
            "sap.cloud.service" : "myfranchise.service"
          } ],
          "existing_destinations_policy" : "update"
        }
      },
      "app-name" : "${default-app-name}",
      "default-live-uri" : "sa-build-platform-org-dev-myfranchise-workzone-deployer.${domain}",
      "protocol" : "https",
      "default-live-app-name" : "myfranchise-workzone-deployer",
      "default-live-domain" : "cfapps.us10.hana.ondemand.com",
      "domain" : "${default-domain}",
      "host" : "${default-host}",
      "generated-user" : "********"
    },
    "requiredDependencies" : [ {
      "majorSchemaVersion" : 3,
      "name" : "myfranchise-workzone",
      "properties" : { },
      "parameters" : {
        "content-target" : true,
        "service-key" : "********"
      },
      "propertiesMetadata" : {
        "metadata" : { }
      },
      "parametersMetadata" : {
        "metadata" : { }
      }
    }, {
      "majorSchemaVersion" : 3,
      "name" : "myfranchise-html5-repo-host",
      "properties" : { },
      "parameters" : {
        "service-key" : "********"
      },
      "propertiesMetadata" : {
        "metadata" : { }
      },
      "parametersMetadata" : {
        "metadata" : { }
      }
    }, {
      "majorSchemaVersion" : 3,
      "name" : "********",
      "properties" : { },
      "parameters" : {
        "service-key" : "********"
      },
      "propertiesMetadata" : {
        "metadata" : { }
      },
      "parametersMetadata" : {
        "metadata" : { }
      }
    } ],
    "providedDependencies" : [ {
      "majorSchemaVersion" : 3,
      "name" : "myfranchise-workzone-deployer",
      "isPublic" : false,
      "properties" : { },
      "parameters" : { },
      "propertiesMetadata" : {
        "metadata" : { }
      },
      "parametersMetadata" : {
        "metadata" : { }
      }
    } ],
    "propertiesMetadata" : {
      "metadata" : { }
    },
    "parametersMetadata" : {
      "metadata" : { }
    },
    "hooks" : [ ]
  } ],
  "resources" : [ {
    "majorSchemaVersion" : 3,
    "name" : "myfranchise-db",
    "type" : "com.sap.xs.hdi-container",
    "properties" : {
      "hdi-service-name" : "${service-name}"
    },
    "parameters" : {
      "generated-password" : "********",
      "service-name" : "${default-service-name}",
      "service-plan" : "hdi-shared",
      "service" : "hana",
      "generated-user" : "********",
      "default-xsappname" : "myfranchise-db",
      "type" : "managed-service",
      "default-service-name" : "myfranchise-db",
      "default-container-name" : "SA_BUILD_PLATFORM_ORG_DEV_MYFRANCHISE_DB"
    },
    "isActive" : true,
    "isOptional" : false,
    "propertiesMetadata" : {
      "metadata" : { }
    },
    "parametersMetadata" : {
      "metadata" : { }
    },
    "requiredDependencies" : [ ],
    "processedAfter" : [ ]
  }, {
    "majorSchemaVersion" : 3,
    "name" : "********",
    "type" : "org.cloudfoundry.managed-service",
    "properties" : { },
    "parameters" : {
      "generated-password" : "********",
      "path" : "./xs-security.json",
      "service-name" : "${default-service-name}",
      "service-plan" : "application",
      "service" : "xsuaa",
      "generated-user" : "********",
      "default-xsappname" : "********",
      "type" : "managed-service",
      "config" : {
        "tenant-mode" : "dedicated",
        "xsappname" : "myfranchise-${org}-${space}"
      },
      "default-service-name" : "********",
      "default-container-name" : "********"
    },
    "isActive" : true,
    "isOptional" : false,
    "propertiesMetadata" : {
      "metadata" : { }
    },
    "parametersMetadata" : {
      "metadata" : { }
    },
    "requiredDependencies" : [ ],
    "processedAfter" : [ ]
  }, {
    "majorSchemaVersion" : 3,
    "name" : "myfranchise-destination",
    "type" : "org.cloudfoundry.managed-service",
    "properties" : { },
    "parameters" : {
      "generated-password" : "********",
      "service-name" : "${default-service-name}",
      "service-plan" : "lite",
      "service" : "destination",
      "generated-user" : "********",
      "default-xsappname" : "myfranchise-destination",
      "type" : "managed-service",
      "default-service-name" : "myfranchise-destination",
      "default-container-name" : "SA_BUILD_PLATFORM_ORG_DEV_MYFRANCHISE_DESTINATION"
    },
    "isActive" : true,
    "isOptional" : false,
    "propertiesMetadata" : {
      "metadata" : { }
    },
    "parametersMetadata" : {
      "metadata" : { }
    },
    "requiredDependencies" : [ {
      "majorSchemaVersion" : 3,
      "name" : "srv-api",
      "properties" : { },
      "parameters" : { },
      "propertiesMetadata" : {
        "metadata" : { }
      },
      "parametersMetadata" : {
        "metadata" : { }
      }
    } ],
    "processedAfter" : [ ]
  }, {
    "majorSchemaVersion" : 3,
    "name" : "myfranchise-html5-repo-host",
    "type" : "org.cloudfoundry.managed-service",
    "properties" : { },
    "parameters" : {
      "generated-password" : "********",
      "service-name" : "${default-service-name}",
      "service-plan" : "app-host",
      "service" : "html5-apps-repo",
      "generated-user" : "********",
      "default-xsappname" : "myfranchise-html5-repo-host",
      "type" : "managed-service",
      "default-service-name" : "myfranchise-html5-repo-host",
      "default-container-name" : "SA_BUILD_PLATFORM_ORG_DEV_MYFRANCHISE_HTML5_REPO_HOST"
    },
    "isActive" : true,
    "isOptional" : false,
    "propertiesMetadata" : {
      "metadata" : { }
    },
    "parametersMetadata" : {
      "metadata" : { }
    },
    "requiredDependencies" : [ ],
    "processedAfter" : [ ]
  }, {
    "majorSchemaVersion" : 3,
    "name" : "myfranchise-aicore",
    "type" : "org.cloudfoundry.existing-service",
    "properties" : { },
    "parameters" : {
      "generated-password" : "********",
      "service-name" : "default_aicore",
      "generated-user" : "********",
      "default-xsappname" : "myfranchise-aicore",
      "type" : "existing-service",
      "default-service-name" : "myfranchise-aicore",
      "default-container-name" : "SA_BUILD_PLATFORM_ORG_DEV_MYFRANCHISE_AICORE"
    },
    "isActive" : true,
    "isOptional" : false,
    "propertiesMetadata" : {
      "metadata" : { }
    },
    "parametersMetadata" : {
      "metadata" : { }
    },
    "requiredDependencies" : [ ],
    "processedAfter" : [ ]
  }, {
    "majorSchemaVersion" : 3,
    "name" : "myfranchise-workzone",
    "type" : "org.cloudfoundry.managed-service",
    "properties" : { },
    "parameters" : {
      "generated-password" : "********",
      "service-name" : "${default-service-name}",
      "service-plan" : "foundation",
      "service" : "build-workzone-standard",
      "generated-user" : "********",
      "default-xsappname" : "myfranchise-workzone",
      "type" : "managed-service",
      "default-service-name" : "myfranchise-workzone",
      "default-container-name" : "SA_BUILD_PLATFORM_ORG_DEV_MYFRANCHISE_WORKZONE"
    },
    "isActive" : true,
    "isOptional" : false,
    "propertiesMetadata" : {
      "metadata" : { }
    },
    "parametersMetadata" : {
      "metadata" : { }
    },
    "requiredDependencies" : [ ],
    "processedAfter" : [ ]
  } ],
  "parameters" : {
    "deploy_mode" : "html5-repo",
    "mta-id" : "myfranchise",
    "authorization-url" : "********",
    "org-guid" : "14e98944-6589-4d62-8570-239acf2bf85f",
    "org" : "sa-build-platform-org",
    "deploy-target" : "sa-build-platform-org DEV",
    "enable-parallel-deployments" : true,
    "space" : "DEV",
    "xs-api-url" : "https://api.cf.us10.hana.ondemand.com",
    "deploy-url" : "deploy-service.cfapps.us10.hana.ondemand.com",
    "xs-type" : "CF",
    "default-domain" : "cfapps.us10.hana.ondemand.com",
    "mta-version" : "1.0.0",
    "xs-auth-url" : "********",
    "space-guid" : "87beb70a-51f1-4835-b470-a7ccd9062962",
    "user" : "********",
    "controller-url" : "https://api.cf.us10.hana.ondemand.com",
    "timestamp" : "20260730024912"
  },
  "parametersMetadata" : {
    "metadata" : { }
  }
}#
#2026 07 30 02:49:13.560#Z#DEBUG#3ed74488-8bc1-11f1-85f0-eeee0a91cfe7.OPERATION#flowable-async-job-executor-thread-62745#
[XS2CollectSystemParametersStep] Version rule: SAME_HIGHER#
#2026 07 30 02:49:13.560#Z#INFO#3ed74488-8bc1-11f1-85f0-eeee0a91cfe7.OPERATION#flowable-async-job-executor-thread-62745#
[XS2CollectSystemParametersStep] Detected new MTA version: "1.0.0"#
#2026 07 30 02:49:13.564#Z#INFO#3ed74488-8bc1-11f1-85f0-eeee0a91cfe7.OPERATION#flowable-async-job-executor-thread-62745#
[XS2CollectSystemParametersStep] Deployed MTA version: "1.0.0"#
#2026 07 30 02:49:13.568#Z#DEBUG#3ed74488-8bc1-11f1-85f0-eeee0a91cfe7.OPERATION#flowable-async-job-executor-thread-62745#
[XS2CollectSystemParametersStep] MTA accepted for deployment#
#2026 07 30 02:49:13.568#Z#DEBUG#3ed74488-8bc1-11f1-85f0-eeee0a91cfe7.OPERATION#flowable-async-job-executor-thread-62745#
[XS2CollectSystemParametersStep] System parameters collected#
#2026 07 30 02:49:13.569#Z#DEBUG#3ed74488-8bc1-11f1-85f0-eeee0a91cfe7.OPERATION#flowable-async-job-executor-thread-62745#
Step "Collect System Parameters" finished#
#2026 07 30 02:49:13.602#Z#DEBUG#3ed74488-8bc1-11f1-85f0-eeee0a91cfe7.OPERATION#flowable-async-job-executor-thread-62746#
[ProcessDescriptorStep] Executing task "processDescriptorTask" of process "3ed76bbe-8bc1-11f1-85f0-eeee0a91cfe7"...#
#2026 07 30 02:49:13.603#Z#DEBUG#3ed74488-8bc1-11f1-85f0-eeee0a91cfe7.OPERATION#flowable-async-job-executor-thread-62746#
[ProcessDescriptorStep] Resolving properties and parameters in merged descriptor...#
#2026 07 30 02:49:13.608#Z#DEBUG#3ed74488-8bc1-11f1-85f0-eeee0a91cfe7.OPERATION#flowable-async-job-executor-thread-62746#
[ProcessDescriptorStep] Subscriptions: [ ]#
#2026 07 30 02:49:13.608#Z#DEBUG#3ed74488-8bc1-11f1-85f0-eeee0a91cfe7.OPERATION#flowable-async-job-executor-thread-62746#
[ProcessDescriptorStep] MTA modules: [myfranchise-workzone-deployer, myfranchise-srv, myfranchise-app-deployer, myfranchise-db-deployer]#
#2026 07 30 02:49:13.609#Z#DEBUG#3ed74488-8bc1-11f1-85f0-eeee0a91cfe7.OPERATION#flowable-async-job-executor-thread-62746#
[ProcessDescriptorStep] Resolved deployment descriptor: {
  "majorSchemaVersion" : 3,
  "schemaVersion" : "3.1.0",
  "id" : "myfranchise",
  "version" : "1.0.0",
  "modules" : [ {
    "majorSchemaVersion" : 3,
    "name" : "myfranchise-srv",
    "type" : "javascript.nodejs",
    "path" : "myfranchise-srv",
    "properties" : { },
    "parameters" : {
      "default-url" : "https://sa-build-platform-org-dev-myfranchise-srv.cfapps.us10.hana.ondemand.com",
      "default-app-name" : "myfranchise-srv",
      "generated-password" : "********",
      "default-live-url" : "https://sa-build-platform-org-dev-myfranchise-srv.cfapps.us10.hana.ondemand.com",
      "default-uri" : "sa-build-platform-org-dev-myfranchise-srv.cfapps.us10.hana.ondemand.com",
      "memory" : "512M",
      "default-instances" : 1,
      "default-live-host" : "sa-build-platform-org-dev-myfranchise-srv",
      "instances" : 1,
      "buildpack" : "nodejs_buildpack",
      "default-host" : "sa-build-platform-org-dev-myfranchise-srv",
      "app-name" : "myfranchise-srv",
      "default-live-uri" : "sa-build-platform-org-dev-myfranchise-srv.cfapps.us10.hana.ondemand.com",
      "protocol" : "https",
      "default-live-app-name" : "myfranchise-srv",
      "default-live-domain" : "cfapps.us10.hana.ondemand.com",
      "disk-quota" : "1024M",
      "domain" : "cfapps.us10.hana.ondemand.com",
      "host" : "sa-build-platform-org-dev-myfranchise-srv",
      "generated-user" : "********"
    },
    "requiredDependencies" : [ {
      "majorSchemaVersion" : 3,
      "name" : "myfranchise-db",
      "properties" : { },
      "parameters" : { },
      "propertiesMetadata" : {
        "metadata" : { }
      },
      "parametersMetadata" : {
        "metadata" : { }
      }
    }, {
      "majorSchemaVersion" : 3,
      "name" : "********",
      "properties" : { },
      "parameters" : { },
      "propertiesMetadata" : {
        "metadata" : { }
      },
      "parametersMetadata" : {
        "metadata" : { }
      }
    }, {
      "majorSchemaVersion" : 3,
      "name" : "myfranchise-destination",
      "properties" : { },
      "parameters" : { },
      "propertiesMetadata" : {
        "metadata" : { }
      },
      "parametersMetadata" : {
        "metadata" : { }
      }
    }, {
      "majorSchemaVersion" : 3,
      "name" : "myfranchise-aicore",
      "properties" : { },
      "parameters" : { },
      "propertiesMetadata" : {
        "metadata" : { }
      },
      "parametersMetadata" : {
        "metadata" : { }
      }
    } ],
    "providedDependencies" : [ {
      "majorSchemaVersion" : 3,
      "name" : "srv-api",
      "isPublic" : false,
      "properties" : {
        "srv-url" : "https://sa-build-platform-org-dev-myfranchise-srv.cfapps.us10.hana.ondemand.com"
      },
      "parameters" : { },
      "propertiesMetadata" : {
        "metadata" : { }
      },
      "parametersMetadata" : {
        "metadata" : { }
      }
    }, {
      "majorSchemaVersion" : 3,
      "name" : "myfranchise-srv",
      "isPublic" : false,
      "properties" : { },
      "parameters" : { },
      "propertiesMetadata" : {
        "metadata" : { }
      },
      "parametersMetadata" : {
        "metadata" : { }
      }
    } ],
    "propertiesMetadata" : {
      "metadata" : { }
    },
    "parametersMetadata" : {
      "metadata" : { }
    },
    "hooks" : [ ]
  }, {
    "majorSchemaVersion" : 3,
    "name" : "myfranchise-db-deployer",
    "type" : "com.sap.xs.hdi",
    "path" : "myfranchise-db-deployer",
    "properties" : {
      "EXIT" : 1
    },
    "parameters" : {
      "default-url" : "https://sa-build-platform-org-dev-myfranchise-db-deployer.cfapps.us10.hana.ondemand.com",
      "default-app-name" : "myfranchise-db-deployer",
      "generated-password" : "********",
      "default-live-url" : "https://sa-build-platform-org-dev-myfranchise-db-deployer.cfapps.us10.hana.ondemand.com",
      "default-uri" : "sa-build-platform-org-dev-myfranchise-db-deployer.cfapps.us10.hana.ondemand.com",
      "memory" : "256M",
      "default-instances" : 1,
      "no-route" : true,
      "default-live-host" : "sa-build-platform-org-dev-myfranchise-db-deployer",
      "instances" : 1,
      "buildpack" : "nodejs_buildpack",
      "default-host" : "sa-build-platform-org-dev-myfranchise-db-deployer",
      "app-name" : "myfranchise-db-deployer",
      "default-live-uri" : "sa-build-platform-org-dev-myfranchise-db-deployer.cfapps.us10.hana.ondemand.com",
      "protocol" : "https",
      "default-live-app-name" : "myfranchise-db-deployer",
      "default-live-domain" : "cfapps.us10.hana.ondemand.com",
      "dependency-type" : "hard",
      "domain" : "cfapps.us10.hana.ondemand.com",
      "host" : "sa-build-platform-org-dev-myfranchise-db-deployer",
      "generated-user" : "********",
      "tasks" : [ {
        "command" : "npm start",
        "memory" : "256M",
        "name" : "deploy"
      } ],
      "no-start" : true
    },
    "requiredDependencies" : [ {
      "majorSchemaVersion" : 3,
      "name" : "myfranchise-db",
      "properties" : { },
      "parameters" : { },
      "propertiesMetadata" : {
        "metadata" : { }
      },
      "parametersMetadata" : {
        "metadata" : { }
      }
    } ],
    "providedDependencies" : [ {
      "majorSchemaVersion" : 3,
      "name" : "myfranchise-db-deployer",
      "isPublic" : false,
      "properties" : { },
      "parameters" : { },
      "propertiesMetadata" : {
        "metadata" : { }
      },
      "parametersMetadata" : {
        "metadata" : { }
      }
    } ],
    "propertiesMetadata" : {
      "metadata" : { }
    },
    "parametersMetadata" : {
      "metadata" : { }
    },
    "hooks" : [ ]
  }, {
    "majorSchemaVersion" : 3,
    "name" : "myfranchise-app-deployer",
    "type" : "com.sap.application.content",
    "path" : "myfranchise-app-deployer",
    "properties" : { },
    "parameters" : {
      "default-url" : "https://sa-build-platform-org-dev-myfranchise-app-deployer.cfapps.us10.hana.ondemand.com",
      "default-app-name" : "myfranchise-app-deployer",
      "generated-password" : "********",
      "default-live-url" : "https://sa-build-platform-org-dev-myfranchise-app-deployer.cfapps.us10.hana.ondemand.com",
      "default-uri" : "sa-build-platform-org-dev-myfranchise-app-deployer.cfapps.us10.hana.ondemand.com",
      "default-instances" : 1,
      "default-live-host" : "sa-build-platform-org-dev-myfranchise-app-deployer",
      "instances" : 1,
      "default-host" : "sa-build-platform-org-dev-myfranchise-app-deployer",
      "app-name" : "myfranchise-app-deployer",
      "default-live-uri" : "sa-build-platform-org-dev-myfranchise-app-deployer.cfapps.us10.hana.ondemand.com",
      "protocol" : "https",
      "default-live-app-name" : "myfranchise-app-deployer",
      "default-live-domain" : "cfapps.us10.hana.ondemand.com",
      "domain" : "cfapps.us10.hana.ondemand.com",
      "host" : "sa-build-platform-org-dev-myfranchise-app-deployer",
      "generated-user" : "********"
    },
    "requiredDependencies" : [ {
      "majorSchemaVersion" : 3,
      "name" : "srv-api",
      "properties" : { },
      "parameters" : { },
      "propertiesMetadata" : {
        "metadata" : { }
      },
      "parametersMetadata" : {
        "metadata" : { }
      }
    }, {
      "majorSchemaVersion" : 3,
      "name" : "myfranchise-html5-repo-host",
      "properties" : { },
      "parameters" : {
        "config" : {
          "HTML5Runtime_enabled" : true
        },
        "content-target" : true
      },
      "propertiesMetadata" : {
        "metadata" : { }
      },
      "parametersMetadata" : {
        "metadata" : { }
      }
    } ],
    "providedDependencies" : [ {
      "majorSchemaVersion" : 3,
      "name" : "myfranchise-app-deployer",
      "isPublic" : false,
      "properties" : { },
      "parameters" : { },
      "propertiesMetadata" : {
        "metadata" : { }
      },
      "parametersMetadata" : {
        "metadata" : { }
      }
    } ],
    "propertiesMetadata" : {
      "metadata" : { }
    },
    "parametersMetadata" : {
      "metadata" : { }
    },
    "hooks" : [ ]
  }, {
    "majorSchemaVersion" : 3,
    "name" : "myfranchise-workzone-deployer",
    "type" : "com.sap.application.content",
    "path" : ".",
    "properties" : { },
    "parameters" : {
      "default-url" : "https://sa-build-platform-org-dev-myfranchise-workzone-deployer.cfapps.us10.hana.ondemand.com",
      "default-app-name" : "myfranchise-workzone-deployer",
      "generated-password" : "********",
      "default-live-url" : "https://sa-build-platform-org-dev-myfranchise-workzone-deployer.cfapps.us10.hana.ondemand.com",
      "default-uri" : "sa-build-platform-org-dev-myfranchise-workzone-deployer.cfapps.us10.hana.ondemand.com",
      "default-instances" : 1,
      "default-live-host" : "sa-build-platform-org-dev-myfranchise-workzone-deployer",
      "instances" : 1,
      "default-host" : "sa-build-platform-org-dev-myfranchise-workzone-deployer",
      "content" : {
        "instance" : {
          "destinations" : [ {
            "Name" : "myfranchise-html5-repository",
            "ServiceInstanceName" : "myfranchise-html5-repo-host",
            "ServiceKeyName" : "********",
            "sap.cloud.service" : "myfranchise.service"
          }, {
            "Authentication" : "********",
            "Name" : "********",
            "ServiceInstanceName" : "********",
            "ServiceKeyName" : "********",
            "sap.cloud.service" : "myfranchise.service"
          } ],
          "existing_destinations_policy" : "update"
        }
      },
      "app-name" : "myfranchise-workzone-deployer",
      "default-live-uri" : "sa-build-platform-org-dev-myfranchise-workzone-deployer.cfapps.us10.hana.ondemand.com",
      "protocol" : "https",
      "default-live-app-name" : "myfranchise-workzone-deployer",
      "default-live-domain" : "cfapps.us10.hana.ondemand.com",
      "domain" : "cfapps.us10.hana.ondemand.com",
      "host" : "sa-build-platform-org-dev-myfranchise-workzone-deployer",
      "generated-user" : "********"
    },
    "requiredDependencies" : [ {
      "majorSchemaVersion" : 3,
      "name" : "myfranchise-workzone",
      "properties" : { },
      "parameters" : {
        "content-target" : true,
        "service-key" : "********"
      },
      "propertiesMetadata" : {
        "metadata" : { }
      },
      "parametersMetadata" : {
        "metadata" : { }
      }
    }, {
      "majorSchemaVersion" : 3,
      "name" : "myfranchise-html5-repo-host",
      "properties" : { },
      "parameters" : {
        "service-key" : "********"
      },
      "propertiesMetadata" : {
        "metadata" : { }
      },
      "parametersMetadata" : {
        "metadata" : { }
      }
    }, {
      "majorSchemaVersion" : 3,
      "name" : "********",
      "properties" : { },
      "parameters" : {
        "service-key" : "********"
      },
      "propertiesMetadata" : {
        "metadata" : { }
      },
      "parametersMetadata" : {
        "metadata" : { }
      }
    } ],
    "providedDependencies" : [ {
      "majorSchemaVersion" : 3,
      "name" : "myfranchise-workzone-deployer",
      "isPublic" : false,
      "properties" : { },
      "parameters" : { },
      "propertiesMetadata" : {
        "metadata" : { }
      },
      "parametersMetadata" : {
        "metadata" : { }
      }
    } ],
    "propertiesMetadata" : {
      "metadata" : { }
    },
    "parametersMetadata" : {
      "metadata" : { }
    },
    "hooks" : [ ]
  } ],
  "resources" : [ {
    "majorSchemaVersion" : 3,
    "name" : "myfranchise-db",
    "type" : "com.sap.xs.hdi-container",
    "properties" : {
      "hdi-service-name" : "myfranchise-db"
    },
    "parameters" : {
      "generated-password" : "********",
      "service-name" : "myfranchise-db",
      "service-plan" : "hdi-shared",
      "service" : "hana",
      "generated-user" : "********",
      "default-xsappname" : "myfranchise-db",
      "type" : "managed-service",
      "default-service-name" : "myfranchise-db",
      "default-container-name" : "SA_BUILD_PLATFORM_ORG_DEV_MYFRANCHISE_DB"
    },
    "isActive" : true,
    "isOptional" : false,
    "propertiesMetadata" : {
      "metadata" : { }
    },
    "parametersMetadata" : {
      "metadata" : { }
    },
    "requiredDependencies" : [ ],
    "processedAfter" : [ ]
  }, {
    "majorSchemaVersion" : 3,
    "name" : "********",
    "type" : "org.cloudfoundry.managed-service",
    "properties" : { },
    "parameters" : {
      "generated-password" : "********",
      "path" : "./xs-security.json",
      "service-name" : "********",
      "service-plan" : "application",
      "service" : "xsuaa",
      "generated-user" : "********",
      "default-xsappname" : "********",
      "type" : "managed-service",
      "config" : {
        "tenant-mode" : "dedicated",
        "xsappname" : "myfranchise-sa-build-platform-org-DEV"
      },
      "default-service-name" : "********",
      "default-container-name" : "********"
    },
    "isActive" : true,
    "isOptional" : false,
    "propertiesMetadata" : {
      "metadata" : { }
    },
    "parametersMetadata" : {
      "metadata" : { }
    },
    "requiredDependencies" : [ ],
    "processedAfter" : [ ]
  }, {
    "majorSchemaVersion" : 3,
    "name" : "myfranchise-destination",
    "type" : "org.cloudfoundry.managed-service",
    "properties" : { },
    "parameters" : {
      "generated-password" : "********",
      "service-name" : "myfranchise-destination",
      "service-plan" : "lite",
      "service" : "destination",
      "generated-user" : "********",
      "default-xsappname" : "myfranchise-destination",
      "type" : "managed-service",
      "default-service-name" : "myfranchise-destination",
      "default-container-name" : "SA_BUILD_PLATFORM_ORG_DEV_MYFRANCHISE_DESTINATION"
    },
    "isActive" : true,
    "isOptional" : false,
    "propertiesMetadata" : {
      "metadata" : { }
    },
    "parametersMetadata" : {
      "metadata" : { }
    },
    "requiredDependencies" : [ {
      "majorSchemaVersion" : 3,
      "name" : "srv-api",
      "properties" : { },
      "parameters" : { },
      "propertiesMetadata" : {
        "metadata" : { }
      },
      "parametersMetadata" : {
        "metadata" : { }
      }
    } ],
    "processedAfter" : [ ]
  }, {
    "majorSchemaVersion" : 3,
    "name" : "myfranchise-html5-repo-host",
    "type" : "org.cloudfoundry.managed-service",
    "properties" : { },
    "parameters" : {
      "generated-password" : "********",
      "service-name" : "myfranchise-html5-repo-host",
      "service-plan" : "app-host",
      "service" : "html5-apps-repo",
      "generated-user" : "********",
      "default-xsappname" : "myfranchise-html5-repo-host",
      "type" : "managed-service",
      "default-service-name" : "myfranchise-html5-repo-host",
      "default-container-name" : "SA_BUILD_PLATFORM_ORG_DEV_MYFRANCHISE_HTML5_REPO_HOST"
    },
    "isActive" : true,
    "isOptional" : false,
    "propertiesMetadata" : {
      "metadata" : { }
    },
    "parametersMetadata" : {
      "metadata" : { }
    },
    "requiredDependencies" : [ ],
    "processedAfter" : [ ]
  }, {
    "majorSchemaVersion" : 3,
    "name" : "myfranchise-aicore",
    "type" : "org.cloudfoundry.existing-service",
    "properties" : { },
    "parameters" : {
      "generated-password" : "********",
      "service-name" : "default_aicore",
      "generated-user" : "********",
      "default-xsappname" : "myfranchise-aicore",
      "type" : "existing-service",
      "default-service-name" : "myfranchise-aicore",
      "default-container-name" : "SA_BUILD_PLATFORM_ORG_DEV_MYFRANCHISE_AICORE"
    },
    "isActive" : true,
    "isOptional" : false,
    "propertiesMetadata" : {
      "metadata" : { }
    },
    "parametersMetadata" : {
      "metadata" : { }
    },
    "requiredDependencies" : [ ],
    "processedAfter" : [ ]
  }, {
    "majorSchemaVersion" : 3,
    "name" : "myfranchise-workzone",
    "type" : "org.cloudfoundry.managed-service",
    "properties" : { },
    "parameters" : {
      "generated-password" : "********",
      "service-name" : "myfranchise-workzone",
      "service-plan" : "foundation",
      "service" : "build-workzone-standard",
      "generated-user" : "********",
      "default-xsappname" : "myfranchise-workzone",
      "type" : "managed-service",
      "default-service-name" : "myfranchise-workzone",
      "default-container-name" : "SA_BUILD_PLATFORM_ORG_DEV_MYFRANCHISE_WORKZONE"
    },
    "isActive" : true,
    "isOptional" : false,
    "propertiesMetadata" : {
      "metadata" : { }
    },
    "parametersMetadata" : {
      "metadata" : { }
    },
    "requiredDependencies" : [ ],
    "processedAfter" : [ ]
  } ],
  "parameters" : {
    "deploy_mode" : "html5-repo",
    "mta-id" : "myfranchise",
    "authorization-url" : "********",
    "org-guid" : "14e98944-6589-4d62-8570-239acf2bf85f",
    "org" : "sa-build-platform-org",
    "deploy-target" : "sa-build-platform-org DEV",
    "enable-parallel-deployments" : true,
    "region-primary-domain" : "us10.hana.ondemand.com",
    "space" : "DEV",
    "region-domain" : "us10.hana.ondemand.com",
    "xs-api-url" : "https://api.cf.us10.hana.ondemand.com",
    "deploy-url" : "deploy-service.cfapps.us10.hana.ondemand.com",
    "xs-type" : "CF",
    "default-domain" : "cfapps.us10.hana.ondemand.com",
    "mta-version" : "1.0.0",
    "xs-auth-url" : "********",
    "space-guid" : "87beb70a-51f1-4835-b470-a7ccd9062962",
    "user" : "********",
    "controller-url" : "https://api.cf.us10.hana.ondemand.com",
    "timestamp" : "20260730024912"
  },
  "parametersMetadata" : {
    "metadata" : { }
  }
}#
#2026 07 30 02:49:13.609#Z#DEBUG#3ed74488-8bc1-11f1-85f0-eeee0a91cfe7.OPERATION#flowable-async-job-executor-thread-62746#
[ProcessDescriptorStep] Merged descriptor properties and parameters resolved#
#2026 07 30 02:49:13.609#Z#DEBUG#3ed74488-8bc1-11f1-85f0-eeee0a91cfe7.OPERATION#flowable-async-job-executor-thread-62746#
Step "Process Descriptor Step" finished#
#2026 07 30 02:49:13.639#Z#DEBUG#3ed74488-8bc1-11f1-85f0-eeee0a91cfe7.OPERATION#flowable-async-job-executor-thread-62747#
[XS2BuildCloudDeployModelStep] Executing task "buildDeployModelTask" of process "3ed76bbe-8bc1-11f1-85f0-eeee0a91cfe7"...#
#2026 07 30 02:49:13.643#Z#DEBUG#3ed74488-8bc1-11f1-85f0-eeee0a91cfe7.OPERATION#flowable-async-job-executor-thread-62747#
[XS2BuildCloudDeployModelStep] Service keys defined for content deployment grouped by service name: {
  "myfranchise-html5-repo-host" : [ {
    "name" : "********",
    "v3Metadata" : {
      "annotations" : {
        "mta_id" : "myfranchise",
        "mta_version" : "1.0.0"
      },
      "labels" : {
        "mta_id" : "35411ae2e27f21f089d23bc79eeec889",
        "space_guid" : "87beb70a-51f1-4835-b470-a7ccd9062962"
      }
    },
    "credentials" : "********",
    "moduleName" : "myfranchise-app-deployer",
    "resourceName" : "myfranchise-html5-repo-host",
    "serviceInstance" : {
      "isOptional" : false,
      "isManaged" : false,
      "name" : "myfranchise-html5-repo-host",
      "credentials" : "********",
      "tags" : [ ],
      "shouldSkipParametersUpdate" : false,
      "shouldSkipPlanUpdate" : false,
      "shouldSkipTagsUpdate" : false,
      "shouldSkipSyslogUrlUpdate" : false
    },
    "shouldDeleteServiceKeyAfterDeploy" : "********",
    "resourceType" : "org.cloudfoundry.managed-service"
  }, {
    "name" : "********",
    "v3Metadata" : {
      "annotations" : {
        "mta_id" : "myfranchise",
        "mta_version" : "1.0.0"
      },
      "labels" : {
        "mta_id" : "35411ae2e27f21f089d23bc79eeec889",
        "space_guid" : "87beb70a-51f1-4835-b470-a7ccd9062962"
      }
    },
    "credentials" : "********",
    "moduleName" : "myfranchise-workzone-deployer",
    "resourceName" : "myfranchise-html5-repo-host",
    "serviceInstance" : {
      "isOptional" : false,
      "isManaged" : false,
      "name" : "myfranchise-html5-repo-host",
      "credentials" : "********",
      "tags" : [ ],
      "shouldSkipParametersUpdate" : false,
      "shouldSkipPlanUpdate" : false,
      "shouldSkipTagsUpdate" : false,
      "shouldSkipSyslogUrlUpdate" : false
    },
    "shouldDeleteServiceKeyAfterDeploy" : "********",
    "resourceType" : "org.cloudfoundry.managed-service"
  } ],
  "myfranchise-workzone" : [ {
    "name" : "********",
    "v3Metadata" : {
      "annotations" : {
        "mta_id" : "myfranchise",
        "mta_version" : "1.0.0"
      },
      "labels" : {
        "mta_id" : "35411ae2e27f21f089d23bc79eeec889",
        "space_guid" : "87beb70a-51f1-4835-b470-a7ccd9062962"
      }
    },
    "credentials" : "********",
    "moduleName" : "myfranchise-workzone-deployer",
    "resourceName" : "myfranchise-workzone",
    "serviceInstance" : {
      "isOptional" : false,
      "isManaged" : false,
      "name" : "myfranchise-workzone",
      "credentials" : "********",
      "tags" : [ ],
      "shouldSkipParametersUpdate" : false,
      "shouldSkipPlanUpdate" : false,
      "shouldSkipTagsUpdate" : false,
      "shouldSkipSyslogUrlUpdate" : false
    },
    "shouldDeleteServiceKeyAfterDeploy" : "********",
    "resourceType" : "org.cloudfoundry.managed-service"
  } ],
  "myfranchise-auth" : "********"
}#
#2026 07 30 02:49:13.643#Z#DEBUG#3ed74488-8bc1-11f1-85f0-eeee0a91cfe7.OPERATION#flowable-async-job-executor-thread-62747#
[XS2BuildCloudDeployModelStep] Building cloud deployment model...#
#2026 07 30 02:49:13.645#Z#DEBUG#3ed74488-8bc1-11f1-85f0-eeee0a91cfe7.OPERATION#flowable-async-job-executor-thread-62747#
[XS2BuildCloudDeployModelStep] MTA archive modules: [myfranchise-srv, myfranchise-app-deployer, myfranchise-db-deployer]#
#2026 07 30 02:49:13.645#Z#DEBUG#3ed74488-8bc1-11f1-85f0-eeee0a91cfe7.OPERATION#flowable-async-job-executor-thread-62747#
[XS2BuildCloudDeployModelStep] Deployed modules: [myfranchise-db-deployer, myfranchise-srv]#
#2026 07 30 02:49:13.646#Z#DEBUG#3ed74488-8bc1-11f1-85f0-eeee0a91cfe7.OPERATION#flowable-async-job-executor-thread-62747#
[XS2BuildCloudDeployModelStep] MTA modules: [myfranchise-workzone-deployer, myfranchise-srv, myfranchise-app-deployer, myfranchise-db-deployer]#
#2026 07 30 02:49:13.646#Z#DEBUG#3ed74488-8bc1-11f1-85f0-eeee0a91cfe7.OPERATION#flowable-async-job-executor-thread-62747#
[XS2BuildCloudDeployModelStep] Service keys to create: {
  "myfranchise-html5-repo-host" : [ ],
  "myfranchise-aicore" : [ ],
  "myfranchise-workzone" : [ ],
  "myfranchise-destination" : [ ],
  "myfranchise-auth" : "********",
  "myfranchise-db" : [ ]
}#
#2026 07 30 02:49:13.648#Z#DEBUG#3ed74488-8bc1-11f1-85f0-eeee0a91cfe7.OPERATION#flowable-async-job-executor-thread-62747#
[XS2BuildCloudDeployModelStep] Modules to deploy: [{
  "majorSchemaVersion" : 3,
  "name" : "myfranchise-srv",
  "type" : "javascript.nodejs",
  "path" : "myfranchise-srv",
  "properties" : { },
  "parameters" : {
    "default-url" : "https://sa-build-platform-org-dev-myfranchise-srv.cfapps.us10.hana.ondemand.com",
    "default-app-name" : "myfranchise-srv",
    "generated-password" : "********",
    "default-live-url" : "https://sa-build-platform-org-dev-myfranchise-srv.cfapps.us10.hana.ondemand.com",
    "default-uri" : "sa-build-platform-org-dev-myfranchise-srv.cfapps.us10.hana.ondemand.com",
    "memory" : "512M",
    "default-instances" : 1,
    "default-live-host" : "sa-build-platform-org-dev-myfranchise-srv",
    "instances" : 1,
    "buildpack" : "nodejs_buildpack",
    "default-host" : "sa-build-platform-org-dev-myfranchise-srv",
    "app-name" : "myfranchise-srv",
    "default-live-uri" : "sa-build-platform-org-dev-myfranchise-srv.cfapps.us10.hana.ondemand.com",
    "protocol" : "https",
    "default-live-app-name" : "myfranchise-srv",
    "default-live-domain" : "cfapps.us10.hana.ondemand.com",
    "disk-quota" : "1024M",
    "dependency-type" : "soft",
    "domain" : "cfapps.us10.hana.ondemand.com",
    "host" : "sa-build-platform-org-dev-myfranchise-srv",
    "generated-user" : "********"
  },
  "requiredDependencies" : [ {
    "majorSchemaVersion" : 3,
    "name" : "myfranchise-db",
    "properties" : { },
    "parameters" : { },
    "propertiesMetadata" : {
      "metadata" : { }
    },
    "parametersMetadata" : {
      "metadata" : { }
    }
  }, {
    "majorSchemaVersion" : 3,
    "name" : "********",
    "properties" : { },
    "parameters" : { },
    "propertiesMetadata" : {
      "metadata" : { }
    },
    "parametersMetadata" : {
      "metadata" : { }
    }
  }, {
    "majorSchemaVersion" : 3,
    "name" : "myfranchise-destination",
    "properties" : { },
    "parameters" : { },
    "propertiesMetadata" : {
      "metadata" : { }
    },
    "parametersMetadata" : {
      "metadata" : { }
    }
  }, {
    "majorSchemaVersion" : 3,
    "name" : "myfranchise-aicore",
    "properties" : { },
    "parameters" : { },
    "propertiesMetadata" : {
      "metadata" : { }
    },
    "parametersMetadata" : {
      "metadata" : { }
    }
  } ],
  "providedDependencies" : [ {
    "majorSchemaVersion" : 3,
    "name" : "srv-api",
    "isPublic" : false,
    "properties" : {
      "srv-url" : "https://sa-build-platform-org-dev-myfranchise-srv.cfapps.us10.hana.ondemand.com"
    },
    "parameters" : { },
    "propertiesMetadata" : {
      "metadata" : { }
    },
    "parametersMetadata" : {
      "metadata" : { }
    }
  }, {
    "majorSchemaVersion" : 3,
    "name" : "myfranchise-srv",
    "isPublic" : false,
    "properties" : { },
    "parameters" : { },
    "propertiesMetadata" : {
      "metadata" : { }
    },
    "parametersMetadata" : {
      "metadata" : { }
    }
  } ],
  "propertiesMetadata" : {
    "metadata" : { }
  },
  "parametersMetadata" : {
    "metadata" : { }
  },
  "deployedAfter" : [ ],
  "hooks" : [ ]
}, {
  "majorSchemaVersion" : 3,
  "name" : "myfranchise-db-deployer",
  "type" : "com.sap.xs.hdi",
  "path" : "myfranchise-db-deployer",
  "properties" : {
    "EXIT" : 1
  },
  "parameters" : {
    "default-url" : "https://sa-build-platform-org-dev-myfranchise-db-deployer.cfapps.us10.hana.ondemand.com",
    "default-app-name" : "myfranchise-db-deployer",
    "generated-password" : "********",
    "default-live-url" : "https://sa-build-platform-org-dev-myfranchise-db-deployer.cfapps.us10.hana.ondemand.com",
    "default-uri" : "sa-build-platform-org-dev-myfranchise-db-deployer.cfapps.us10.hana.ondemand.com",
    "memory" : "256M",
    "default-instances" : 1,
    "no-route" : true,
    "default-live-host" : "sa-build-platform-org-dev-myfranchise-db-deployer",
    "instances" : 1,
    "buildpack" : "nodejs_buildpack",
    "default-host" : "sa-build-platform-org-dev-myfranchise-db-deployer",
    "app-name" : "myfranchise-db-deployer",
    "default-live-uri" : "sa-build-platform-org-dev-myfranchise-db-deployer.cfapps.us10.hana.ondemand.com",
    "protocol" : "https",
    "default-live-app-name" : "myfranchise-db-deployer",
    "default-live-domain" : "cfapps.us10.hana.ondemand.com",
    "dependency-type" : "hard",
    "domain" : "cfapps.us10.hana.ondemand.com",
    "host" : "sa-build-platform-org-dev-myfranchise-db-deployer",
    "generated-user" : "********",
    "tasks" : [ {
      "command" : "npm start",
      "memory" : "256M",
      "name" : "deploy"
    } ],
    "no-start" : true
  },
  "requiredDependencies" : [ {
    "majorSchemaVersion" : 3,
    "name" : "myfranchise-db",
    "properties" : { },
    "parameters" : { },
    "propertiesMetadata" : {
      "metadata" : { }
    },
    "parametersMetadata" : {
      "metadata" : { }
    }
  } ],
  "providedDependencies" : [ {
    "majorSchemaVersion" : 3,
    "name" : "myfranchise-db-deployer",
    "isPublic" : false,
    "properties" : { },
    "parameters" : { },
    "propertiesMetadata" : {
      "metadata" : { }
    },
    "parametersMetadata" : {
      "metadata" : { }
    }
  } ],
  "propertiesMetadata" : {
    "metadata" : { }
  },
  "parametersMetadata" : {
    "metadata" : { }
  },
  "deployedAfter" : [ ],
  "hooks" : [ ]
}, {
  "majorSchemaVersion" : 3,
  "name" : "myfranchise-app-deployer",
  "type" : "com.sap.application.content",
  "path" : "myfranchise-app-deployer",
  "properties" : { },
  "parameters" : {
    "default-url" : "https://sa-build-platform-org-dev-myfranchise-app-deployer.cfapps.us10.hana.ondemand.com",
    "default-app-name" : "myfranchise-app-deployer",
    "generated-password" : "********",
    "default-live-url" : "https://sa-build-platform-org-dev-myfranchise-app-deployer.cfapps.us10.hana.ondemand.com",
    "default-uri" : "sa-build-platform-org-dev-myfranchise-app-deployer.cfapps.us10.hana.ondemand.com",
    "default-instances" : 1,
    "default-live-host" : "sa-build-platform-org-dev-myfranchise-app-deployer",
    "instances" : 1,
    "default-host" : "sa-build-platform-org-dev-myfranchise-app-deployer",
    "app-name" : "myfranchise-app-deployer",
    "default-live-uri" : "sa-build-platform-org-dev-myfranchise-app-deployer.cfapps.us10.hana.ondemand.com",
    "protocol" : "https",
    "default-live-app-name" : "myfranchise-app-deployer",
    "default-live-domain" : "cfapps.us10.hana.ondemand.com",
    "dependency-type" : "soft",
    "domain" : "cfapps.us10.hana.ondemand.com",
    "host" : "sa-build-platform-org-dev-myfranchise-app-deployer",
    "generated-user" : "********"
  },
  "requiredDependencies" : [ {
    "majorSchemaVersion" : 3,
    "name" : "srv-api",
    "properties" : { },
    "parameters" : { },
    "propertiesMetadata" : {
      "metadata" : { }
    },
    "parametersMetadata" : {
      "metadata" : { }
    }
  }, {
    "majorSchemaVersion" : 3,
    "name" : "myfranchise-html5-repo-host",
    "properties" : { },
    "parameters" : {
      "config" : {
        "HTML5Runtime_enabled" : true
      },
      "content-target" : true
    },
    "propertiesMetadata" : {
      "metadata" : { }
    },
    "parametersMetadata" : {
      "metadata" : { }
    }
  } ],
  "providedDependencies" : [ {
    "majorSchemaVersion" : 3,
    "name" : "myfranchise-app-deployer",
    "isPublic" : false,
    "properties" : { },
    "parameters" : { },
    "propertiesMetadata" : {
      "metadata" : { }
    },
    "parametersMetadata" : {
      "metadata" : { }
    }
  } ],
  "propertiesMetadata" : {
    "metadata" : { }
  },
  "parametersMetadata" : {
    "metadata" : { }
  },
  "deployedAfter" : [ ],
  "hooks" : [ ]
}, {
  "majorSchemaVersion" : 3,
  "name" : "myfranchise-workzone-deployer",
  "type" : "com.sap.application.content",
  "path" : ".",
  "properties" : { },
  "parameters" : {
    "default-url" : "https://sa-build-platform-org-dev-myfranchise-workzone-deployer.cfapps.us10.hana.ondemand.com",
    "default-app-name" : "myfranchise-workzone-deployer",
    "generated-password" : "********",
    "default-live-url" : "https://sa-build-platform-org-dev-myfranchise-workzone-deployer.cfapps.us10.hana.ondemand.com",
    "default-uri" : "sa-build-platform-org-dev-myfranchise-workzone-deployer.cfapps.us10.hana.ondemand.com",
    "default-instances" : 1,
    "default-live-host" : "sa-build-platform-org-dev-myfranchise-workzone-deployer",
    "instances" : 1,
    "default-host" : "sa-build-platform-org-dev-myfranchise-workzone-deployer",
    "content" : {
      "instance" : {
        "destinations" : [ {
          "Name" : "myfranchise-html5-repository",
          "ServiceInstanceName" : "myfranchise-html5-repo-host",
          "ServiceKeyName" : "********",
          "sap.cloud.service" : "myfranchise.service"
        }, {
          "Authentication" : "********",
          "Name" : "********",
          "ServiceInstanceName" : "********",
          "ServiceKeyName" : "********",
          "sap.cloud.service" : "myfranchise.service"
        } ],
        "existing_destinations_policy" : "update"
      }
    },
    "app-name" : "myfranchise-workzone-deployer",
    "default-live-uri" : "sa-build-platform-org-dev-myfranchise-workzone-deployer.cfapps.us10.hana.ondemand.com",
    "protocol" : "https",
    "default-live-app-name" : "myfranchise-workzone-deployer",
    "default-live-domain" : "cfapps.us10.hana.ondemand.com",
    "dependency-type" : "soft",
    "domain" : "cfapps.us10.hana.ondemand.com",
    "host" : "sa-build-platform-org-dev-myfranchise-workzone-deployer",
    "generated-user" : "********"
  },
  "requiredDependencies" : [ {
    "majorSchemaVersion" : 3,
    "name" : "myfranchise-workzone",
    "properties" : { },
    "parameters" : {
      "content-target" : true,
      "service-key" : "********"
    },
    "propertiesMetadata" : {
      "metadata" : { }
    },
    "parametersMetadata" : {
      "metadata" : { }
    }
  }, {
    "majorSchemaVersion" : 3,
    "name" : "myfranchise-html5-repo-host",
    "properties" : { },
    "parameters" : {
      "service-key" : "********"
    },
    "propertiesMetadata" : {
      "metadata" : { }
    },
    "parametersMetadata" : {
      "metadata" : { }
    }
  }, {
    "majorSchemaVersion" : 3,
    "name" : "********",
    "properties" : { },
    "parameters" : {
      "service-key" : "********"
    },
    "propertiesMetadata" : {
      "metadata" : { }
    },
    "parametersMetadata" : {
      "metadata" : { }
    }
  } ],
  "providedDependencies" : [ {
    "majorSchemaVersion" : 3,
    "name" : "myfranchise-workzone-deployer",
    "isPublic" : false,
    "properties" : { },
    "parameters" : { },
    "propertiesMetadata" : {
      "metadata" : { }
    },
    "parametersMetadata" : {
      "metadata" : { }
    }
  } ],
  "propertiesMetadata" : {
    "metadata" : { }
  },
  "parametersMetadata" : {
    "metadata" : { }
  },
  "deployedAfter" : [ ],
  "hooks" : [ ]
}]#
#2026 07 30 02:49:13.650#Z#DEBUG#3ed74488-8bc1-11f1-85f0-eeee0a91cfe7.OPERATION#flowable-async-job-executor-thread-62747#
[XS2BuildCloudDeployModelStep] Custom domains: []#
#2026 07 30 02:49:13.656#Z#DEBUG#3ed74488-8bc1-11f1-85f0-eeee0a91cfe7.OPERATION#flowable-async-job-executor-thread-62747#
[XS2BuildCloudDeployModelStep] Getting service instance "default_aicore"...#
#2026 07 30 02:49:13.776#Z#DEBUG#3ed74488-8bc1-11f1-85f0-eeee0a91cfe7.OPERATION#flowable-async-job-executor-thread-62747#
[XS2BuildCloudDeployModelStep] Calculating resource batches...#
#2026 07 30 02:49:13.776#Z#DEBUG#3ed74488-8bc1-11f1-85f0-eeee0a91cfe7.OPERATION#flowable-async-job-executor-thread-62747#
[XS2BuildCloudDeployModelStep] Calculating resource batches completed.#
#2026 07 30 02:49:13.777#Z#DEBUG#3ed74488-8bc1-11f1-85f0-eeee0a91cfe7.OPERATION#flowable-async-job-executor-thread-62747#
[XS2BuildCloudDeployModelStep] Cloud deployment model built#
#2026 07 30 02:49:13.777#Z#DEBUG#3ed74488-8bc1-11f1-85f0-eeee0a91cfe7.OPERATION#flowable-async-job-executor-thread-62747#
Step "Build Deploy Model" finished#
#2026 07 30 02:49:13.814#Z#DEBUG#3ed74488-8bc1-11f1-85f0-eeee0a91cfe7.OPERATION#flowable-async-job-executor-thread-62748#
[BuildCloudUndeployModelStep] Executing task "buildUndeployModelTask" of process "3ed76bbe-8bc1-11f1-85f0-eeee0a91cfe7"...#
#2026 07 30 02:49:13.815#Z#DEBUG#3ed74488-8bc1-11f1-85f0-eeee0a91cfe7.OPERATION#flowable-async-job-executor-thread-62748#
[BuildCloudUndeployModelStep] Building cloud undeployment model...#
#2026 07 30 02:49:13.817#Z#DEBUG#3ed74488-8bc1-11f1-85f0-eeee0a91cfe7.OPERATION#flowable-async-job-executor-thread-62748#
[BuildCloudUndeployModelStep] Detecting service keys to delete.#
#2026 07 30 02:49:13.819#Z#DEBUG#3ed74488-8bc1-11f1-85f0-eeee0a91cfe7.OPERATION#flowable-async-job-executor-thread-62748#
[BuildCloudUndeployModelStep] Detected deployed service keys by service "{myfranchise-html5-repo-host=[DeployedMtaServiceKey{name=myfranchise-app-deployer-myfranchise-html5-repo-host-credentials, metadata=CloudMetadata{guid=80176fbf-5461-4683-923e-b37899d63a22, createdAt=2026-07-30T02:26:36, updatedAt=2026-07-30T02:26:37, url=null}, v3Metadata=Metadata{annotations={mta_id=myfranchise, mta_version=1.0.0}, labels={mta_id=35411ae2e27f21f089d23bc79eeec889, space_guid=87beb70a-51f1-4835-b470-a7ccd9062962}}, credentials=null, serviceInstance=CloudServiceInstance{name=myfranchise-html5-repo-host, metadata=CloudMetadata{guid=22b57d20-3485-4c4f-99f7-ea48e5cd86de, createdAt=2026-07-30T02:22:38, updatedAt=2026-07-30T02:22:39, url=null}, v3Metadata=Metadata{annotations={mta_id=myfranchise, mta_version=1.0.0, mta_resource={"name":"myfranchise-html5-repo-host"}}, labels={mta_id=35411ae2e27f21f089d23bc79eeec889}}, label=null, plan=null, provider=null, broker=null, version=null, credentials={}, syslogDrainUrl=null, tags=[], type=managed, lastOperation=null}, serviceKeyOperation=null, resourceName=null}], myfranchise-workzone=[DeployedMtaServiceKey{name=myfranchise-workzone-key, metadata=CloudMetadata{guid=93b16194-aa12-499e-85d5-8911f4c24359, createdAt=2026-07-30T02:26:33, updatedAt=2026-07-30T02:26:36, url=null}, v3Metadata=Metadata{annotations={mta_id=myfranchise, mta_version=1.0.0}, labels={mta_id=35411ae2e27f21f089d23bc79eeec889, space_guid=87beb70a-51f1-4835-b470-a7ccd9062962}}, credentials=null, serviceInstance=CloudServiceInstance{name=myfranchise-workzone, metadata=CloudMetadata{guid=ee7eda0f-bae4-4b95-acd3-b42352cef301, createdAt=2026-07-30T02:22:35, updatedAt=2026-07-30T02:22:36, url=null}, v3Metadata=Metadata{annotations={mta_id=myfranchise, mta_version=1.0.0, mta_resource={"name":"myfranchise-workzone"}}, labels={mta_id=35411ae2e27f21f089d23bc79eeec889}}, label=null, plan=null, provider=null, broker=null, version=null, credentials={}, syslogDrainUrl=null, tags=[], type=managed, lastOperation=null}, serviceKeyOperation=null, resourceName=null}]}"#
#2026 07 30 02:49:13.820#Z#DEBUG#3ed74488-8bc1-11f1-85f0-eeee0a91cfe7.OPERATION#flowable-async-job-executor-thread-62748#
[BuildCloudUndeployModelStep] New service keys by service "{myfranchise-html5-repo-host=[myfranchise-app-deployer-myfranchise-html5-repo-host-credentials, myfranchise-html5-repo-host-key], myfranchise-workzone=[myfranchise-workzone-key], myfranchise-auth=[myfranchise-auth-key]}"#
#2026 07 30 02:49:13.821#Z#DEBUG#3ed74488-8bc1-11f1-85f0-eeee0a91cfe7.OPERATION#flowable-async-job-executor-thread-62748#
[BuildCloudUndeployModelStep] Existing service keys by service "{}"#
#2026 07 30 02:49:13.821#Z#DEBUG#3ed74488-8bc1-11f1-85f0-eeee0a91cfe7.OPERATION#flowable-async-job-executor-thread-62748#
[BuildCloudUndeployModelStep] Detected service keys to delete "[]"#
#2026 07 30 02:49:13.825#Z#DEBUG#3ed74488-8bc1-11f1-85f0-eeee0a91cfe7.OPERATION#flowable-async-job-executor-thread-62748#
[BuildCloudUndeployModelStep] MTA modules: [myfranchise-workzone-deployer, myfranchise-srv, myfranchise-app-deployer, myfranchise-db-deployer]#
#2026 07 30 02:49:13.825#Z#DEBUG#3ed74488-8bc1-11f1-85f0-eeee0a91cfe7.OPERATION#flowable-async-job-executor-thread-62748#
[BuildCloudUndeployModelStep] Modules to undeploy: [ ]#
#2026 07 30 02:49:13.825#Z#DEBUG#3ed74488-8bc1-11f1-85f0-eeee0a91cfe7.OPERATION#flowable-async-job-executor-thread-62748#
[BuildCloudUndeployModelStep] Modules that won't be changed: [ ]#
#2026 07 30 02:49:13.826#Z#DEBUG#3ed74488-8bc1-11f1-85f0-eeee0a91cfe7.OPERATION#flowable-async-job-executor-thread-62748#
[BuildCloudUndeployModelStep] Subscriptions to delete: [ ]#
#2026 07 30 02:49:13.828#Z#DEBUG#3ed74488-8bc1-11f1-85f0-eeee0a91cfe7.OPERATION#flowable-async-job-executor-thread-62748#
[BuildCloudUndeployModelStep] Cloud services to delete: []#
#2026 07 30 02:49:13.828#Z#DEBUG#3ed74488-8bc1-11f1-85f0-eeee0a91cfe7.OPERATION#flowable-async-job-executor-thread-62748#
[BuildCloudUndeployModelStep] Cloud applications to undeploy: [ ]#
#2026 07 30 02:49:13.831#Z#DEBUG#3ed74488-8bc1-11f1-85f0-eeee0a91cfe7.OPERATION#flowable-async-job-executor-thread-62748#
[BuildCloudUndeployModelStep] Cloud undeployment model built#
#2026 07 30 02:49:13.831#Z#DEBUG#3ed74488-8bc1-11f1-85f0-eeee0a91cfe7.OPERATION#flowable-async-job-executor-thread-62748#
Step "Build Undeploy Model" finished#
#2026 07 30 02:49:13.864#Z#DEBUG#3ed74488-8bc1-11f1-85f0-eeee0a91cfe7.OPERATION#flowable-async-job-executor-thread-62749#
[AddDomainsStep] Executing task "addDomainsTask" of process "3ed76bbe-8bc1-11f1-85f0-eeee0a91cfe7"...#
#2026 07 30 02:49:13.868#Z#DEBUG#3ed74488-8bc1-11f1-85f0-eeee0a91cfe7.OPERATION#flowable-async-job-executor-thread-62749#
[AddDomainsStep] Custom domains: []#
#2026 07 30 02:49:13.868#Z#DEBUG#3ed74488-8bc1-11f1-85f0-eeee0a91cfe7.OPERATION#flowable-async-job-executor-thread-62749#
Step "Add Domains" finished#
#2026 07 30 02:49:13.985#Z#DEBUG#3ed74488-8bc1-11f1-85f0-eeee0a91cfe7.OPERATION#flowable-async-job-executor-thread-62753#
[ExtractBatchedServicesWithResolvedDynamicParametersStep] Executing task "prepareModulesDeploymentTask" of process "3fb8cb22-8bc1-11f1-85f0-eeee0a91cfe7"...#
#2026 07 30 02:49:13.986#Z#DEBUG#3ed74488-8bc1-11f1-85f0-eeee0a91cfe7.OPERATION#flowable-async-job-executor-thread-62753#
[ExtractBatchedServicesWithResolvedDynamicParametersStep] Extracting services and resolving dynamic parameters from batch#
#2026 07 30 02:49:13.987#Z#DEBUG#3ed74488-8bc1-11f1-85f0-eeee0a91cfe7.OPERATION#flowable-async-job-executor-thread-62753#
[ExtractBatchedServicesWithResolvedDynamicParametersStep] Services to create: [ {
  "isOptional" : false,
  "isManaged" : true,
  "name" : "myfranchise-db",
  "v3Metadata" : {
    "annotations" : {
      "mta_id" : "myfranchise",
      "mta_version" : "1.0.0",
      "mta_resource" : "{\"name\":\"myfranchise-db\"}"
    },
    "labels" : {
      "mta_id" : "35411ae2e27f21f089d23bc79eeec889"
    }
  },
  "label" : "hana",
  "plan" : "hdi-shared",
  "credentials" : "********",
  "tags" : [ ],
  "type" : "managed",
  "resourceName" : "myfranchise-db",
  "shouldSkipParametersUpdate" : false,
  "shouldSkipPlanUpdate" : false,
  "shouldSkipTagsUpdate" : false,
  "shouldSkipSyslogUrlUpdate" : false
}, {
  "isOptional" : false,
  "isManaged" : true,
  "name" : "********",
  "v3Metadata" : {
    "annotations" : {
      "mta_id" : "myfranchise",
      "mta_version" : "1.0.0",
      "mta_resource" : "********"
    },
    "labels" : {
      "mta_id" : "35411ae2e27f21f089d23bc79eeec889"
    }
  },
  "label" : "xsuaa",
  "plan" : "application",
  "credentials" : "********",
  "tags" : [ ],
  "type" : "managed",
  "resourceName" : "********",
  "shouldSkipParametersUpdate" : false,
  "shouldSkipPlanUpdate" : false,
  "shouldSkipTagsUpdate" : false,
  "shouldSkipSyslogUrlUpdate" : false
}, {
  "isOptional" : false,
  "isManaged" : true,
  "name" : "myfranchise-destination",
  "v3Metadata" : {
    "annotations" : {
      "mta_id" : "myfranchise",
      "mta_version" : "1.0.0",
      "mta_resource" : "{\"name\":\"myfranchise-destination\"}"
    },
    "labels" : {
      "mta_id" : "35411ae2e27f21f089d23bc79eeec889"
    }
  },
  "label" : "destination",
  "plan" : "lite",
  "credentials" : "********",
  "tags" : [ ],
  "type" : "managed",
  "resourceName" : "myfranchise-destination",
  "shouldSkipParametersUpdate" : false,
  "shouldSkipPlanUpdate" : false,
  "shouldSkipTagsUpdate" : false,
  "shouldSkipSyslogUrlUpdate" : false
}, {
  "isOptional" : false,
  "isManaged" : true,
  "name" : "myfranchise-html5-repo-host",
  "v3Metadata" : {
    "annotations" : {
      "mta_id" : "myfranchise",
      "mta_version" : "1.0.0",
      "mta_resource" : "{\"name\":\"myfranchise-html5-repo-host\"}"
    },
    "labels" : {
      "mta_id" : "35411ae2e27f21f089d23bc79eeec889"
    }
  },
  "label" : "html5-apps-repo",
  "plan" : "app-host",
  "credentials" : "********",
  "tags" : [ ],
  "type" : "managed",
  "resourceName" : "myfranchise-html5-repo-host",
  "shouldSkipParametersUpdate" : false,
  "shouldSkipPlanUpdate" : false,
  "shouldSkipTagsUpdate" : false,
  "shouldSkipSyslogUrlUpdate" : false
}, {
  "isOptional" : false,
  "isManaged" : true,
  "name" : "myfranchise-workzone",
  "v3Metadata" : {
    "annotations" : {
      "mta_id" : "myfranchise",
      "mta_version" : "1.0.0",
      "mta_resource" : "{\"name\":\"myfranchise-workzone\"}"
    },
    "labels" : {
      "mta_id" : "35411ae2e27f21f089d23bc79eeec889"
    }
  },
  "label" : "build-workzone-standard",
  "plan" : "foundation",
  "credentials" : "********",
  "tags" : [ ],
  "type" : "managed",
  "resourceName" : "myfranchise-workzone",
  "shouldSkipParametersUpdate" : false,
  "shouldSkipPlanUpdate" : false,
  "shouldSkipTagsUpdate" : false,
  "shouldSkipSyslogUrlUpdate" : false
} ]#
#2026 07 30 02:49:13.988#Z#DEBUG#3ed74488-8bc1-11f1-85f0-eeee0a91cfe7.OPERATION#flowable-async-job-executor-thread-62753#
Step "Extract Services with Resolved Dynamic parameters from batch" finished#
#2026 07 30 02:49:14.091#Z#DEBUG#3ed74488-8bc1-11f1-85f0-eeee0a91cfe7.OPERATION#flowable-async-job-executor-thread-62759#
[CheckServiceOperationStateStep] Executing task "CheckServiceOperationStateTask" of process "3fcb8f1f-8bc1-11f1-85f0-eeee0a91cfe7"...#
#2026 07 30 02:49:14.092#Z#DEBUG#3ed74488-8bc1-11f1-85f0-eeee0a91cfe7.OPERATION#flowable-async-job-executor-thread-62759#
[CheckServiceOperationStateStep] Getting service instance "myfranchise-auth"...#
#2026 07 30 02:49:14.234#Z#DEBUG#3ed74488-8bc1-11f1-85f0-eeee0a91cfe7.OPERATION#flowable-async-job-executor-thread-62759#
Step "Check for service operations in Progress" finished#
#2026 07 30 02:49:14.262#Z#DEBUG#3ed74488-8bc1-11f1-85f0-eeee0a91cfe7.OPERATION#flowable-async-job-executor-thread-62760#
[DetermineServiceCreateUpdateServiceActionsStep] Executing task "DetermineServiceCreateUpdateActionsTask" of process "3fcb8f1f-8bc1-11f1-85f0-eeee0a91cfe7"...#
#2026 07 30 02:49:14.264#Z#INFO#3ed74488-8bc1-11f1-85f0-eeee0a91cfe7.OPERATION#flowable-async-job-executor-thread-62760#
[DetermineServiceCreateUpdateServiceActionsStep] Processing service "myfranchise-auth"...#
#2026 07 30 02:49:14.268#Z#DEBUG#3ed74488-8bc1-11f1-85f0-eeee0a91cfe7.OPERATION#flowable-async-job-executor-thread-62760#
[DetermineServiceCreateUpdateServiceActionsStep] Getting service instance "myfranchise-auth"...#
#2026 07 30 02:49:14.375#Z#INFO#3ed74488-8bc1-11f1-85f0-eeee0a91cfe7.OPERATION#flowable-async-job-executor-thread-62760#
[DetermineServiceCreateUpdateServiceActionsStep] Setting service "myfranchise-auth" parameters from "xs-security.json"#
#2026 07 30 02:49:14.413#Z#DEBUG#3ed74488-8bc1-11f1-85f0-eeee0a91cfe7.OPERATION#flowable-async-job-executor-thread-62760#
[DetermineServiceCreateUpdateServiceActionsStep] Existing service: {
  "name" : "********",
  "metadata" : {
    "guid" : "43409aaf-ce01-4f37-b880-a9e7852e4d7e",
    "createdAt" : [ 2026, 7, 30, 2, 22, 35 ],
    "updatedAt" : [ 2026, 7, 30, 2, 22, 36 ]
  },
  "v3Metadata" : {
    "annotations" : {
      "mta_id" : "myfranchise",
      "mta_version" : "1.0.0",
      "mta_resource" : "********"
    },
    "labels" : {
      "mta_id" : "35411ae2e27f21f089d23bc79eeec889"
    }
  },
  "label" : "xsuaa",
  "plan" : "application",
  "credentials" : "********",
  "tags" : [ ],
  "type" : "managed",
  "lastOperation" : {
    "type" : "UPDATE",
    "description" : "",
    "state" : "SUCCEEDED"
  }
}#
#2026 07 30 02:49:14.413#Z#DEBUG#3ed74488-8bc1-11f1-85f0-eeee0a91cfe7.OPERATION#flowable-async-job-executor-thread-62760#
[DetermineServiceCreateUpdateServiceActionsStep] Service parameters will be updated#
#2026 07 30 02:49:14.413#Z#DEBUG#3ed74488-8bc1-11f1-85f0-eeee0a91cfe7.OPERATION#flowable-async-job-executor-thread-62760#
[DetermineServiceCreateUpdateServiceActionsStep] New parameters: {
  "attributes" : [ {
    "name" : "unidade_ID",
    "description" : "ID da unidade do franqueado",
    "valueType" : "string"
  }, {
    "name" : "cluster",
    "description" : "Cluster da unidade do franqueado",
    "valueType" : "string"
  } ],
  "description" : "Security descriptor for RunMyFranchise",
  "role-collections" : [ {
    "name" : "MyFranchise_Gestor",
    "description" : "RunMyFranchise — Gestor da Franqueadora",
    "role-template-references" : [ "$XSAPPNAME.Franqueadora_Gestor" ]
  }, {
    "name" : "MyFranchise_Franqueado",
    "description" : "RunMyFranchise — Franqueado",
    "role-template-references" : [ "$XSAPPNAME.Franqueado" ]
  } ],
  "role-templates" : [ {
    "name" : "Franqueadora_Gestor",
    "description" : "Gestor da Franqueadora",
    "scope-references" : [ "$XSAPPNAME.Franqueadora_Gestor" ],
    "attribute-references" : [ ]
  }, {
    "name" : "Franqueado",
    "description" : "Franqueado",
    "scope-references" : [ "$XSAPPNAME.Franqueado" ],
    "attribute-references" : [ "unidade_ID", "cluster" ]
  } ],
  "scopes" : [ {
    "name" : "$XSAPPNAME.Franqueadora_Gestor",
    "description" : "Gestor da Franqueadora — acesso completo à rede"
  }, {
    "name" : "$XSAPPNAME.Franqueado",
    "description" : "Franqueado — acesso restrito à própria unidade"
  } ],
  "tenant-mode" : "dedicated",
  "xsappname" : "myfranchise-sa-build-platform-org-DEV"
}#
#2026 07 30 02:49:14.413#Z#DEBUG#3ed74488-8bc1-11f1-85f0-eeee0a91cfe7.OPERATION#flowable-async-job-executor-thread-62760#
Step "Determine update actions" finished#
#2026 07 30 02:49:14.451#Z#DEBUG#3ed74488-8bc1-11f1-85f0-eeee0a91cfe7.OPERATION#flowable-async-job-executor-thread-62761#
[CheckForServiceBindingOrKeyOperationStep] Executing task "CheckForServiceBindingOrKeyCreation" of process "3fcb8f1f-8bc1-11f1-85f0-eeee0a91cfe7"...#
#2026 07 30 02:49:14.453#Z#DEBUG#3ed74488-8bc1-11f1-85f0-eeee0a91cfe7.OPERATION#flowable-async-job-executor-thread-62761#
Step "Check for service binding or key creation" finished#
#2026 07 30 02:49:14.205#Z#DEBUG#3ed74488-8bc1-11f1-85f0-eeee0a91cfe7.OPERATION#flowable-async-job-executor-thread-27477#
[CheckServiceOperationStateStep] Executing task "CheckServiceOperationStateTask" of process "3fda5caf-8bc1-11f1-a9c8-eeee0a9b2538"...#
#2026 07 30 02:49:14.285#Z#DEBUG#3ed74488-8bc1-11f1-85f0-eeee0a91cfe7.OPERATION#flowable-async-job-executor-thread-27481#
[CheckServiceOperationStateStep] Executing task "CheckServiceOperationStateTask" of process "3fe6dffe-8bc1-11f1-a9c8-eeee0a9b2538"...#
#2026 07 30 02:49:14.306#Z#DEBUG#3ed74488-8bc1-11f1-85f0-eeee0a91cfe7.OPERATION#flowable-async-job-executor-thread-27477#
[CheckServiceOperationStateStep] Getting service instance "myfranchise-html5-repo-host"...#
#2026 07 30 02:49:14.361#Z#DEBUG#3ed74488-8bc1-11f1-85f0-eeee0a91cfe7.OPERATION#flowable-async-job-executor-thread-27481#
[CheckServiceOperationStateStep] Getting service instance "myfranchise-db"...#
#2026 07 30 02:49:14.472#Z#DEBUG#3ed74488-8bc1-11f1-85f0-eeee0a91cfe7.OPERATION#flowable-async-job-executor-thread-27481#
Step "Check for service operations in Progress" finished#
#2026 07 30 02:49:14.485#Z#DEBUG#3ed74488-8bc1-11f1-85f0-eeee0a91cfe7.OPERATION#flowable-async-job-executor-thread-27477#
Step "Check for service operations in Progress" finished#
#2026 07 30 02:49:14.489#Z#DEBUG#3ed74488-8bc1-11f1-85f0-eeee0a91cfe7.OPERATION#flowable-async-job-executor-thread-62762#
[UpdateServiceParametersStep] Executing task "UpdateServiceParametersTask" of process "3fcb8f1f-8bc1-11f1-85f0-eeee0a91cfe7"...#
#2026 07 30 02:49:14.492#Z#INFO#3ed74488-8bc1-11f1-85f0-eeee0a91cfe7.OPERATION#flowable-async-job-executor-thread-62762#
[UpdateServiceParametersStep] Updating service "myfranchise-auth"...#
#2026 07 30 02:49:14.496#Z#DEBUG#3ed74488-8bc1-11f1-85f0-eeee0a91cfe7.OPERATION#flowable-async-job-executor-thread-62762#
[UpdateServiceParametersStep] Updating service parameters for service "myfranchise-auth"...#
#2026 07 30 02:49:14.614#Z#DEBUG#3ed74488-8bc1-11f1-85f0-eeee0a91cfe7.OPERATION#flowable-async-job-executor-thread-62762#
[UpdateServiceParametersStep] Service "myfranchise-auth" updated#
#2026 07 30 02:49:14.614#Z#DEBUG#3ed74488-8bc1-11f1-85f0-eeee0a91cfe7.OPERATION#flowable-async-job-executor-thread-62762#
[UpdateServiceParametersStep] Triggered service operations: {
  "myfranchise-auth" : "UPDATE"
}#
#2026 07 30 02:49:14.615#Z#DEBUG#3ed74488-8bc1-11f1-85f0-eeee0a91cfe7.OPERATION#flowable-async-job-executor-thread-62762#
Step "Update parameters" finished#
#2026 07 30 02:49:14.521#Z#DEBUG#3ed74488-8bc1-11f1-85f0-eeee0a91cfe7.OPERATION#flowable-async-job-executor-thread-27482#
[DetermineServiceCreateUpdateServiceActionsStep] Executing task "DetermineServiceCreateUpdateActionsTask" of process "3fe6dffe-8bc1-11f1-a9c8-eeee0a9b2538"...#
#2026 07 30 02:49:14.524#Z#INFO#3ed74488-8bc1-11f1-85f0-eeee0a91cfe7.OPERATION#flowable-async-job-executor-thread-27482#
[DetermineServiceCreateUpdateServiceActionsStep] Processing service "myfranchise-db"...#
#2026 07 30 02:49:14.529#Z#DEBUG#3ed74488-8bc1-11f1-85f0-eeee0a91cfe7.OPERATION#flowable-async-job-executor-thread-27483#
[DetermineServiceCreateUpdateServiceActionsStep] Executing task "DetermineServiceCreateUpdateActionsTask" of process "3fda5caf-8bc1-11f1-a9c8-eeee0a9b2538"...#
#2026 07 30 02:49:14.531#Z#DEBUG#3ed74488-8bc1-11f1-85f0-eeee0a91cfe7.OPERATION#flowable-async-job-executor-thread-27482#
[DetermineServiceCreateUpdateServiceActionsStep] Getting service instance "myfranchise-db"...#
#2026 07 30 02:49:14.532#Z#INFO#3ed74488-8bc1-11f1-85f0-eeee0a91cfe7.OPERATION#flowable-async-job-executor-thread-27483#
[DetermineServiceCreateUpdateServiceActionsStep] Processing service "myfranchise-html5-repo-host"...#
#2026 07 30 02:49:14.538#Z#DEBUG#3ed74488-8bc1-11f1-85f0-eeee0a91cfe7.OPERATION#flowable-async-job-executor-thread-27483#
[DetermineServiceCreateUpdateServiceActionsStep] Getting service instance "myfranchise-html5-repo-host"...#
#2026 07 30 02:49:14.659#Z#DEBUG#3ed74488-8bc1-11f1-85f0-eeee0a91cfe7.OPERATION#flowable-async-job-executor-thread-27483#
[DetermineServiceCreateUpdateServiceActionsStep] Existing service: {
  "name" : "myfranchise-html5-repo-host",
  "metadata" : {
    "guid" : "22b57d20-3485-4c4f-99f7-ea48e5cd86de",
    "createdAt" : [ 2026, 7, 30, 2, 22, 38 ],
    "updatedAt" : [ 2026, 7, 30, 2, 22, 39 ]
  },
  "v3Metadata" : {
    "annotations" : {
      "mta_id" : "myfranchise",
      "mta_version" : "1.0.0",
      "mta_resource" : "{\"name\":\"myfranchise-html5-repo-host\"}"
    },
    "labels" : {
      "mta_id" : "35411ae2e27f21f089d23bc79eeec889"
    }
  },
  "label" : "html5-apps-repo",
  "plan" : "app-host",
  "credentials" : "********",
  "tags" : [ ],
  "type" : "managed",
  "lastOperation" : {
    "type" : "CREATE",
    "description" : "",
    "state" : "SUCCEEDED"
  }
}#
#2026 07 30 02:49:14.659#Z#WARN#3ed74488-8bc1-11f1-85f0-eeee0a91cfe7.OPERATION#flowable-async-job-executor-thread-27483#
[DetermineServiceCreateUpdateServiceActionsStep] Service parameters for service "myfranchise-html5-repo-host" will not be updated, as the parameters are not defined or empty.#
#2026 07 30 02:49:14.660#Z#DEBUG#3ed74488-8bc1-11f1-85f0-eeee0a91cfe7.OPERATION#flowable-async-job-executor-thread-27483#
Step "Determine update actions" finished#
#2026 07 30 02:49:14.670#Z#DEBUG#3ed74488-8bc1-11f1-85f0-eeee0a91cfe7.OPERATION#flowable-async-job-executor-thread-27482#
[DetermineServiceCreateUpdateServiceActionsStep] Existing service: {
  "name" : "myfranchise-db",
  "metadata" : {
    "guid" : "024d0c52-364c-4890-a192-720331319322",
    "createdAt" : [ 2026, 7, 30, 2, 22, 32 ],
    "updatedAt" : [ 2026, 7, 30, 2, 22, 33 ]
  },
  "v3Metadata" : {
    "annotations" : {
      "mta_id" : "myfranchise",
      "mta_version" : "1.0.0",
      "mta_resource" : "{\"name\":\"myfranchise-db\"}"
    },
    "labels" : {
      "mta_id" : "35411ae2e27f21f089d23bc79eeec889"
    }
  },
  "label" : "hana",
  "plan" : "hdi-shared",
  "credentials" : "********",
  "tags" : [ ],
  "type" : "managed",
  "lastOperation" : {
    "type" : "CREATE",
    "state" : "SUCCEEDED"
  }
}#
#2026 07 30 02:49:14.670#Z#WARN#3ed74488-8bc1-11f1-85f0-eeee0a91cfe7.OPERATION#flowable-async-job-executor-thread-27482#
[DetermineServiceCreateUpdateServiceActionsStep] Service parameters for service "myfranchise-db" will not be updated, as the parameters are not defined or empty.#
#2026 07 30 02:49:14.670#Z#DEBUG#3ed74488-8bc1-11f1-85f0-eeee0a91cfe7.OPERATION#flowable-async-job-executor-thread-27482#
Step "Determine update actions" finished#
#2026 07 30 02:49:14.726#Z#DEBUG#3ed74488-8bc1-11f1-85f0-eeee0a91cfe7.OPERATION#flowable-async-job-executor-thread-27484#
[CheckForServiceBindingOrKeyOperationStep] Executing task "CheckForServiceBindingOrKeyCreation" of process "3fda5caf-8bc1-11f1-a9c8-eeee0a9b2538"...#
#2026 07 30 02:49:14.729#Z#DEBUG#3ed74488-8bc1-11f1-85f0-eeee0a91cfe7.OPERATION#flowable-async-job-executor-thread-27484#
Step "Check for service binding or key creation" finished#
#2026 07 30 02:49:14.736#Z#DEBUG#3ed74488-8bc1-11f1-85f0-eeee0a91cfe7.OPERATION#flowable-async-job-executor-thread-27485#
[CheckForServiceBindingOrKeyOperationStep] Executing task "CheckForServiceBindingOrKeyCreation" of process "3fe6dffe-8bc1-11f1-a9c8-eeee0a9b2538"...#
#2026 07 30 02:49:14.738#Z#DEBUG#3ed74488-8bc1-11f1-85f0-eeee0a91cfe7.OPERATION#flowable-async-job-executor-thread-27485#
Step "Check for service binding or key creation" finished#
#2026 07 30 02:49:16.718#Z#DEBUG#3ed74488-8bc1-11f1-85f0-eeee0a91cfe7.OPERATION#flowable-async-job-executor-thread-62766#
[CheckServiceOperationStateStep] Executing task "CheckServiceOperationStateTask" of process "415d7a1e-8bc1-11f1-85f0-eeee0a91cfe7"...#
#2026 07 30 02:49:16.719#Z#DEBUG#3ed74488-8bc1-11f1-85f0-eeee0a91cfe7.OPERATION#flowable-async-job-executor-thread-62766#
[CheckServiceOperationStateStep] Getting service instance "myfranchise-workzone"...#
#2026 07 30 02:49:16.831#Z#DEBUG#3ed74488-8bc1-11f1-85f0-eeee0a91cfe7.OPERATION#flowable-async-job-executor-thread-62766#
Step "Check for service operations in Progress" finished#
#2026 07 30 02:49:16.857#Z#DEBUG#3ed74488-8bc1-11f1-85f0-eeee0a91cfe7.OPERATION#flowable-async-job-executor-thread-62767#
[DetermineServiceCreateUpdateServiceActionsStep] Executing task "DetermineServiceCreateUpdateActionsTask" of process "415d7a1e-8bc1-11f1-85f0-eeee0a91cfe7"...#
#2026 07 30 02:49:16.858#Z#INFO#3ed74488-8bc1-11f1-85f0-eeee0a91cfe7.OPERATION#flowable-async-job-executor-thread-62767#
[DetermineServiceCreateUpdateServiceActionsStep] Processing service "myfranchise-workzone"...#
#2026 07 30 02:49:16.862#Z#DEBUG#3ed74488-8bc1-11f1-85f0-eeee0a91cfe7.OPERATION#flowable-async-job-executor-thread-62767#
[DetermineServiceCreateUpdateServiceActionsStep] Getting service instance "myfranchise-workzone"...#
#2026 07 30 02:49:16.959#Z#DEBUG#3ed74488-8bc1-11f1-85f0-eeee0a91cfe7.OPERATION#flowable-async-job-executor-thread-62767#
[DetermineServiceCreateUpdateServiceActionsStep] Existing service: {
  "name" : "myfranchise-workzone",
  "metadata" : {
    "guid" : "ee7eda0f-bae4-4b95-acd3-b42352cef301",
    "createdAt" : [ 2026, 7, 30, 2, 22, 35 ],
    "updatedAt" : [ 2026, 7, 30, 2, 22, 36 ]
  },
  "v3Metadata" : {
    "annotations" : {
      "mta_id" : "myfranchise",
      "mta_version" : "1.0.0",
      "mta_resource" : "{\"name\":\"myfranchise-workzone\"}"
    },
    "labels" : {
      "mta_id" : "35411ae2e27f21f089d23bc79eeec889"
    }
  },
  "label" : "build-workzone-standard",
  "plan" : "foundation",
  "credentials" : "********",
  "tags" : [ ],
  "type" : "managed",
  "lastOperation" : {
    "type" : "CREATE",
    "description" : "",
    "state" : "SUCCEEDED"
  }
}#
#2026 07 30 02:49:16.959#Z#WARN#3ed74488-8bc1-11f1-85f0-eeee0a91cfe7.OPERATION#flowable-async-job-executor-thread-62767#
[DetermineServiceCreateUpdateServiceActionsStep] Service parameters for service "myfranchise-workzone" will not be updated, as the parameters are not defined or empty.#
#2026 07 30 02:49:16.960#Z#DEBUG#3ed74488-8bc1-11f1-85f0-eeee0a91cfe7.OPERATION#flowable-async-job-executor-thread-62767#
Step "Determine update actions" finished#
#2026 07 30 02:49:16.997#Z#DEBUG#3ed74488-8bc1-11f1-85f0-eeee0a91cfe7.OPERATION#flowable-async-job-executor-thread-62768#
[CheckForServiceBindingOrKeyOperationStep] Executing task "CheckForServiceBindingOrKeyCreation" of process "415d7a1e-8bc1-11f1-85f0-eeee0a91cfe7"...#
#2026 07 30 02:49:16.998#Z#DEBUG#3ed74488-8bc1-11f1-85f0-eeee0a91cfe7.OPERATION#flowable-async-job-executor-thread-62768#
Step "Check for service binding or key creation" finished#
#2026 07 30 02:49:17.002#Z#DEBUG#3ed74488-8bc1-11f1-85f0-eeee0a91cfe7.OPERATION#flowable-async-job-executor-thread-31529#
[CheckServiceOperationStateStep] Executing task "CheckServiceOperationStateTask" of process "418637e5-8bc1-11f1-949f-eeee0a998610"...#
#2026 07 30 02:49:17.004#Z#DEBUG#3ed74488-8bc1-11f1-85f0-eeee0a91cfe7.OPERATION#flowable-async-job-executor-thread-31529#
[CheckServiceOperationStateStep] Getting service instance "myfranchise-destination"...#
#2026 07 30 02:49:17.130#Z#DEBUG#3ed74488-8bc1-11f1-85f0-eeee0a91cfe7.OPERATION#flowable-async-job-executor-thread-31529#
Step "Check for service operations in Progress" finished#
#2026 07 30 02:49:17.169#Z#DEBUG#3ed74488-8bc1-11f1-85f0-eeee0a91cfe7.OPERATION#flowable-async-job-executor-thread-31530#
[DetermineServiceCreateUpdateServiceActionsStep] Executing task "DetermineServiceCreateUpdateActionsTask" of process "418637e5-8bc1-11f1-949f-eeee0a998610"...#
#2026 07 30 02:49:17.174#Z#INFO#3ed74488-8bc1-11f1-85f0-eeee0a91cfe7.OPERATION#flowable-async-job-executor-thread-31530#
[DetermineServiceCreateUpdateServiceActionsStep] Processing service "myfranchise-destination"...#
#2026 07 30 02:49:17.179#Z#DEBUG#3ed74488-8bc1-11f1-85f0-eeee0a91cfe7.OPERATION#flowable-async-job-executor-thread-31530#
[DetermineServiceCreateUpdateServiceActionsStep] Getting service instance "myfranchise-destination"...#
#2026 07 30 02:49:17.315#Z#DEBUG#3ed74488-8bc1-11f1-85f0-eeee0a91cfe7.OPERATION#flowable-async-job-executor-thread-31530#
[DetermineServiceCreateUpdateServiceActionsStep] Existing service: {
  "name" : "myfranchise-destination",
  "metadata" : {
    "guid" : "753530f2-16d8-4ec4-bd58-fbc4988a0f56",
    "createdAt" : [ 2026, 7, 30, 2, 22, 35 ],
    "updatedAt" : [ 2026, 7, 30, 2, 22, 37 ]
  },
  "v3Metadata" : {
    "annotations" : {
      "mta_id" : "myfranchise",
      "mta_version" : "1.0.0",
      "mta_resource" : "{\"name\":\"myfranchise-destination\"}"
    },
    "labels" : {
      "mta_id" : "35411ae2e27f21f089d23bc79eeec889"
    }
  },
  "label" : "destination",
  "plan" : "lite",
  "credentials" : "********",
  "tags" : [ ],
  "type" : "managed",
  "lastOperation" : {
    "type" : "CREATE",
    "description" : "",
    "state" : "SUCCEEDED"
  }
}#
#2026 07 30 02:49:17.315#Z#WARN#3ed74488-8bc1-11f1-85f0-eeee0a91cfe7.OPERATION#flowable-async-job-executor-thread-31530#
[DetermineServiceCreateUpdateServiceActionsStep] Service parameters for service "myfranchise-destination" will not be updated, as the parameters are not defined or empty.#
#2026 07 30 02:49:17.315#Z#DEBUG#3ed74488-8bc1-11f1-85f0-eeee0a91cfe7.OPERATION#flowable-async-job-executor-thread-31530#
Step "Determine update actions" finished#
#2026 07 30 02:49:17.368#Z#DEBUG#3ed74488-8bc1-11f1-85f0-eeee0a91cfe7.OPERATION#flowable-async-job-executor-thread-31531#
[CheckForServiceBindingOrKeyOperationStep] Executing task "CheckForServiceBindingOrKeyCreation" of process "418637e5-8bc1-11f1-949f-eeee0a998610"...#
#2026 07 30 02:49:17.370#Z#DEBUG#3ed74488-8bc1-11f1-85f0-eeee0a91cfe7.OPERATION#flowable-async-job-executor-thread-31531#
Step "Check for service binding or key creation" finished#
#2026 07 30 02:49:23.924#Z#DEBUG#3ed74488-8bc1-11f1-85f0-eeee0a91cfe7.OPERATION#flowable-async-job-executor-thread-62773#
[UpdateServiceParametersStep] Executing task "UpdateServiceParametersTask" of process "3fcb8f1f-8bc1-11f1-85f0-eeee0a91cfe7"...#
#2026 07 30 02:49:23.925#Z#DEBUG#3ed74488-8bc1-11f1-85f0-eeee0a91cfe7.OPERATION#flowable-async-job-executor-thread-62773#
[UpdateServiceParametersStep] Polling service operations...#
#2026 07 30 02:49:23.927#Z#DEBUG#3ed74488-8bc1-11f1-85f0-eeee0a91cfe7.OPERATION#flowable-async-job-executor-thread-62773#
[UpdateServiceParametersStep] Getting service instance "myfranchise-auth"...#
#2026 07 30 02:49:24.074#Z#DEBUG#3ed74488-8bc1-11f1-85f0-eeee0a91cfe7.OPERATION#flowable-async-job-executor-thread-62773#
[UpdateServiceParametersStep] Last operation for service "myfranchise-auth": {
  "type" : "UPDATE",
  "description" : "",
  "state" : "SUCCEEDED"
}#
#2026 07 30 02:49:24.074#Z#DEBUG#3ed74488-8bc1-11f1-85f0-eeee0a91cfe7.OPERATION#flowable-async-job-executor-thread-62773#
[UpdateServiceParametersStep] Service "myfranchise-auth" updated#
#2026 07 30 02:49:24.074#Z#INFO#3ed74488-8bc1-11f1-85f0-eeee0a91cfe7.OPERATION#flowable-async-job-executor-thread-62773#
[UpdateServiceParametersStep] 1 of 1 done#
#2026 07 30 02:49:24.081#Z#DEBUG#3ed74488-8bc1-11f1-85f0-eeee0a91cfe7.OPERATION#flowable-async-job-executor-thread-62773#
[UpdateServiceParametersStep] Remaining services to poll: [ ]#
#2026 07 30 02:49:24.082#Z#DEBUG#3ed74488-8bc1-11f1-85f0-eeee0a91cfe7.OPERATION#flowable-async-job-executor-thread-62773#
Step "Update parameters" finished#
#2026 07 30 02:49:24.322#Z#DEBUG#3ed74488-8bc1-11f1-85f0-eeee0a91cfe7.OPERATION#flowable-async-job-executor-thread-62776#
[PrepareModulesDeploymentStep] Executing task "prepareModulesDeploymentTask" of process "45e26566-8bc1-11f1-85f0-eeee0a91cfe7"...#
#2026 07 30 02:49:24.323#Z#DEBUG#3ed74488-8bc1-11f1-85f0-eeee0a91cfe7.OPERATION#flowable-async-job-executor-thread-62776#
[PrepareModulesDeploymentStep] Preparing modules deployment...#
#2026 07 30 02:49:24.327#Z#DEBUG#3ed74488-8bc1-11f1-85f0-eeee0a91cfe7.OPERATION#flowable-async-job-executor-thread-62776#
Step "Prepare Modules Deployment" finished#
#2026 07 30 02:49:24.360#Z#DEBUG#3ed74488-8bc1-11f1-85f0-eeee0a91cfe7.OPERATION#flowable-async-job-executor-thread-62777#
[ComputeNextModulesStep] Executing task "computeNextModulesToDeployInParallel" of process "45e26566-8bc1-11f1-85f0-eeee0a91cfe7"...#
#2026 07 30 02:49:24.361#Z#DEBUG#3ed74488-8bc1-11f1-85f0-eeee0a91cfe7.OPERATION#flowable-async-job-executor-thread-62777#
[ComputeNextModulesStep] Computing modules for next parallel iteration...#
#2026 07 30 02:49:24.364#Z#DEBUG#3ed74488-8bc1-11f1-85f0-eeee0a91cfe7.OPERATION#flowable-async-job-executor-thread-62777#
[ComputeNextModulesStep] Completed modules detected: []#
#2026 07 30 02:49:24.364#Z#DEBUG#3ed74488-8bc1-11f1-85f0-eeee0a91cfe7.OPERATION#flowable-async-job-executor-thread-62777#
[ComputeNextModulesStep] All modules for deploy detected: [myfranchise-workzone-deployer, myfranchise-srv, myfranchise-app-deployer, myfranchise-db-deployer]#
#2026 07 30 02:49:24.364#Z#DEBUG#3ed74488-8bc1-11f1-85f0-eeee0a91cfe7.OPERATION#flowable-async-job-executor-thread-62777#
[ComputeNextModulesStep] Modules not for deploy detected: []#
#2026 07 30 02:49:24.365#Z#DEBUG#3ed74488-8bc1-11f1-85f0-eeee0a91cfe7.OPERATION#flowable-async-job-executor-thread-62777#
[ComputeNextModulesStep] Computed modules for next parallel iteration: [ {
  "majorSchemaVersion" : 3,
  "name" : "myfranchise-srv",
  "type" : "javascript.nodejs",
  "path" : "myfranchise-srv",
  "properties" : { },
  "parameters" : {
    "app-name" : "myfranchise-srv",
    "buildpack" : "nodejs_buildpack",
    "default-app-name" : "myfranchise-srv",
    "default-host" : "sa-build-platform-org-dev-myfranchise-srv",
    "default-instances" : 1,
    "default-live-app-name" : "myfranchise-srv",
    "default-live-domain" : "cfapps.us10.hana.ondemand.com",
    "default-live-host" : "sa-build-platform-org-dev-myfranchise-srv",
    "default-live-uri" : "sa-build-platform-org-dev-myfranchise-srv.cfapps.us10.hana.ondemand.com",
    "default-live-url" : "https://sa-build-platform-org-dev-myfranchise-srv.cfapps.us10.hana.ondemand.com",
    "default-uri" : "sa-build-platform-org-dev-myfranchise-srv.cfapps.us10.hana.ondemand.com",
    "default-url" : "https://sa-build-platform-org-dev-myfranchise-srv.cfapps.us10.hana.ondemand.com",
    "dependency-type" : "soft",
    "disk-quota" : "1024M",
    "domain" : "cfapps.us10.hana.ondemand.com",
    "generated-password" : "********",
    "generated-user" : "********",
    "host" : "sa-build-platform-org-dev-myfranchise-srv",
    "instances" : 1,
    "memory" : "512M",
    "protocol" : "https"
  },
  "requiredDependencies" : [ {
    "majorSchemaVersion" : 3,
    "name" : "myfranchise-db",
    "properties" : { },
    "parameters" : { },
    "propertiesMetadata" : {
      "metadata" : { }
    },
    "parametersMetadata" : {
      "metadata" : { }
    }
  }, {
    "majorSchemaVersion" : 3,
    "name" : "********",
    "properties" : { },
    "parameters" : { },
    "propertiesMetadata" : {
      "metadata" : { }
    },
    "parametersMetadata" : {
      "metadata" : { }
    }
  }, {
    "majorSchemaVersion" : 3,
    "name" : "myfranchise-destination",
    "properties" : { },
    "parameters" : { },
    "propertiesMetadata" : {
      "metadata" : { }
    },
    "parametersMetadata" : {
      "metadata" : { }
    }
  }, {
    "majorSchemaVersion" : 3,
    "name" : "myfranchise-aicore",
    "properties" : { },
    "parameters" : { },
    "propertiesMetadata" : {
      "metadata" : { }
    },
    "parametersMetadata" : {
      "metadata" : { }
    }
  } ],
  "providedDependencies" : [ {
    "majorSchemaVersion" : 3,
    "name" : "srv-api",
    "isPublic" : false,
    "properties" : {
      "srv-url" : "https://sa-build-platform-org-dev-myfranchise-srv.cfapps.us10.hana.ondemand.com"
    },
    "parameters" : { },
    "propertiesMetadata" : {
      "metadata" : { }
    },
    "parametersMetadata" : {
      "metadata" : { }
    }
  }, {
    "majorSchemaVersion" : 3,
    "name" : "myfranchise-srv",
    "isPublic" : false,
    "properties" : { },
    "parameters" : { },
    "propertiesMetadata" : {
      "metadata" : { }
    },
    "parametersMetadata" : {
      "metadata" : { }
    }
  } ],
  "propertiesMetadata" : {
    "metadata" : { }
  },
  "parametersMetadata" : {
    "metadata" : { }
  },
  "deployedAfter" : [ ],
  "hooks" : [ ]
}, {
  "majorSchemaVersion" : 3,
  "name" : "myfranchise-db-deployer",
  "type" : "com.sap.xs.hdi",
  "path" : "myfranchise-db-deployer",
  "properties" : {
    "EXIT" : 1
  },
  "parameters" : {
    "app-name" : "myfranchise-db-deployer",
    "buildpack" : "nodejs_buildpack",
    "default-app-name" : "myfranchise-db-deployer",
    "default-host" : "sa-build-platform-org-dev-myfranchise-db-deployer",
    "default-instances" : 1,
    "default-live-app-name" : "myfranchise-db-deployer",
    "default-live-domain" : "cfapps.us10.hana.ondemand.com",
    "default-live-host" : "sa-build-platform-org-dev-myfranchise-db-deployer",
    "default-live-uri" : "sa-build-platform-org-dev-myfranchise-db-deployer.cfapps.us10.hana.ondemand.com",
    "default-live-url" : "https://sa-build-platform-org-dev-myfranchise-db-deployer.cfapps.us10.hana.ondemand.com",
    "default-uri" : "sa-build-platform-org-dev-myfranchise-db-deployer.cfapps.us10.hana.ondemand.com",
    "default-url" : "https://sa-build-platform-org-dev-myfranchise-db-deployer.cfapps.us10.hana.ondemand.com",
    "dependency-type" : "hard",
    "domain" : "cfapps.us10.hana.ondemand.com",
    "generated-password" : "********",
    "generated-user" : "********",
    "host" : "sa-build-platform-org-dev-myfranchise-db-deployer",
    "instances" : 1,
    "memory" : "256M",
    "no-route" : true,
    "no-start" : true,
    "protocol" : "https",
    "tasks" : [ {
      "command" : "npm start",
      "memory" : "256M",
      "name" : "deploy"
    } ]
  },
  "requiredDependencies" : [ {
    "majorSchemaVersion" : 3,
    "name" : "myfranchise-db",
    "properties" : { },
    "parameters" : { },
    "propertiesMetadata" : {
      "metadata" : { }
    },
    "parametersMetadata" : {
      "metadata" : { }
    }
  } ],
  "providedDependencies" : [ {
    "majorSchemaVersion" : 3,
    "name" : "myfranchise-db-deployer",
    "isPublic" : false,
    "properties" : { },
    "parameters" : { },
    "propertiesMetadata" : {
      "metadata" : { }
    },
    "parametersMetadata" : {
      "metadata" : { }
    }
  } ],
  "propertiesMetadata" : {
    "metadata" : { }
  },
  "parametersMetadata" : {
    "metadata" : { }
  },
  "deployedAfter" : [ ],
  "hooks" : [ ]
}, {
  "majorSchemaVersion" : 3,
  "name" : "myfranchise-app-deployer",
  "type" : "com.sap.application.content",
  "path" : "myfranchise-app-deployer",
  "properties" : { },
  "parameters" : {
    "app-name" : "myfranchise-app-deployer",
    "default-app-name" : "myfranchise-app-deployer",
    "default-host" : "sa-build-platform-org-dev-myfranchise-app-deployer",
    "default-instances" : 1,
    "default-live-app-name" : "myfranchise-app-deployer",
    "default-live-domain" : "cfapps.us10.hana.ondemand.com",
    "default-live-host" : "sa-build-platform-org-dev-myfranchise-app-deployer",
    "default-live-uri" : "sa-build-platform-org-dev-myfranchise-app-deployer.cfapps.us10.hana.ondemand.com",
    "default-live-url" : "https://sa-build-platform-org-dev-myfranchise-app-deployer.cfapps.us10.hana.ondemand.com",
    "default-uri" : "sa-build-platform-org-dev-myfranchise-app-deployer.cfapps.us10.hana.ondemand.com",
    "default-url" : "https://sa-build-platform-org-dev-myfranchise-app-deployer.cfapps.us10.hana.ondemand.com",
    "dependency-type" : "soft",
    "domain" : "cfapps.us10.hana.ondemand.com",
    "generated-password" : "********",
    "generated-user" : "********",
    "host" : "sa-build-platform-org-dev-myfranchise-app-deployer",
    "instances" : 1,
    "protocol" : "https"
  },
  "requiredDependencies" : [ {
    "majorSchemaVersion" : 3,
    "name" : "srv-api",
    "properties" : { },
    "parameters" : { },
    "propertiesMetadata" : {
      "metadata" : { }
    },
    "parametersMetadata" : {
      "metadata" : { }
    }
  }, {
    "majorSchemaVersion" : 3,
    "name" : "myfranchise-html5-repo-host",
    "properties" : { },
    "parameters" : {
      "config" : {
        "HTML5Runtime_enabled" : true
      },
      "content-target" : true
    },
    "propertiesMetadata" : {
      "metadata" : { }
    },
    "parametersMetadata" : {
      "metadata" : { }
    }
  } ],
  "providedDependencies" : [ {
    "majorSchemaVersion" : 3,
    "name" : "myfranchise-app-deployer",
    "isPublic" : false,
    "properties" : { },
    "parameters" : { },
    "propertiesMetadata" : {
      "metadata" : { }
    },
    "parametersMetadata" : {
      "metadata" : { }
    }
  } ],
  "propertiesMetadata" : {
    "metadata" : { }
  },
  "parametersMetadata" : {
    "metadata" : { }
  },
  "deployedAfter" : [ ],
  "hooks" : [ ]
}, {
  "majorSchemaVersion" : 3,
  "name" : "myfranchise-workzone-deployer",
  "type" : "com.sap.application.content",
  "path" : ".",
  "properties" : { },
  "parameters" : {
    "app-name" : "myfranchise-workzone-deployer",
    "content" : {
      "instance" : {
        "destinations" : [ {
          "Name" : "myfranchise-html5-repository",
          "ServiceInstanceName" : "myfranchise-html5-repo-host",
          "ServiceKeyName" : "********",
          "sap.cloud.service" : "myfranchise.service"
        }, {
          "Authentication" : "********",
          "Name" : "********",
          "ServiceInstanceName" : "********",
          "ServiceKeyName" : "********",
          "sap.cloud.service" : "myfranchise.service"
        } ],
        "existing_destinations_policy" : "update"
      }
    },
    "default-app-name" : "myfranchise-workzone-deployer",
    "default-host" : "sa-build-platform-org-dev-myfranchise-workzone-deployer",
    "default-instances" : 1,
    "default-live-app-name" : "myfranchise-workzone-deployer",
    "default-live-domain" : "cfapps.us10.hana.ondemand.com",
    "default-live-host" : "sa-build-platform-org-dev-myfranchise-workzone-deployer",
    "default-live-uri" : "sa-build-platform-org-dev-myfranchise-workzone-deployer.cfapps.us10.hana.ondemand.com",
    "default-live-url" : "https://sa-build-platform-org-dev-myfranchise-workzone-deployer.cfapps.us10.hana.ondemand.com",
    "default-uri" : "sa-build-platform-org-dev-myfranchise-workzone-deployer.cfapps.us10.hana.ondemand.com",
    "default-url" : "https://sa-build-platform-org-dev-myfranchise-workzone-deployer.cfapps.us10.hana.ondemand.com",
    "dependency-type" : "soft",
    "domain" : "cfapps.us10.hana.ondemand.com",
    "generated-password" : "********",
    "generated-user" : "********",
    "host" : "sa-build-platform-org-dev-myfranchise-workzone-deployer",
    "instances" : 1,
    "protocol" : "https"
  },
  "requiredDependencies" : [ {
    "majorSchemaVersion" : 3,
    "name" : "myfranchise-workzone",
    "properties" : { },
    "parameters" : {
      "content-target" : true,
      "service-key" : "********"
    },
    "propertiesMetadata" : {
      "metadata" : { }
    },
    "parametersMetadata" : {
      "metadata" : { }
    }
  }, {
    "majorSchemaVersion" : 3,
    "name" : "myfranchise-html5-repo-host",
    "properties" : { },
    "parameters" : {
      "service-key" : "********"
    },
    "propertiesMetadata" : {
      "metadata" : { }
    },
    "parametersMetadata" : {
      "metadata" : { }
    }
  }, {
    "majorSchemaVersion" : 3,
    "name" : "********",
    "properties" : { },
    "parameters" : {
      "service-key" : "********"
    },
    "propertiesMetadata" : {
      "metadata" : { }
    },
    "parametersMetadata" : {
      "metadata" : { }
    }
  } ],
  "providedDependencies" : [ {
    "majorSchemaVersion" : 3,
    "name" : "myfranchise-workzone-deployer",
    "isPublic" : false,
    "properties" : { },
    "parameters" : { },
    "propertiesMetadata" : {
      "metadata" : { }
    },
    "parametersMetadata" : {
      "metadata" : { }
    }
  } ],
  "propertiesMetadata" : {
    "metadata" : { }
  },
  "parametersMetadata" : {
    "metadata" : { }
  },
  "deployedAfter" : [ ],
  "hooks" : [ ]
} ]#
#2026 07 30 02:49:24.365#Z#DEBUG#3ed74488-8bc1-11f1-85f0-eeee0a91cfe7.OPERATION#flowable-async-job-executor-thread-62777#
Step "Compute Next Modules To Deploy" finished#
#2026 07 30 02:49:24.527#Z#DEBUG#3ed74488-8bc1-11f1-85f0-eeee0a91cfe7.OPERATION#flowable-async-job-executor-thread-62782#
[ProcessDescriptorStep] Executing task "reprocessDescriptorTask" of process "45fcf321-8bc1-11f1-85f0-eeee0a91cfe7"...#
#2026 07 30 02:49:24.528#Z#DEBUG#3ed74488-8bc1-11f1-85f0-eeee0a91cfe7.OPERATION#flowable-async-job-executor-thread-62782#
[ProcessDescriptorStep] Resolving properties and parameters in merged descriptor...#
#2026 07 30 02:49:24.533#Z#DEBUG#3ed74488-8bc1-11f1-85f0-eeee0a91cfe7.OPERATION#flowable-async-job-executor-thread-62782#
[ProcessDescriptorStep] Subscriptions: [ ]#
#2026 07 30 02:49:24.540#Z#DEBUG#3ed74488-8bc1-11f1-85f0-eeee0a91cfe7.OPERATION#flowable-async-job-executor-thread-62782#
[ProcessDescriptorStep] MTA modules: [myfranchise-workzone-deployer, myfranchise-srv, myfranchise-app-deployer, myfranchise-db-deployer]#
#2026 07 30 02:49:24.544#Z#DEBUG#3ed74488-8bc1-11f1-85f0-eeee0a91cfe7.OPERATION#flowable-async-job-executor-thread-62782#
[ProcessDescriptorStep] Resolved deployment descriptor: {
  "majorSchemaVersion" : 3,
  "schemaVersion" : "3.1.0",
  "id" : "myfranchise",
  "version" : "1.0.0",
  "modules" : [ {
    "majorSchemaVersion" : 3,
    "name" : "myfranchise-srv",
    "type" : "javascript.nodejs",
    "path" : "myfranchise-srv",
    "properties" : { },
    "parameters" : {
      "default-url" : "https://sa-build-platform-org-dev-myfranchise-srv.cfapps.us10.hana.ondemand.com",
      "default-app-name" : "myfranchise-srv",
      "generated-password" : "********",
      "default-live-url" : "https://sa-build-platform-org-dev-myfranchise-srv.cfapps.us10.hana.ondemand.com",
      "default-uri" : "sa-build-platform-org-dev-myfranchise-srv.cfapps.us10.hana.ondemand.com",
      "memory" : "512M",
      "default-instances" : 1,
      "default-live-host" : "sa-build-platform-org-dev-myfranchise-srv",
      "instances" : 1,
      "buildpack" : "nodejs_buildpack",
      "default-host" : "sa-build-platform-org-dev-myfranchise-srv",
      "app-name" : "myfranchise-srv",
      "default-live-uri" : "sa-build-platform-org-dev-myfranchise-srv.cfapps.us10.hana.ondemand.com",
      "protocol" : "https",
      "default-live-app-name" : "myfranchise-srv",
      "default-live-domain" : "cfapps.us10.hana.ondemand.com",
      "disk-quota" : "1024M",
      "domain" : "cfapps.us10.hana.ondemand.com",
      "host" : "sa-build-platform-org-dev-myfranchise-srv",
      "generated-user" : "********"
    },
    "requiredDependencies" : [ {
      "majorSchemaVersion" : 3,
      "name" : "myfranchise-db",
      "properties" : { },
      "parameters" : { },
      "propertiesMetadata" : {
        "metadata" : { }
      },
      "parametersMetadata" : {
        "metadata" : { }
      }
    }, {
      "majorSchemaVersion" : 3,
      "name" : "********",
      "properties" : { },
      "parameters" : { },
      "propertiesMetadata" : {
        "metadata" : { }
      },
      "parametersMetadata" : {
        "metadata" : { }
      }
    }, {
      "majorSchemaVersion" : 3,
      "name" : "myfranchise-destination",
      "properties" : { },
      "parameters" : { },
      "propertiesMetadata" : {
        "metadata" : { }
      },
      "parametersMetadata" : {
        "metadata" : { }
      }
    }, {
      "majorSchemaVersion" : 3,
      "name" : "myfranchise-aicore",
      "properties" : { },
      "parameters" : { },
      "propertiesMetadata" : {
        "metadata" : { }
      },
      "parametersMetadata" : {
        "metadata" : { }
      }
    } ],
    "providedDependencies" : [ {
      "majorSchemaVersion" : 3,
      "name" : "srv-api",
      "isPublic" : false,
      "properties" : {
        "srv-url" : "https://sa-build-platform-org-dev-myfranchise-srv.cfapps.us10.hana.ondemand.com"
      },
      "parameters" : { },
      "propertiesMetadata" : {
        "metadata" : { }
      },
      "parametersMetadata" : {
        "metadata" : { }
      }
    }, {
      "majorSchemaVersion" : 3,
      "name" : "myfranchise-srv",
      "isPublic" : false,
      "properties" : { },
      "parameters" : { },
      "propertiesMetadata" : {
        "metadata" : { }
      },
      "parametersMetadata" : {
        "metadata" : { }
      }
    } ],
    "propertiesMetadata" : {
      "metadata" : { }
    },
    "parametersMetadata" : {
      "metadata" : { }
    },
    "hooks" : [ ]
  }, {
    "majorSchemaVersion" : 3,
    "name" : "myfranchise-db-deployer",
    "type" : "com.sap.xs.hdi",
    "path" : "myfranchise-db-deployer",
    "properties" : {
      "EXIT" : 1
    },
    "parameters" : {
      "default-url" : "https://sa-build-platform-org-dev-myfranchise-db-deployer.cfapps.us10.hana.ondemand.com",
      "default-app-name" : "myfranchise-db-deployer",
      "generated-password" : "********",
      "default-live-url" : "https://sa-build-platform-org-dev-myfranchise-db-deployer.cfapps.us10.hana.ondemand.com",
      "default-uri" : "sa-build-platform-org-dev-myfranchise-db-deployer.cfapps.us10.hana.ondemand.com",
      "memory" : "256M",
      "default-instances" : 1,
      "no-route" : true,
      "default-live-host" : "sa-build-platform-org-dev-myfranchise-db-deployer",
      "instances" : 1,
      "buildpack" : "nodejs_buildpack",
      "default-host" : "sa-build-platform-org-dev-myfranchise-db-deployer",
      "app-name" : "myfranchise-db-deployer",
      "default-live-uri" : "sa-build-platform-org-dev-myfranchise-db-deployer.cfapps.us10.hana.ondemand.com",
      "protocol" : "https",
      "default-live-app-name" : "myfranchise-db-deployer",
      "default-live-domain" : "cfapps.us10.hana.ondemand.com",
      "dependency-type" : "hard",
      "domain" : "cfapps.us10.hana.ondemand.com",
      "host" : "sa-build-platform-org-dev-myfranchise-db-deployer",
      "generated-user" : "********",
      "tasks" : [ {
        "command" : "npm start",
        "memory" : "256M",
        "name" : "deploy"
      } ],
      "no-start" : true
    },
    "requiredDependencies" : [ {
      "majorSchemaVersion" : 3,
      "name" : "myfranchise-db",
      "properties" : { },
      "parameters" : { },
      "propertiesMetadata" : {
        "metadata" : { }
      },
      "parametersMetadata" : {
        "metadata" : { }
      }
    } ],
    "providedDependencies" : [ {
      "majorSchemaVersion" : 3,
      "name" : "myfranchise-db-deployer",
      "isPublic" : false,
      "properties" : { },
      "parameters" : { },
      "propertiesMetadata" : {
        "metadata" : { }
      },
      "parametersMetadata" : {
        "metadata" : { }
      }
    } ],
    "propertiesMetadata" : {
      "metadata" : { }
    },
    "parametersMetadata" : {
      "metadata" : { }
    },
    "hooks" : [ ]
  }, {
    "majorSchemaVersion" : 3,
    "name" : "myfranchise-app-deployer",
    "type" : "com.sap.application.content",
    "path" : "myfranchise-app-deployer",
    "properties" : { },
    "parameters" : {
      "default-url" : "https://sa-build-platform-org-dev-myfranchise-app-deployer.cfapps.us10.hana.ondemand.com",
      "default-app-name" : "myfranchise-app-deployer",
      "generated-password" : "********",
      "default-live-url" : "https://sa-build-platform-org-dev-myfranchise-app-deployer.cfapps.us10.hana.ondemand.com",
      "default-uri" : "sa-build-platform-org-dev-myfranchise-app-deployer.cfapps.us10.hana.ondemand.com",
      "default-instances" : 1,
      "default-live-host" : "sa-build-platform-org-dev-myfranchise-app-deployer",
      "instances" : 1,
      "default-host" : "sa-build-platform-org-dev-myfranchise-app-deployer",
      "app-name" : "myfranchise-app-deployer",
      "default-live-uri" : "sa-build-platform-org-dev-myfranchise-app-deployer.cfapps.us10.hana.ondemand.com",
      "protocol" : "https",
      "default-live-app-name" : "myfranchise-app-deployer",
      "default-live-domain" : "cfapps.us10.hana.ondemand.com",
      "domain" : "cfapps.us10.hana.ondemand.com",
      "host" : "sa-build-platform-org-dev-myfranchise-app-deployer",
      "generated-user" : "********"
    },
    "requiredDependencies" : [ {
      "majorSchemaVersion" : 3,
      "name" : "srv-api",
      "properties" : { },
      "parameters" : { },
      "propertiesMetadata" : {
        "metadata" : { }
      },
      "parametersMetadata" : {
        "metadata" : { }
      }
    }, {
      "majorSchemaVersion" : 3,
      "name" : "myfranchise-html5-repo-host",
      "properties" : { },
      "parameters" : {
        "config" : {
          "HTML5Runtime_enabled" : true
        },
        "content-target" : true
      },
      "propertiesMetadata" : {
        "metadata" : { }
      },
      "parametersMetadata" : {
        "metadata" : { }
      }
    } ],
    "providedDependencies" : [ {
      "majorSchemaVersion" : 3,
      "name" : "myfranchise-app-deployer",
      "isPublic" : false,
      "properties" : { },
      "parameters" : { },
      "propertiesMetadata" : {
        "metadata" : { }
      },
      "parametersMetadata" : {
        "metadata" : { }
      }
    } ],
    "propertiesMetadata" : {
      "metadata" : { }
    },
    "parametersMetadata" : {
      "metadata" : { }
    },
    "hooks" : [ ]
  }, {
    "majorSchemaVersion" : 3,
    "name" : "myfranchise-workzone-deployer",
    "type" : "com.sap.application.content",
    "path" : ".",
    "properties" : { },
    "parameters" : {
      "default-url" : "https://sa-build-platform-org-dev-myfranchise-workzone-deployer.cfapps.us10.hana.ondemand.com",
      "default-app-name" : "myfranchise-workzone-deployer",
      "generated-password" : "********",
      "default-live-url" : "https://sa-build-platform-org-dev-myfranchise-workzone-deployer.cfapps.us10.hana.ondemand.com",
      "default-uri" : "sa-build-platform-org-dev-myfranchise-workzone-deployer.cfapps.us10.hana.ondemand.com",
      "default-instances" : 1,
      "default-live-host" : "sa-build-platform-org-dev-myfranchise-workzone-deployer",
      "instances" : 1,
      "default-host" : "sa-build-platform-org-dev-myfranchise-workzone-deployer",
      "content" : {
        "instance" : {
          "destinations" : [ {
            "Name" : "myfranchise-html5-repository",
            "ServiceInstanceName" : "myfranchise-html5-repo-host",
            "ServiceKeyName" : "********",
            "sap.cloud.service" : "myfranchise.service"
          }, {
            "Authentication" : "********",
            "Name" : "********",
            "ServiceInstanceName" : "********",
            "ServiceKeyName" : "********",
            "sap.cloud.service" : "myfranchise.service"
          } ],
          "existing_destinations_policy" : "update"
        }
      },
      "app-name" : "myfranchise-workzone-deployer",
      "default-live-uri" : "sa-build-platform-org-dev-myfranchise-workzone-deployer.cfapps.us10.hana.ondemand.com",
      "protocol" : "https",
      "default-live-app-name" : "myfranchise-workzone-deployer",
      "default-live-domain" : "cfapps.us10.hana.ondemand.com",
      "domain" : "cfapps.us10.hana.ondemand.com",
      "host" : "sa-build-platform-org-dev-myfranchise-workzone-deployer",
      "generated-user" : "********"
    },
    "requiredDependencies" : [ {
      "majorSchemaVersion" : 3,
      "name" : "myfranchise-workzone",
      "properties" : { },
      "parameters" : {
        "content-target" : true,
        "service-key" : "********"
      },
      "propertiesMetadata" : {
        "metadata" : { }
      },
      "parametersMetadata" : {
        "metadata" : { }
      }
    }, {
      "majorSchemaVersion" : 3,
      "name" : "myfranchise-html5-repo-host",
      "properties" : { },
      "parameters" : {
        "service-key" : "********"
      },
      "propertiesMetadata" : {
        "metadata" : { }
      },
      "parametersMetadata" : {
        "metadata" : { }
      }
    }, {
      "majorSchemaVersion" : 3,
      "name" : "********",
      "properties" : { },
      "parameters" : {
        "service-key" : "********"
      },
      "propertiesMetadata" : {
        "metadata" : { }
      },
      "parametersMetadata" : {
        "metadata" : { }
      }
    } ],
    "providedDependencies" : [ {
      "majorSchemaVersion" : 3,
      "name" : "myfranchise-workzone-deployer",
      "isPublic" : false,
      "properties" : { },
      "parameters" : { },
      "propertiesMetadata" : {
        "metadata" : { }
      },
      "parametersMetadata" : {
        "metadata" : { }
      }
    } ],
    "propertiesMetadata" : {
      "metadata" : { }
    },
    "parametersMetadata" : {
      "metadata" : { }
    },
    "hooks" : [ ]
  } ],
  "resources" : [ {
    "majorSchemaVersion" : 3,
    "name" : "myfranchise-db",
    "type" : "com.sap.xs.hdi-container",
    "properties" : {
      "hdi-service-name" : "myfranchise-db"
    },
    "parameters" : {
      "generated-password" : "********",
      "service-name" : "myfranchise-db",
      "service-plan" : "hdi-shared",
      "service" : "hana",
      "generated-user" : "********",
      "default-xsappname" : "myfranchise-db",
      "type" : "managed-service",
      "default-service-name" : "myfranchise-db",
      "default-container-name" : "SA_BUILD_PLATFORM_ORG_DEV_MYFRANCHISE_DB"
    },
    "isActive" : true,
    "isOptional" : false,
    "propertiesMetadata" : {
      "metadata" : { }
    },
    "parametersMetadata" : {
      "metadata" : { }
    },
    "requiredDependencies" : [ ],
    "processedAfter" : [ ]
  }, {
    "majorSchemaVersion" : 3,
    "name" : "********",
    "type" : "org.cloudfoundry.managed-service",
    "properties" : { },
    "parameters" : {
      "generated-password" : "********",
      "path" : "./xs-security.json",
      "service-name" : "********",
      "service-plan" : "application",
      "service" : "xsuaa",
      "generated-user" : "********",
      "default-xsappname" : "********",
      "type" : "managed-service",
      "config" : {
        "tenant-mode" : "dedicated",
        "xsappname" : "myfranchise-sa-build-platform-org-DEV"
      },
      "default-service-name" : "********",
      "default-container-name" : "********"
    },
    "isActive" : true,
    "isOptional" : false,
    "propertiesMetadata" : {
      "metadata" : { }
    },
    "parametersMetadata" : {
      "metadata" : { }
    },
    "requiredDependencies" : [ ],
    "processedAfter" : [ ]
  }, {
    "majorSchemaVersion" : 3,
    "name" : "myfranchise-destination",
    "type" : "org.cloudfoundry.managed-service",
    "properties" : { },
    "parameters" : {
      "generated-password" : "********",
      "service-name" : "myfranchise-destination",
      "service-plan" : "lite",
      "service" : "destination",
      "generated-user" : "********",
      "default-xsappname" : "myfranchise-destination",
      "type" : "managed-service",
      "default-service-name" : "myfranchise-destination",
      "default-container-name" : "SA_BUILD_PLATFORM_ORG_DEV_MYFRANCHISE_DESTINATION"
    },
    "isActive" : true,
    "isOptional" : false,
    "propertiesMetadata" : {
      "metadata" : { }
    },
    "parametersMetadata" : {
      "metadata" : { }
    },
    "requiredDependencies" : [ {
      "majorSchemaVersion" : 3,
      "name" : "srv-api",
      "properties" : { },
      "parameters" : { },
      "propertiesMetadata" : {
        "metadata" : { }
      },
      "parametersMetadata" : {
        "metadata" : { }
      }
    } ],
    "processedAfter" : [ ]
  }, {
    "majorSchemaVersion" : 3,
    "name" : "myfranchise-html5-repo-host",
    "type" : "org.cloudfoundry.managed-service",
    "properties" : { },
    "parameters" : {
      "generated-password" : "********",
      "service-name" : "myfranchise-html5-repo-host",
      "service-plan" : "app-host",
      "service" : "html5-apps-repo",
      "generated-user" : "********",
      "default-xsappname" : "myfranchise-html5-repo-host",
      "type" : "managed-service",
      "default-service-name" : "myfranchise-html5-repo-host",
      "default-container-name" : "SA_BUILD_PLATFORM_ORG_DEV_MYFRANCHISE_HTML5_REPO_HOST"
    },
    "isActive" : true,
    "isOptional" : false,
    "propertiesMetadata" : {
      "metadata" : { }
    },
    "parametersMetadata" : {
      "metadata" : { }
    },
    "requiredDependencies" : [ ],
    "processedAfter" : [ ]
  }, {
    "majorSchemaVersion" : 3,
    "name" : "myfranchise-aicore",
    "type" : "org.cloudfoundry.existing-service",
    "properties" : { },
    "parameters" : {
      "generated-password" : "********",
      "service-name" : "default_aicore",
      "generated-user" : "********",
      "default-xsappname" : "myfranchise-aicore",
      "type" : "existing-service",
      "default-service-name" : "myfranchise-aicore",
      "default-container-name" : "SA_BUILD_PLATFORM_ORG_DEV_MYFRANCHISE_AICORE"
    },
    "isActive" : true,
    "isOptional" : false,
    "propertiesMetadata" : {
      "metadata" : { }
    },
    "parametersMetadata" : {
      "metadata" : { }
    },
    "requiredDependencies" : [ ],
    "processedAfter" : [ ]
  }, {
    "majorSchemaVersion" : 3,
    "name" : "myfranchise-workzone",
    "type" : "org.cloudfoundry.managed-service",
    "properties" : { },
    "parameters" : {
      "generated-password" : "********",
      "service-name" : "myfranchise-workzone",
      "service-plan" : "foundation",
      "service" : "build-workzone-standard",
      "generated-user" : "********",
      "default-xsappname" : "myfranchise-workzone",
      "type" : "managed-service",
      "default-service-name" : "myfranchise-workzone",
      "default-container-name" : "SA_BUILD_PLATFORM_ORG_DEV_MYFRANCHISE_WORKZONE"
    },
    "isActive" : true,
    "isOptional" : false,
    "propertiesMetadata" : {
      "metadata" : { }
    },
    "parametersMetadata" : {
      "metadata" : { }
    },
    "requiredDependencies" : [ ],
    "processedAfter" : [ ]
  } ],
  "parameters" : {
    "deploy_mode" : "html5-repo",
    "mta-id" : "myfranchise",
    "authorization-url" : "********",
    "org-guid" : "14e98944-6589-4d62-8570-239acf2bf85f",
    "org" : "sa-build-platform-org",
    "deploy-target" : "sa-build-platform-org DEV",
    "enable-parallel-deployments" : true,
    "region-primary-domain" : "us10.hana.ondemand.com",
    "space" : "DEV",
    "region-domain" : "us10.hana.ondemand.com",
    "xs-api-url" : "https://api.cf.us10.hana.ondemand.com",
    "deploy-url" : "deploy-service.cfapps.us10.hana.ondemand.com",
    "xs-type" : "CF",
    "default-domain" : "cfapps.us10.hana.ondemand.com",
    "mta-version" : "1.0.0",
    "xs-auth-url" : "********",
    "space-guid" : "87beb70a-51f1-4835-b470-a7ccd9062962",
    "user" : "********",
    "controller-url" : "https://api.cf.us10.hana.ondemand.com",
    "timestamp" : "20260730024912"
  },
  "parametersMetadata" : {
    "metadata" : { }
  }
}#
#2026 07 30 02:49:24.544#Z#DEBUG#3ed74488-8bc1-11f1-85f0-eeee0a91cfe7.OPERATION#flowable-async-job-executor-thread-62782#
[ProcessDescriptorStep] Merged descriptor properties and parameters resolved#
#2026 07 30 02:49:24.544#Z#DEBUG#3ed74488-8bc1-11f1-85f0-eeee0a91cfe7.OPERATION#flowable-async-job-executor-thread-62782#
Step "Re-Process Descriptor Step" finished#
#2026 07 30 02:49:24.573#Z#DEBUG#3ed74488-8bc1-11f1-85f0-eeee0a91cfe7.OPERATION#flowable-async-job-executor-thread-62783#
[BuildApplicationDeployModelStep] Executing task "buildApplicationDeployModelTask" of process "45fcf321-8bc1-11f1-85f0-eeee0a91cfe7"...#
#2026 07 30 02:49:24.574#Z#DEBUG#3ed74488-8bc1-11f1-85f0-eeee0a91cfe7.OPERATION#flowable-async-job-executor-thread-62783#
[BuildApplicationDeployModelStep] Building cloud deployment model for application "myfranchise-db-deployer"...#
#2026 07 30 02:49:24.580#Z#DEBUG#3ed74488-8bc1-11f1-85f0-eeee0a91cfe7.OPERATION#flowable-async-job-executor-thread-62783#
[BuildApplicationDeployModelStep] No health-check-type is specified. Setting default type: port#
#2026 07 30 02:49:24.581#Z#INFO#3ed74488-8bc1-11f1-85f0-eeee0a91cfe7.OPERATION#flowable-async-job-executor-thread-62783#
[BuildApplicationDeployModelStep] Building configuration entries for org sa-build-platform-org, space DEV, spaceId 87beb70a-51f1-4835-b470-a7ccd9062962 and namespace null!#
#2026 07 30 02:49:24.581#Z#DEBUG#3ed74488-8bc1-11f1-85f0-eeee0a91cfe7.OPERATION#flowable-async-job-executor-thread-62783#
[BuildApplicationDeployModelStep] Configuration entries to publish: [ ]#
#2026 07 30 02:49:24.581#Z#DEBUG#3ed74488-8bc1-11f1-85f0-eeee0a91cfe7.OPERATION#flowable-async-job-executor-thread-62783#
[BuildApplicationDeployModelStep] Cloud deployment model for application built#
#2026 07 30 02:49:24.581#Z#DEBUG#3ed74488-8bc1-11f1-85f0-eeee0a91cfe7.OPERATION#flowable-async-job-executor-thread-62783#
Step "Build Application Deploy Model" finished#
#2026 07 30 02:49:24.614#Z#DEBUG#3ed74488-8bc1-11f1-85f0-eeee0a91cfe7.OPERATION#flowable-async-job-executor-thread-62784#
[CreateOrUpdateAppStep] Executing task "createAppTask" of process "45fcf321-8bc1-11f1-85f0-eeee0a91cfe7"...#
#2026 07 30 02:49:24.616#Z#DEBUG#3ed74488-8bc1-11f1-85f0-eeee0a91cfe7.OPERATION#flowable-async-job-executor-thread-62784#
[CreateOrUpdateAppStep] Getting application "myfranchise-db-deployer"...#
#2026 07 30 02:49:24.653#Z#INFO#3ed74488-8bc1-11f1-85f0-eeee0a91cfe7.OPERATION#flowable-async-job-executor-thread-62784#
[CreateOrUpdateAppStep] Updating application "myfranchise-db-deployer"...#
#2026 07 30 02:49:24.658#Z#DEBUG#3ed74488-8bc1-11f1-85f0-eeee0a91cfe7.OPERATION#flowable-async-job-executor-thread-62784#
[CreateOrUpdateAppStep] Getting process for application "29787a82-7f21-42fb-b29e-68fef013f5a1"...#
#2026 07 30 02:49:24.697#Z#DEBUG#3ed74488-8bc1-11f1-85f0-eeee0a91cfe7.OPERATION#flowable-async-job-executor-thread-62784#
[CreateOrUpdateAppStep] Getting routes for application "29787a82-7f21-42fb-b29e-68fef013f5a1"...#
#2026 07 30 02:49:24.730#Z#DEBUG#3ed74488-8bc1-11f1-85f0-eeee0a91cfe7.OPERATION#flowable-async-job-executor-thread-62784#
[CreateOrUpdateAppStep] Getting features for application "29787a82-7f21-42fb-b29e-68fef013f5a1"#
#2026 07 30 02:49:24.757#Z#DEBUG#3ed74488-8bc1-11f1-85f0-eeee0a91cfe7.OPERATION#flowable-async-job-executor-thread-62784#
[CreateOrUpdateAppStep] Updating staging of application "myfranchise-db-deployer" to: {
  "buildpacks" : [ "nodejs_buildpack" ],
  "healthCheckType" : "port",
  "appFeatures" : { }
}#
#2026 07 30 02:49:24.971#Z#DEBUG#3ed74488-8bc1-11f1-85f0-eeee0a91cfe7.OPERATION#flowable-async-job-executor-thread-62784#
[CreateOrUpdateAppStep] Application "myfranchise-db-deployer" updated#
#2026 07 30 02:49:24.971#Z#DEBUG#3ed74488-8bc1-11f1-85f0-eeee0a91cfe7.OPERATION#flowable-async-job-executor-thread-62784#
[CreateOrUpdateAppStep] Getting environment of application "29787a82-7f21-42fb-b29e-68fef013f5a1"...#
#2026 07 30 02:49:25.044#Z#DEBUG#3ed74488-8bc1-11f1-85f0-eeee0a91cfe7.OPERATION#flowable-async-job-executor-thread-62784#
[CreateOrUpdateAppStep] Application "myfranchise-db-deployer" updated#
#2026 07 30 02:49:25.044#Z#DEBUG#3ed74488-8bc1-11f1-85f0-eeee0a91cfe7.OPERATION#flowable-async-job-executor-thread-62784#
Step "Create App" finished#
#2026 07 30 02:49:25.126#Z#DEBUG#3ed74488-8bc1-11f1-85f0-eeee0a91cfe7.OPERATION#flowable-async-job-executor-thread-62786#
[CheckServiceBindingOperationStep] Executing task "checkForServiceBindingOperationInProgress" of process "4660bd54-8bc1-11f1-85f0-eeee0a91cfe7"...#
#2026 07 30 02:49:25.126#Z#DEBUG#3ed74488-8bc1-11f1-85f0-eeee0a91cfe7.OPERATION#flowable-async-job-executor-thread-62786#
[CheckServiceBindingOperationStep] Checking for service binding operation in progress between app "myfranchise-db-deployer" and service instance "myfranchise-db"#
#2026 07 30 02:49:25.127#Z#DEBUG#3ed74488-8bc1-11f1-85f0-eeee0a91cfe7.OPERATION#flowable-async-job-executor-thread-62786#
[CheckServiceBindingOperationStep] Getting application guid "myfranchise-db-deployer"...#
#2026 07 30 02:49:25.161#Z#DEBUG#3ed74488-8bc1-11f1-85f0-eeee0a91cfe7.OPERATION#flowable-async-job-executor-thread-62786#
[CheckServiceBindingOperationStep] Getting GUID of required service instance "myfranchise-db"...#
#2026 07 30 02:49:25.197#Z#DEBUG#3ed74488-8bc1-11f1-85f0-eeee0a91cfe7.OPERATION#flowable-async-job-executor-thread-62786#
[CheckServiceBindingOperationStep] Getting binding of service instance "024d0c52-364c-4890-a192-720331319322" with application "29787a82-7f21-42fb-b29e-68fef013f5a1"...#
#2026 07 30 02:49:25.236#Z#DEBUG#3ed74488-8bc1-11f1-85f0-eeee0a91cfe7.OPERATION#flowable-async-job-executor-thread-62786#
[CheckServiceBindingOperationStep] Service binding operation "b76a4b69-ea3d-4553-ab7e-c2522dea827e" with type "create" is in state "succeeded"#
#2026 07 30 02:49:25.237#Z#DEBUG#3ed74488-8bc1-11f1-85f0-eeee0a91cfe7.OPERATION#flowable-async-job-executor-thread-62786#
Step "Check For Service Binding Operation In Progress" finished#
#2026 07 30 02:49:25.264#Z#DEBUG#3ed74488-8bc1-11f1-85f0-eeee0a91cfe7.OPERATION#flowable-async-job-executor-thread-62787#
[DetermineApplicationServiceBindingActionsStep] Executing task "determineApplicationServiceBindingActionsTask" of process "4660bd54-8bc1-11f1-85f0-eeee0a91cfe7"...#
#2026 07 30 02:49:25.266#Z#DEBUG#3ed74488-8bc1-11f1-85f0-eeee0a91cfe7.OPERATION#flowable-async-job-executor-thread-62787#
[DetermineApplicationServiceBindingActionsStep] Determine bind/unbind operations of application "myfranchise-db-deployer" to service instance "myfranchise-db"#
#2026 07 30 02:49:25.266#Z#DEBUG#3ed74488-8bc1-11f1-85f0-eeee0a91cfe7.OPERATION#flowable-async-job-executor-thread-62787#
[DetermineApplicationServiceBindingActionsStep] Getting application "myfranchise-db-deployer"...#
#2026 07 30 02:49:25.307#Z#DEBUG#3ed74488-8bc1-11f1-85f0-eeee0a91cfe7.OPERATION#flowable-async-job-executor-thread-62787#
[DetermineApplicationServiceBindingActionsStep] Binding parameters for application "myfranchise-db-deployer": { }#
#2026 07 30 02:49:25.351#Z#DEBUG#3ed74488-8bc1-11f1-85f0-eeee0a91cfe7.OPERATION#flowable-async-job-executor-thread-62787#
[DetermineApplicationServiceBindingActionsStep] Check should rebind application "myfranchise-db-deployer" and service instance "myfranchise-db"#
#2026 07 30 02:49:25.351#Z#DEBUG#3ed74488-8bc1-11f1-85f0-eeee0a91cfe7.OPERATION#flowable-async-job-executor-thread-62787#
[DetermineApplicationServiceBindingActionsStep] Getting GUID of required service instance "myfranchise-db"...#
#2026 07 30 02:49:25.384#Z#DEBUG#3ed74488-8bc1-11f1-85f0-eeee0a91cfe7.OPERATION#flowable-async-job-executor-thread-62787#
[DetermineApplicationServiceBindingActionsStep] Getting binding of service instance "024d0c52-364c-4890-a192-720331319322" with application "29787a82-7f21-42fb-b29e-68fef013f5a1"...#
#2026 07 30 02:49:25.425#Z#DEBUG#3ed74488-8bc1-11f1-85f0-eeee0a91cfe7.OPERATION#flowable-async-job-executor-thread-62787#
[DetermineApplicationServiceBindingActionsStep] Getting parameters of service binding "b76a4b69-ea3d-4553-ab7e-c2522dea827e"...#
#2026 07 30 02:49:25.630#Z#INFO#3ed74488-8bc1-11f1-85f0-eeee0a91cfe7.OPERATION#flowable-async-job-executor-thread-62787#
[DetermineApplicationServiceBindingActionsStep] Service instance "myfranchise-db" will not be rebound to application "myfranchise-db-deployer" because the binding parameters are not modified#
#2026 07 30 02:49:25.634#Z#DEBUG#3ed74488-8bc1-11f1-85f0-eeee0a91cfe7.OPERATION#flowable-async-job-executor-thread-62787#
[DetermineApplicationServiceBindingActionsStep] Calculated binding operations between application "myfranchise-db-deployer" and service instance "myfranchise-db": unbind - false bind - false#
#2026 07 30 02:49:25.634#Z#DEBUG#3ed74488-8bc1-11f1-85f0-eeee0a91cfe7.OPERATION#flowable-async-job-executor-thread-62787#
Step "Determine Application Service Binding Actions" finished#
#2026 07 30 02:49:25.729#Z#DEBUG#3ed74488-8bc1-11f1-85f0-eeee0a91cfe7.OPERATION#flowable-async-job-executor-thread-62792#
[DetermineVcapServicesPropertiesChangedStep] Executing task "determineVcapServicesPropertiesChangedTask" of process "46bc71ff-8bc1-11f1-85f0-eeee0a91cfe7"...#
#2026 07 30 02:49:25.730#Z#DEBUG#3ed74488-8bc1-11f1-85f0-eeee0a91cfe7.OPERATION#flowable-async-job-executor-thread-62792#
[DetermineVcapServicesPropertiesChangedStep] VCAP_SERVICES properties for application "myfranchise-db-deployer" changed: false#
#2026 07 30 02:49:25.730#Z#DEBUG#3ed74488-8bc1-11f1-85f0-eeee0a91cfe7.OPERATION#flowable-async-job-executor-thread-62792#
Step "Determine vcap services properties changed" finished#
#2026 07 30 02:49:25.758#Z#DEBUG#3ed74488-8bc1-11f1-85f0-eeee0a91cfe7.OPERATION#flowable-async-job-executor-thread-62793#
[UploadAppStep] Executing task "uploadAppTask" of process "46bc71ff-8bc1-11f1-85f0-eeee0a91cfe7"...#
#2026 07 30 02:49:25.760#Z#DEBUG#3ed74488-8bc1-11f1-85f0-eeee0a91cfe7.OPERATION#flowable-async-job-executor-thread-62793#
[UploadAppStep] Application upload timeout is default one: 3,600 seconds#
#2026 07 30 02:49:25.760#Z#INFO#3ed74488-8bc1-11f1-85f0-eeee0a91cfe7.OPERATION#flowable-async-job-executor-thread-62793#
[UploadAppStep] Uploading application "myfranchise-db-deployer"...#
#2026 07 30 02:49:25.765#Z#DEBUG#3ed74488-8bc1-11f1-85f0-eeee0a91cfe7.OPERATION#flowable-async-job-executor-thread-62793#
[UploadAppStep] Getting application "myfranchise-db-deployer"...#
#2026 07 30 02:49:25.809#Z#DEBUG#3ed74488-8bc1-11f1-85f0-eeee0a91cfe7.OPERATION#flowable-async-job-executor-thread-62793#
[UploadAppStep] Getting environment of application "29787a82-7f21-42fb-b29e-68fef013f5a1"...#
#2026 07 30 02:49:25.854#Z#INFO#3ed74488-8bc1-11f1-85f0-eeee0a91cfe7.OPERATION#flowable-async-job-executor-thread-62793#
[UploadAppStep] Calculating application digest: "myfranchise-db-deployer"#
#2026 07 30 02:49:25.936#Z#DEBUG#3ed74488-8bc1-11f1-85f0-eeee0a91cfe7.OPERATION#flowable-async-job-executor-thread-62793#
Step "Upload App" finished#
#2026 07 30 02:49:26.180#Z#DEBUG#3ed74488-8bc1-11f1-85f0-eeee0a91cfe7.OPERATION#flowable-async-job-executor-thread-31535#
[ProcessDescriptorStep] Executing task "reprocessDescriptorTask" of process "46ec0db9-8bc1-11f1-949f-eeee0a998610"...#
#2026 07 30 02:49:26.181#Z#DEBUG#3ed74488-8bc1-11f1-85f0-eeee0a91cfe7.OPERATION#flowable-async-job-executor-thread-31535#
[ProcessDescriptorStep] Resolving properties and parameters in merged descriptor...#
#2026 07 30 02:49:26.187#Z#DEBUG#3ed74488-8bc1-11f1-85f0-eeee0a91cfe7.OPERATION#flowable-async-job-executor-thread-31535#
[ProcessDescriptorStep] Subscriptions: [ ]#
#2026 07 30 02:49:26.196#Z#DEBUG#3ed74488-8bc1-11f1-85f0-eeee0a91cfe7.OPERATION#flowable-async-job-executor-thread-31535#
[ProcessDescriptorStep] MTA modules: [myfranchise-workzone-deployer, myfranchise-srv, myfranchise-app-deployer, myfranchise-db-deployer]#
#2026 07 30 02:49:26.201#Z#DEBUG#3ed74488-8bc1-11f1-85f0-eeee0a91cfe7.OPERATION#flowable-async-job-executor-thread-31535#
[ProcessDescriptorStep] Resolved deployment descriptor: {
  "majorSchemaVersion" : 3,
  "schemaVersion" : "3.1.0",
  "id" : "myfranchise",
  "version" : "1.0.0",
  "modules" : [ {
    "majorSchemaVersion" : 3,
    "name" : "myfranchise-srv",
    "type" : "javascript.nodejs",
    "path" : "myfranchise-srv",
    "properties" : { },
    "parameters" : {
      "default-url" : "https://sa-build-platform-org-dev-myfranchise-srv.cfapps.us10.hana.ondemand.com",
      "default-app-name" : "myfranchise-srv",
      "generated-password" : "********",
      "default-live-url" : "https://sa-build-platform-org-dev-myfranchise-srv.cfapps.us10.hana.ondemand.com",
      "default-uri" : "sa-build-platform-org-dev-myfranchise-srv.cfapps.us10.hana.ondemand.com",
      "memory" : "512M",
      "default-instances" : 1,
      "default-live-host" : "sa-build-platform-org-dev-myfranchise-srv",
      "instances" : 1,
      "buildpack" : "nodejs_buildpack",
      "default-host" : "sa-build-platform-org-dev-myfranchise-srv",
      "app-name" : "myfranchise-srv",
      "default-live-uri" : "sa-build-platform-org-dev-myfranchise-srv.cfapps.us10.hana.ondemand.com",
      "protocol" : "https",
      "default-live-app-name" : "myfranchise-srv",
      "default-live-domain" : "cfapps.us10.hana.ondemand.com",
      "disk-quota" : "1024M",
      "domain" : "cfapps.us10.hana.ondemand.com",
      "host" : "sa-build-platform-org-dev-myfranchise-srv",
      "generated-user" : "********"
    },
    "requiredDependencies" : [ {
      "majorSchemaVersion" : 3,
      "name" : "myfranchise-db",
      "properties" : { },
      "parameters" : { },
      "propertiesMetadata" : {
        "metadata" : { }
      },
      "parametersMetadata" : {
        "metadata" : { }
      }
    }, {
      "majorSchemaVersion" : 3,
      "name" : "********",
      "properties" : { },
      "parameters" : { },
      "propertiesMetadata" : {
        "metadata" : { }
      },
      "parametersMetadata" : {
        "metadata" : { }
      }
    }, {
      "majorSchemaVersion" : 3,
      "name" : "myfranchise-destination",
      "properties" : { },
      "parameters" : { },
      "propertiesMetadata" : {
        "metadata" : { }
      },
      "parametersMetadata" : {
        "metadata" : { }
      }
    }, {
      "majorSchemaVersion" : 3,
      "name" : "myfranchise-aicore",
      "properties" : { },
      "parameters" : { },
      "propertiesMetadata" : {
        "metadata" : { }
      },
      "parametersMetadata" : {
        "metadata" : { }
      }
    } ],
    "providedDependencies" : [ {
      "majorSchemaVersion" : 3,
      "name" : "srv-api",
      "isPublic" : false,
      "properties" : {
        "srv-url" : "https://sa-build-platform-org-dev-myfranchise-srv.cfapps.us10.hana.ondemand.com"
      },
      "parameters" : { },
      "propertiesMetadata" : {
        "metadata" : { }
      },
      "parametersMetadata" : {
        "metadata" : { }
      }
    }, {
      "majorSchemaVersion" : 3,
      "name" : "myfranchise-srv",
      "isPublic" : false,
      "properties" : { },
      "parameters" : { },
      "propertiesMetadata" : {
        "metadata" : { }
      },
      "parametersMetadata" : {
        "metadata" : { }
      }
    } ],
    "propertiesMetadata" : {
      "metadata" : { }
    },
    "parametersMetadata" : {
      "metadata" : { }
    },
    "hooks" : [ ]
  }, {
    "majorSchemaVersion" : 3,
    "name" : "myfranchise-db-deployer",
    "type" : "com.sap.xs.hdi",
    "path" : "myfranchise-db-deployer",
    "properties" : {
      "EXIT" : 1
    },
    "parameters" : {
      "default-url" : "https://sa-build-platform-org-dev-myfranchise-db-deployer.cfapps.us10.hana.ondemand.com",
      "default-app-name" : "myfranchise-db-deployer",
      "generated-password" : "********",
      "default-live-url" : "https://sa-build-platform-org-dev-myfranchise-db-deployer.cfapps.us10.hana.ondemand.com",
      "default-uri" : "sa-build-platform-org-dev-myfranchise-db-deployer.cfapps.us10.hana.ondemand.com",
      "memory" : "256M",
      "default-instances" : 1,
      "no-route" : true,
      "default-live-host" : "sa-build-platform-org-dev-myfranchise-db-deployer",
      "instances" : 1,
      "buildpack" : "nodejs_buildpack",
      "default-host" : "sa-build-platform-org-dev-myfranchise-db-deployer",
      "app-name" : "myfranchise-db-deployer",
      "default-live-uri" : "sa-build-platform-org-dev-myfranchise-db-deployer.cfapps.us10.hana.ondemand.com",
      "protocol" : "https",
      "default-live-app-name" : "myfranchise-db-deployer",
      "default-live-domain" : "cfapps.us10.hana.ondemand.com",
      "dependency-type" : "hard",
      "domain" : "cfapps.us10.hana.ondemand.com",
      "host" : "sa-build-platform-org-dev-myfranchise-db-deployer",
      "generated-user" : "********",
      "tasks" : [ {
        "command" : "npm start",
        "memory" : "256M",
        "name" : "deploy"
      } ],
      "no-start" : true
    },
    "requiredDependencies" : [ {
      "majorSchemaVersion" : 3,
      "name" : "myfranchise-db",
      "properties" : { },
      "parameters" : { },
      "propertiesMetadata" : {
        "metadata" : { }
      },
      "parametersMetadata" : {
        "metadata" : { }
      }
    } ],
    "providedDependencies" : [ {
      "majorSchemaVersion" : 3,
      "name" : "myfranchise-db-deployer",
      "isPublic" : false,
      "properties" : { },
      "parameters" : { },
      "propertiesMetadata" : {
        "metadata" : { }
      },
      "parametersMetadata" : {
        "metadata" : { }
      }
    } ],
    "propertiesMetadata" : {
      "metadata" : { }
    },
    "parametersMetadata" : {
      "metadata" : { }
    },
    "hooks" : [ ]
  }, {
    "majorSchemaVersion" : 3,
    "name" : "myfranchise-app-deployer",
    "type" : "com.sap.application.content",
    "path" : "myfranchise-app-deployer",
    "properties" : { },
    "parameters" : {
      "default-url" : "https://sa-build-platform-org-dev-myfranchise-app-deployer.cfapps.us10.hana.ondemand.com",
      "default-app-name" : "myfranchise-app-deployer",
      "generated-password" : "********",
      "default-live-url" : "https://sa-build-platform-org-dev-myfranchise-app-deployer.cfapps.us10.hana.ondemand.com",
      "default-uri" : "sa-build-platform-org-dev-myfranchise-app-deployer.cfapps.us10.hana.ondemand.com",
      "default-instances" : 1,
      "default-live-host" : "sa-build-platform-org-dev-myfranchise-app-deployer",
      "instances" : 1,
      "default-host" : "sa-build-platform-org-dev-myfranchise-app-deployer",
      "app-name" : "myfranchise-app-deployer",
      "default-live-uri" : "sa-build-platform-org-dev-myfranchise-app-deployer.cfapps.us10.hana.ondemand.com",
      "protocol" : "https",
      "default-live-app-name" : "myfranchise-app-deployer",
      "default-live-domain" : "cfapps.us10.hana.ondemand.com",
      "domain" : "cfapps.us10.hana.ondemand.com",
      "host" : "sa-build-platform-org-dev-myfranchise-app-deployer",
      "generated-user" : "********"
    },
    "requiredDependencies" : [ {
      "majorSchemaVersion" : 3,
      "name" : "srv-api",
      "properties" : { },
      "parameters" : { },
      "propertiesMetadata" : {
        "metadata" : { }
      },
      "parametersMetadata" : {
        "metadata" : { }
      }
    }, {
      "majorSchemaVersion" : 3,
      "name" : "myfranchise-html5-repo-host",
      "properties" : { },
      "parameters" : {
        "config" : {
          "HTML5Runtime_enabled" : true
        },
        "content-target" : true
      },
      "propertiesMetadata" : {
        "metadata" : { }
      },
      "parametersMetadata" : {
        "metadata" : { }
      }
    } ],
    "providedDependencies" : [ {
      "majorSchemaVersion" : 3,
      "name" : "myfranchise-app-deployer",
      "isPublic" : false,
      "properties" : { },
      "parameters" : { },
      "propertiesMetadata" : {
        "metadata" : { }
      },
      "parametersMetadata" : {
        "metadata" : { }
      }
    } ],
    "propertiesMetadata" : {
      "metadata" : { }
    },
    "parametersMetadata" : {
      "metadata" : { }
    },
    "hooks" : [ ]
  }, {
    "majorSchemaVersion" : 3,
    "name" : "myfranchise-workzone-deployer",
    "type" : "com.sap.application.content",
    "path" : ".",
    "properties" : { },
    "parameters" : {
      "default-url" : "https://sa-build-platform-org-dev-myfranchise-workzone-deployer.cfapps.us10.hana.ondemand.com",
      "default-app-name" : "myfranchise-workzone-deployer",
      "generated-password" : "********",
      "default-live-url" : "https://sa-build-platform-org-dev-myfranchise-workzone-deployer.cfapps.us10.hana.ondemand.com",
      "default-uri" : "sa-build-platform-org-dev-myfranchise-workzone-deployer.cfapps.us10.hana.ondemand.com",
      "default-instances" : 1,
      "default-live-host" : "sa-build-platform-org-dev-myfranchise-workzone-deployer",
      "instances" : 1,
      "default-host" : "sa-build-platform-org-dev-myfranchise-workzone-deployer",
      "content" : {
        "instance" : {
          "destinations" : [ {
            "Name" : "myfranchise-html5-repository",
            "ServiceInstanceName" : "myfranchise-html5-repo-host",
            "ServiceKeyName" : "********",
            "sap.cloud.service" : "myfranchise.service"
          }, {
            "Authentication" : "********",
            "Name" : "********",
            "ServiceInstanceName" : "********",
            "ServiceKeyName" : "********",
            "sap.cloud.service" : "myfranchise.service"
          } ],
          "existing_destinations_policy" : "update"
        }
      },
      "app-name" : "myfranchise-workzone-deployer",
      "default-live-uri" : "sa-build-platform-org-dev-myfranchise-workzone-deployer.cfapps.us10.hana.ondemand.com",
      "protocol" : "https",
      "default-live-app-name" : "myfranchise-workzone-deployer",
      "default-live-domain" : "cfapps.us10.hana.ondemand.com",
      "domain" : "cfapps.us10.hana.ondemand.com",
      "host" : "sa-build-platform-org-dev-myfranchise-workzone-deployer",
      "generated-user" : "********"
    },
    "requiredDependencies" : [ {
      "majorSchemaVersion" : 3,
      "name" : "myfranchise-workzone",
      "properties" : { },
      "parameters" : {
        "content-target" : true,
        "service-key" : "********"
      },
      "propertiesMetadata" : {
        "metadata" : { }
      },
      "parametersMetadata" : {
        "metadata" : { }
      }
    }, {
      "majorSchemaVersion" : 3,
      "name" : "myfranchise-html5-repo-host",
      "properties" : { },
      "parameters" : {
        "service-key" : "********"
      },
      "propertiesMetadata" : {
        "metadata" : { }
      },
      "parametersMetadata" : {
        "metadata" : { }
      }
    }, {
      "majorSchemaVersion" : 3,
      "name" : "********",
      "properties" : { },
      "parameters" : {
        "service-key" : "********"
      },
      "propertiesMetadata" : {
        "metadata" : { }
      },
      "parametersMetadata" : {
        "metadata" : { }
      }
    } ],
    "providedDependencies" : [ {
      "majorSchemaVersion" : 3,
      "name" : "myfranchise-workzone-deployer",
      "isPublic" : false,
      "properties" : { },
      "parameters" : { },
      "propertiesMetadata" : {
        "metadata" : { }
      },
      "parametersMetadata" : {
        "metadata" : { }
      }
    } ],
    "propertiesMetadata" : {
      "metadata" : { }
    },
    "parametersMetadata" : {
      "metadata" : { }
    },
    "hooks" : [ ]
  } ],
  "resources" : [ {
    "majorSchemaVersion" : 3,
    "name" : "myfranchise-db",
    "type" : "com.sap.xs.hdi-container",
    "properties" : {
      "hdi-service-name" : "myfranchise-db"
    },
    "parameters" : {
      "generated-password" : "********",
      "service-name" : "myfranchise-db",
      "service-plan" : "hdi-shared",
      "service" : "hana",
      "generated-user" : "********",
      "default-xsappname" : "myfranchise-db",
      "type" : "managed-service",
      "default-service-name" : "myfranchise-db",
      "default-container-name" : "SA_BUILD_PLATFORM_ORG_DEV_MYFRANCHISE_DB"
    },
    "isActive" : true,
    "isOptional" : false,
    "propertiesMetadata" : {
      "metadata" : { }
    },
    "parametersMetadata" : {
      "metadata" : { }
    },
    "requiredDependencies" : [ ],
    "processedAfter" : [ ]
  }, {
    "majorSchemaVersion" : 3,
    "name" : "********",
    "type" : "org.cloudfoundry.managed-service",
    "properties" : { },
    "parameters" : {
      "generated-password" : "********",
      "path" : "./xs-security.json",
      "service-name" : "********",
      "service-plan" : "application",
      "service" : "xsuaa",
      "generated-user" : "********",
      "default-xsappname" : "********",
      "type" : "managed-service",
      "config" : {
        "tenant-mode" : "dedicated",
        "xsappname" : "myfranchise-sa-build-platform-org-DEV"
      },
      "default-service-name" : "********",
      "default-container-name" : "********"
    },
    "isActive" : true,
    "isOptional" : false,
    "propertiesMetadata" : {
      "metadata" : { }
    },
    "parametersMetadata" : {
      "metadata" : { }
    },
    "requiredDependencies" : [ ],
    "processedAfter" : [ ]
  }, {
    "majorSchemaVersion" : 3,
    "name" : "myfranchise-destination",
    "type" : "org.cloudfoundry.managed-service",
    "properties" : { },
    "parameters" : {
      "generated-password" : "********",
      "service-name" : "myfranchise-destination",
      "service-plan" : "lite",
      "service" : "destination",
      "generated-user" : "********",
      "default-xsappname" : "myfranchise-destination",
      "type" : "managed-service",
      "default-service-name" : "myfranchise-destination",
      "default-container-name" : "SA_BUILD_PLATFORM_ORG_DEV_MYFRANCHISE_DESTINATION"
    },
    "isActive" : true,
    "isOptional" : false,
    "propertiesMetadata" : {
      "metadata" : { }
    },
    "parametersMetadata" : {
      "metadata" : { }
    },
    "requiredDependencies" : [ {
      "majorSchemaVersion" : 3,
      "name" : "srv-api",
      "properties" : { },
      "parameters" : { },
      "propertiesMetadata" : {
        "metadata" : { }
      },
      "parametersMetadata" : {
        "metadata" : { }
      }
    } ],
    "processedAfter" : [ ]
  }, {
    "majorSchemaVersion" : 3,
    "name" : "myfranchise-html5-repo-host",
    "type" : "org.cloudfoundry.managed-service",
    "properties" : { },
    "parameters" : {
      "generated-password" : "********",
      "service-name" : "myfranchise-html5-repo-host",
      "service-plan" : "app-host",
      "service" : "html5-apps-repo",
      "generated-user" : "********",
      "default-xsappname" : "myfranchise-html5-repo-host",
      "type" : "managed-service",
      "default-service-name" : "myfranchise-html5-repo-host",
      "default-container-name" : "SA_BUILD_PLATFORM_ORG_DEV_MYFRANCHISE_HTML5_REPO_HOST"
    },
    "isActive" : true,
    "isOptional" : false,
    "propertiesMetadata" : {
      "metadata" : { }
    },
    "parametersMetadata" : {
      "metadata" : { }
    },
    "requiredDependencies" : [ ],
    "processedAfter" : [ ]
  }, {
    "majorSchemaVersion" : 3,
    "name" : "myfranchise-aicore",
    "type" : "org.cloudfoundry.existing-service",
    "properties" : { },
    "parameters" : {
      "generated-password" : "********",
      "service-name" : "default_aicore",
      "generated-user" : "********",
      "default-xsappname" : "myfranchise-aicore",
      "type" : "existing-service",
      "default-service-name" : "myfranchise-aicore",
      "default-container-name" : "SA_BUILD_PLATFORM_ORG_DEV_MYFRANCHISE_AICORE"
    },
    "isActive" : true,
    "isOptional" : false,
    "propertiesMetadata" : {
      "metadata" : { }
    },
    "parametersMetadata" : {
      "metadata" : { }
    },
    "requiredDependencies" : [ ],
    "processedAfter" : [ ]
  }, {
    "majorSchemaVersion" : 3,
    "name" : "myfranchise-workzone",
    "type" : "org.cloudfoundry.managed-service",
    "properties" : { },
    "parameters" : {
      "generated-password" : "********",
      "service-name" : "myfranchise-workzone",
      "service-plan" : "foundation",
      "service" : "build-workzone-standard",
      "generated-user" : "********",
      "default-xsappname" : "myfranchise-workzone",
      "type" : "managed-service",
      "default-service-name" : "myfranchise-workzone",
      "default-container-name" : "SA_BUILD_PLATFORM_ORG_DEV_MYFRANCHISE_WORKZONE"
    },
    "isActive" : true,
    "isOptional" : false,
    "propertiesMetadata" : {
      "metadata" : { }
    },
    "parametersMetadata" : {
      "metadata" : { }
    },
    "requiredDependencies" : [ ],
    "processedAfter" : [ ]
  } ],
  "parameters" : {
    "deploy_mode" : "html5-repo",
    "mta-id" : "myfranchise",
    "authorization-url" : "********",
    "org-guid" : "14e98944-6589-4d62-8570-239acf2bf85f",
    "org" : "sa-build-platform-org",
    "deploy-target" : "sa-build-platform-org DEV",
    "enable-parallel-deployments" : true,
    "region-primary-domain" : "us10.hana.ondemand.com",
    "space" : "DEV",
    "region-domain" : "us10.hana.ondemand.com",
    "xs-api-url" : "https://api.cf.us10.hana.ondemand.com",
    "deploy-url" : "deploy-service.cfapps.us10.hana.ondemand.com",
    "xs-type" : "CF",
    "default-domain" : "cfapps.us10.hana.ondemand.com",
    "mta-version" : "1.0.0",
    "xs-auth-url" : "********",
    "space-guid" : "87beb70a-51f1-4835-b470-a7ccd9062962",
    "user" : "********",
    "controller-url" : "https://api.cf.us10.hana.ondemand.com",
    "timestamp" : "20260730024912"
  },
  "parametersMetadata" : {
    "metadata" : { }
  }
}#
#2026 07 30 02:49:26.201#Z#DEBUG#3ed74488-8bc1-11f1-85f0-eeee0a91cfe7.OPERATION#flowable-async-job-executor-thread-31535#
[ProcessDescriptorStep] Merged descriptor properties and parameters resolved#
#2026 07 30 02:49:26.201#Z#DEBUG#3ed74488-8bc1-11f1-85f0-eeee0a91cfe7.OPERATION#flowable-async-job-executor-thread-31535#
Step "Re-Process Descriptor Step" finished#
#2026 07 30 02:49:26.242#Z#DEBUG#3ed74488-8bc1-11f1-85f0-eeee0a91cfe7.OPERATION#flowable-async-job-executor-thread-31536#
[BuildApplicationDeployModelStep] Executing task "buildApplicationDeployModelTask" of process "46ec0db9-8bc1-11f1-949f-eeee0a998610"...#
#2026 07 30 02:49:26.246#Z#DEBUG#3ed74488-8bc1-11f1-85f0-eeee0a91cfe7.OPERATION#flowable-async-job-executor-thread-31536#
[BuildApplicationDeployModelStep] Building cloud deployment model for application "myfranchise-srv"...#
#2026 07 30 02:49:26.254#Z#DEBUG#3ed74488-8bc1-11f1-85f0-eeee0a91cfe7.OPERATION#flowable-async-job-executor-thread-31536#
[BuildApplicationDeployModelStep] No health-check-type is specified. Setting default type: port#
#2026 07 30 02:49:26.255#Z#INFO#3ed74488-8bc1-11f1-85f0-eeee0a91cfe7.OPERATION#flowable-async-job-executor-thread-31536#
[BuildApplicationDeployModelStep] Building configuration entries for org sa-build-platform-org, space DEV, spaceId 87beb70a-51f1-4835-b470-a7ccd9062962 and namespace null!#
#2026 07 30 02:49:26.256#Z#DEBUG#3ed74488-8bc1-11f1-85f0-eeee0a91cfe7.OPERATION#flowable-async-job-executor-thread-31536#
[BuildApplicationDeployModelStep] Configuration entries to publish: [ ]#
#2026 07 30 02:49:26.256#Z#DEBUG#3ed74488-8bc1-11f1-85f0-eeee0a91cfe7.OPERATION#flowable-async-job-executor-thread-31536#
[BuildApplicationDeployModelStep] Cloud deployment model for application built#
#2026 07 30 02:49:26.256#Z#DEBUG#3ed74488-8bc1-11f1-85f0-eeee0a91cfe7.OPERATION#flowable-async-job-executor-thread-31536#
Step "Build Application Deploy Model" finished#
#2026 07 30 02:49:26.426#Z#DEBUG#3ed74488-8bc1-11f1-85f0-eeee0a91cfe7.OPERATION#flowable-async-job-executor-thread-27490#
[BuildContentDeploymentConfigurationStep] Executing task "buildContentDeploymentConfigurationTask" of process "471c93fc-8bc1-11f1-a9c8-eeee0a9b2538"...#
#2026 07 30 02:49:26.435#Z#DEBUG#3ed74488-8bc1-11f1-85f0-eeee0a91cfe7.OPERATION#flowable-async-job-executor-thread-27490#
[BuildContentDeploymentConfigurationStep] Getting service key "myfranchise-app-deployer-myfranchise-html5-repo-host-credentials" for service instance "myfranchise-html5-repo-host"...#
#2026 07 30 02:49:26.647#Z#INFO#3ed74488-8bc1-11f1-85f0-eeee0a91cfe7.OPERATION#flowable-async-job-executor-thread-27490#
[BuildContentDeploymentConfigurationStep] Service key "myfranchise-app-deployer-myfranchise-html5-repo-host-credentials" for service "myfranchise-html5-repo-host" already exists#
#2026 07 30 02:49:26.654#Z#DEBUG#3ed74488-8bc1-11f1-85f0-eeee0a91cfe7.OPERATION#flowable-async-job-executor-thread-27490#
Step "Build Content Deployment Configuration" finished#
#2026 07 30 02:49:26.307#Z#DEBUG#3ed74488-8bc1-11f1-85f0-eeee0a91cfe7.OPERATION#flowable-async-job-executor-thread-31537#
[CreateOrUpdateAppStep] Executing task "createAppTask" of process "46ec0db9-8bc1-11f1-949f-eeee0a998610"...#
#2026 07 30 02:49:26.310#Z#DEBUG#3ed74488-8bc1-11f1-85f0-eeee0a91cfe7.OPERATION#flowable-async-job-executor-thread-31537#
[CreateOrUpdateAppStep] Getting application "myfranchise-srv"...#
#2026 07 30 02:49:26.352#Z#INFO#3ed74488-8bc1-11f1-85f0-eeee0a91cfe7.OPERATION#flowable-async-job-executor-thread-31537#
[CreateOrUpdateAppStep] Updating application "myfranchise-srv"...#
#2026 07 30 02:49:26.361#Z#DEBUG#3ed74488-8bc1-11f1-85f0-eeee0a91cfe7.OPERATION#flowable-async-job-executor-thread-31537#
[CreateOrUpdateAppStep] Getting process for application "f3901205-c849-4715-a90c-c13290448bb6"...#
#2026 07 30 02:49:26.398#Z#DEBUG#3ed74488-8bc1-11f1-85f0-eeee0a91cfe7.OPERATION#flowable-async-job-executor-thread-31537#
[CreateOrUpdateAppStep] Getting routes for application "f3901205-c849-4715-a90c-c13290448bb6"...#
#2026 07 30 02:49:26.440#Z#DEBUG#3ed74488-8bc1-11f1-85f0-eeee0a91cfe7.OPERATION#flowable-async-job-executor-thread-31537#
[CreateOrUpdateAppStep] Getting features for application "f3901205-c849-4715-a90c-c13290448bb6"#
#2026 07 30 02:49:26.466#Z#DEBUG#3ed74488-8bc1-11f1-85f0-eeee0a91cfe7.OPERATION#flowable-async-job-executor-thread-31537#
[CreateOrUpdateAppStep] Updating staging of application "myfranchise-srv" to: {
  "buildpacks" : [ "nodejs_buildpack" ],
  "healthCheckType" : "port",
  "appFeatures" : { }
}#
#2026 07 30 02:49:26.757#Z#DEBUG#3ed74488-8bc1-11f1-85f0-eeee0a91cfe7.OPERATION#flowable-async-job-executor-thread-31537#
[CreateOrUpdateAppStep] Application "myfranchise-srv" updated#
#2026 07 30 02:49:26.757#Z#DEBUG#3ed74488-8bc1-11f1-85f0-eeee0a91cfe7.OPERATION#flowable-async-job-executor-thread-31537#
[CreateOrUpdateAppStep] Getting environment of application "f3901205-c849-4715-a90c-c13290448bb6"...#
#2026 07 30 02:49:26.840#Z#DEBUG#3ed74488-8bc1-11f1-85f0-eeee0a91cfe7.OPERATION#flowable-async-job-executor-thread-31537#
[CreateOrUpdateAppStep] Application "myfranchise-srv" updated#
#2026 07 30 02:49:26.840#Z#DEBUG#3ed74488-8bc1-11f1-85f0-eeee0a91cfe7.OPERATION#flowable-async-job-executor-thread-31537#
Step "Create App" finished#
#2026 07 30 02:49:26.661#Z#DEBUG#3ed74488-8bc1-11f1-85f0-eeee0a91cfe7.OPERATION#flowable-async-job-executor-thread-27490#
[CreateContentDeployClientConfigurationStep] Executing task "createContentDeployClientConfigurationTask" of process "47502632-8bc1-11f1-a9c8-eeee0a9b2538"...#
#2026 07 30 02:49:26.662#Z#DEBUG#3ed74488-8bc1-11f1-85f0-eeee0a91cfe7.OPERATION#flowable-async-job-executor-thread-27490#
[CreateContentDeployClientConfigurationStep] Content deployer client configuration: {
  "contentDeployerUrl" : "https://html5-apps-repo-dt.cfapps.us10.hana.ondemand.com",
  "uaaClientConfiguration" : {
    "url" : "********",
    "credentials" : "********",
    "authenticationStrategyType" : "********"
  },
  "httpRequestHeaders" : {
    "X-CorrelationID" : "3ed74488-8bc1-11f1-85f0-eeee0a91cfe7"
  },
  "spaceId" : "87beb70a-51f1-4835-b470-a7ccd9062962",
  "serviceName" : "myfranchise-html5-repo-host"
}#
#2026 07 30 02:49:26.867#Z#DEBUG#3ed74488-8bc1-11f1-85f0-eeee0a91cfe7.OPERATION#flowable-async-job-executor-thread-27490#
Step "Create Content Deploy Client Configuration" finished#
#2026 07 30 02:49:26.869#Z#DEBUG#3ed74488-8bc1-11f1-85f0-eeee0a91cfe7.OPERATION#flowable-async-job-executor-thread-27490#
[GetContentFromDeploymentDescriptorStep] Executing task "getContentFromDeploymentDescriptorTask" of process "47502632-8bc1-11f1-a9c8-eeee0a9b2538"...#
#2026 07 30 02:49:26.869#Z#DEBUG#3ed74488-8bc1-11f1-85f0-eeee0a91cfe7.OPERATION#flowable-async-job-executor-thread-27490#
Step "Get Content From Deployment Descriptor" finished#
#2026 07 30 02:49:26.965#Z#DEBUG#3ed74488-8bc1-11f1-85f0-eeee0a91cfe7.OPERATION#flowable-async-job-executor-thread-31542#
[CheckServiceBindingOperationStep] Executing task "checkForServiceBindingOperationInProgress" of process "4777100b-8bc1-11f1-949f-eeee0a998610"...#
#2026 07 30 02:49:26.965#Z#DEBUG#3ed74488-8bc1-11f1-85f0-eeee0a91cfe7.OPERATION#flowable-async-job-executor-thread-31542#
[CheckServiceBindingOperationStep] Checking for service binding operation in progress between app "myfranchise-srv" and service instance "myfranchise-db"#
#2026 07 30 02:49:26.967#Z#DEBUG#3ed74488-8bc1-11f1-85f0-eeee0a91cfe7.OPERATION#flowable-async-job-executor-thread-31542#
[CheckServiceBindingOperationStep] Getting application guid "myfranchise-srv"...#
#2026 07 30 02:49:27.012#Z#DEBUG#3ed74488-8bc1-11f1-85f0-eeee0a91cfe7.OPERATION#flowable-async-job-executor-thread-31542#
[CheckServiceBindingOperationStep] Getting GUID of required service instance "myfranchise-db"...#
#2026 07 30 02:49:27.048#Z#DEBUG#3ed74488-8bc1-11f1-85f0-eeee0a91cfe7.OPERATION#flowable-async-job-executor-thread-31542#
[CheckServiceBindingOperationStep] Getting binding of service instance "024d0c52-364c-4890-a192-720331319322" with application "f3901205-c849-4715-a90c-c13290448bb6"...#
#2026 07 30 02:49:27.087#Z#DEBUG#3ed74488-8bc1-11f1-85f0-eeee0a91cfe7.OPERATION#flowable-async-job-executor-thread-31542#
[CheckServiceBindingOperationStep] Service binding operation "207ade82-8bae-4f89-989a-fbe9fabc913b" with type "create" is in state "succeeded"#
#2026 07 30 02:49:27.087#Z#DEBUG#3ed74488-8bc1-11f1-85f0-eeee0a91cfe7.OPERATION#flowable-async-job-executor-thread-31542#
Step "Check For Service Binding Operation In Progress" finished#
#2026 07 30 02:49:25.784#Z#DEBUG#3ed74488-8bc1-11f1-85f0-eeee0a91cfe7.OPERATION#flowable-async-job-executor-thread-62794#
[BuildContentDeploymentConfigurationStep] Executing task "buildContentDeploymentConfigurationTask" of process "46c0b862-8bc1-11f1-85f0-eeee0a91cfe7"...#
#2026 07 30 02:49:25.790#Z#DEBUG#3ed74488-8bc1-11f1-85f0-eeee0a91cfe7.OPERATION#ForkJoinPool-116-worker-1#
[BuildContentDeploymentConfigurationStep] Getting service key "myfranchise-workzone-key" for service instance "myfranchise-workzone"...#
#2026 07 30 02:49:25.791#Z#DEBUG#3ed74488-8bc1-11f1-85f0-eeee0a91cfe7.OPERATION#ForkJoinPool-116-worker-2#
[BuildContentDeploymentConfigurationStep] Getting service key "myfranchise-html5-repo-host-key" for service instance "myfranchise-html5-repo-host"...#
#2026 07 30 02:49:25.791#Z#DEBUG#3ed74488-8bc1-11f1-85f0-eeee0a91cfe7.OPERATION#ForkJoinPool-116-worker-3#
[BuildContentDeploymentConfigurationStep] Getting service key "myfranchise-auth-key" for service instance "myfranchise-auth"...#
#2026 07 30 02:49:25.937#Z#INFO#3ed74488-8bc1-11f1-85f0-eeee0a91cfe7.OPERATION#ForkJoinPool-116-worker-2#
[BuildContentDeploymentConfigurationStep] Creating service key "myfranchise-html5-repo-host-key" for service instance "myfranchise-html5-repo-host"...#
#2026 07 30 02:49:25.943#Z#DEBUG#3ed74488-8bc1-11f1-85f0-eeee0a91cfe7.OPERATION#ForkJoinPool-116-worker-2#
[BuildContentDeploymentConfigurationStep] Creating service key "myfranchise-html5-repo-host-key" for service instance "myfranchise-html5-repo-host" with parameters: { }#
#2026 07 30 02:49:25.972#Z#INFO#3ed74488-8bc1-11f1-85f0-eeee0a91cfe7.OPERATION#ForkJoinPool-116-worker-3#
[BuildContentDeploymentConfigurationStep] Creating service key "myfranchise-auth-key" for service instance "myfranchise-auth"...#
#2026 07 30 02:49:25.977#Z#DEBUG#3ed74488-8bc1-11f1-85f0-eeee0a91cfe7.OPERATION#ForkJoinPool-116-worker-3#
[BuildContentDeploymentConfigurationStep] Creating service key "myfranchise-auth-key" for service instance "myfranchise-auth" with parameters: { }#
#2026 07 30 02:49:25.987#Z#INFO#3ed74488-8bc1-11f1-85f0-eeee0a91cfe7.OPERATION#ForkJoinPool-116-worker-1#
[BuildContentDeploymentConfigurationStep] Service key "myfranchise-workzone-key" for service "myfranchise-workzone" already exists#
#2026 07 30 02:49:27.330#Z#DEBUG#3ed74488-8bc1-11f1-85f0-eeee0a91cfe7.OPERATION#ForkJoinPool-116-worker-2#
[BuildContentDeploymentConfigurationStep] Service key "myfranchise-html5-repo-host-key" created#
#2026 07 30 02:49:27.334#Z#DEBUG#3ed74488-8bc1-11f1-85f0-eeee0a91cfe7.OPERATION#ForkJoinPool-116-worker-3#
[BuildContentDeploymentConfigurationStep] Service key "myfranchise-auth-key" created#
#2026 07 30 02:49:27.335#Z#DEBUG#3ed74488-8bc1-11f1-85f0-eeee0a91cfe7.OPERATION#flowable-async-job-executor-thread-62794#
Step "Build Content Deployment Configuration" finished#
#2026 07 30 02:49:27.123#Z#DEBUG#3ed74488-8bc1-11f1-85f0-eeee0a91cfe7.OPERATION#flowable-async-job-executor-thread-31543#
[DetermineApplicationServiceBindingActionsStep] Executing task "determineApplicationServiceBindingActionsTask" of process "4777100b-8bc1-11f1-949f-eeee0a998610"...#
#2026 07 30 02:49:27.125#Z#DEBUG#3ed74488-8bc1-11f1-85f0-eeee0a91cfe7.OPERATION#flowable-async-job-executor-thread-31543#
[DetermineApplicationServiceBindingActionsStep] Determine bind/unbind operations of application "myfranchise-srv" to service instance "myfranchise-db"#
#2026 07 30 02:49:27.125#Z#DEBUG#3ed74488-8bc1-11f1-85f0-eeee0a91cfe7.OPERATION#flowable-async-job-executor-thread-31543#
[DetermineApplicationServiceBindingActionsStep] Getting application "myfranchise-srv"...#
#2026 07 30 02:49:27.165#Z#DEBUG#3ed74488-8bc1-11f1-85f0-eeee0a91cfe7.OPERATION#flowable-async-job-executor-thread-31543#
[DetermineApplicationServiceBindingActionsStep] Binding parameters for application "myfranchise-srv": { }#
#2026 07 30 02:49:27.222#Z#DEBUG#3ed74488-8bc1-11f1-85f0-eeee0a91cfe7.OPERATION#flowable-async-job-executor-thread-31543#
[DetermineApplicationServiceBindingActionsStep] Check should rebind application "myfranchise-srv" and service instance "myfranchise-db"#
#2026 07 30 02:49:27.222#Z#DEBUG#3ed74488-8bc1-11f1-85f0-eeee0a91cfe7.OPERATION#flowable-async-job-executor-thread-31543#
[DetermineApplicationServiceBindingActionsStep] Getting GUID of required service instance "myfranchise-db"...#
#2026 07 30 02:49:27.258#Z#DEBUG#3ed74488-8bc1-11f1-85f0-eeee0a91cfe7.OPERATION#flowable-async-job-executor-thread-31543#
[DetermineApplicationServiceBindingActionsStep] Getting binding of service instance "024d0c52-364c-4890-a192-720331319322" with application "f3901205-c849-4715-a90c-c13290448bb6"...#
#2026 07 30 02:49:27.292#Z#DEBUG#3ed74488-8bc1-11f1-85f0-eeee0a91cfe7.OPERATION#flowable-async-job-executor-thread-31543#
[DetermineApplicationServiceBindingActionsStep] Getting parameters of service binding "207ade82-8bae-4f89-989a-fbe9fabc913b"...#
#2026 07 30 02:49:27.497#Z#INFO#3ed74488-8bc1-11f1-85f0-eeee0a91cfe7.OPERATION#flowable-async-job-executor-thread-31543#
[DetermineApplicationServiceBindingActionsStep] Service instance "myfranchise-db" will not be rebound to application "myfranchise-srv" because the binding parameters are not modified#
#2026 07 30 02:49:27.503#Z#DEBUG#3ed74488-8bc1-11f1-85f0-eeee0a91cfe7.OPERATION#flowable-async-job-executor-thread-31543#
[DetermineApplicationServiceBindingActionsStep] Calculated binding operations between application "myfranchise-srv" and service instance "myfranchise-db": unbind - false bind - false#
#2026 07 30 02:49:27.503#Z#DEBUG#3ed74488-8bc1-11f1-85f0-eeee0a91cfe7.OPERATION#flowable-async-job-executor-thread-31543#
Step "Determine Application Service Binding Actions" finished#
#2026 07 30 02:49:27.338#Z#DEBUG#3ed74488-8bc1-11f1-85f0-eeee0a91cfe7.OPERATION#flowable-async-job-executor-thread-62794#
[CreateContentDeployClientConfigurationStep] Executing task "createContentDeployClientConfigurationTask" of process "47b7c1ba-8bc1-11f1-85f0-eeee0a91cfe7"...#
#2026 07 30 02:49:27.339#Z#DEBUG#3ed74488-8bc1-11f1-85f0-eeee0a91cfe7.OPERATION#flowable-async-job-executor-thread-62794#
[CreateContentDeployClientConfigurationStep] Content deployer client configuration: {
  "contentDeployerUrl" : "https://portal-service.cfapps.us10.hana.ondemand.com/dts/gacd",
  "uaaClientConfiguration" : {
    "url" : "********",
    "credentials" : "********",
    "authenticationStrategyType" : "********"
  },
  "httpRequestHeaders" : {
    "X-CorrelationID" : "3ed74488-8bc1-11f1-85f0-eeee0a91cfe7"
  },
  "spaceId" : "87beb70a-51f1-4835-b470-a7ccd9062962",
  "serviceName" : "myfranchise-workzone"
}#
#2026 07 30 02:49:27.506#Z#DEBUG#3ed74488-8bc1-11f1-85f0-eeee0a91cfe7.OPERATION#flowable-async-job-executor-thread-62794#
Step "Create Content Deploy Client Configuration" finished#
#2026 07 30 02:49:27.507#Z#DEBUG#3ed74488-8bc1-11f1-85f0-eeee0a91cfe7.OPERATION#flowable-async-job-executor-thread-62794#
[GetContentFromDeploymentDescriptorStep] Executing task "getContentFromDeploymentDescriptorTask" of process "47b7c1ba-8bc1-11f1-85f0-eeee0a91cfe7"...#
#2026 07 30 02:49:27.507#Z#DEBUG#3ed74488-8bc1-11f1-85f0-eeee0a91cfe7.OPERATION#flowable-async-job-executor-thread-62794#
[GetContentFromDeploymentDescriptorStep] Content for module: "myfranchise-workzone-deployer" is: "{
  "id" : "93d23835-ceba-4487-adfd-87452cb45d71",
  "contentType" : "EMBEDDED",
  "content" : {
    "instance" : {
      "destinations" : [ {
        "Name" : "myfranchise-html5-repository",
        "ServiceInstanceName" : "myfranchise-html5-repo-host",
        "ServiceKeyName" : "********",
        "sap.cloud.service" : "myfranchise.service"
      }, {
        "Authentication" : "********",
        "Name" : "********",
        "ServiceInstanceName" : "********",
        "ServiceKeyName" : "********",
        "sap.cloud.service" : "myfranchise.service"
      } ],
      "existing_destinations_policy" : "update"
    }
  }
}"#
#2026 07 30 02:49:27.507#Z#DEBUG#3ed74488-8bc1-11f1-85f0-eeee0a91cfe7.OPERATION#flowable-async-job-executor-thread-62794#
Step "Get Content From Deployment Descriptor" finished#
#2026 07 30 02:49:26.873#Z#DEBUG#3ed74488-8bc1-11f1-85f0-eeee0a91cfe7.OPERATION#flowable-async-job-executor-thread-27490#
[UploadContentStep] Executing task "uploadContentTask" of process "47502632-8bc1-11f1-a9c8-eeee0a9b2538"...#
#2026 07 30 02:49:26.873#Z#INFO#3ed74488-8bc1-11f1-85f0-eeee0a91cfe7.OPERATION#flowable-async-job-executor-thread-27490#
[UploadContentStep] Uploading content module "myfranchise-app-deployer" in target service "myfranchise-html5-repo-host"...#
#2026 07 30 02:49:26.879#Z#DEBUG#3ed74488-8bc1-11f1-85f0-eeee0a91cfe7.OPERATION#flowable-async-job-executor-thread-27490#
[UploadContentStep] Uploading file "myfranchise-app-deployer/resources/data.zip" for content module "myfranchise-app-deployer" in service "myfranchise-html5-repo-host"#
#2026 07 30 02:49:27.109#Z#INFO#3ed74488-8bc1-11f1-85f0-eeee0a91cfe7.OPERATION#flowable-async-job-executor-thread-27490#
[UploadContentStep] Content to deploy size: 24,862 in bytes#
#2026 07 30 02:49:28.067#Z#DEBUG#3ed74488-8bc1-11f1-85f0-eeee0a91cfe7.OPERATION#flowable-async-job-executor-thread-27490#
[UploadContentStep] Uploaded content: {
  "id" : "bf0e92af-7e21-4c96-9bfa-8ef448a2c831",
  "name" : "content.zip",
  "contentType" : "FILE"
}#
#2026 07 30 02:49:28.068#Z#DEBUG#3ed74488-8bc1-11f1-85f0-eeee0a91cfe7.OPERATION#flowable-async-job-executor-thread-27490#
Step "Upload Content" finished#
#2026 07 30 02:49:28.071#Z#DEBUG#3ed74488-8bc1-11f1-85f0-eeee0a91cfe7.OPERATION#flowable-async-job-executor-thread-27490#
[StartContentDeployStep] Executing task "startContentDeployTask" of process "47502632-8bc1-11f1-a9c8-eeee0a9b2538"...#
#2026 07 30 02:49:28.071#Z#INFO#3ed74488-8bc1-11f1-85f0-eeee0a91cfe7.OPERATION#flowable-async-job-executor-thread-27490#
[StartContentDeployStep] Deploying content module "myfranchise-app-deployer" in target service "myfranchise-html5-repo-host"...#
#2026 07 30 02:49:28.254#Z#DEBUG#3ed74488-8bc1-11f1-85f0-eeee0a91cfe7.OPERATION#flowable-async-job-executor-thread-27490#
Step "Start Content Deploy" finished#
#2026 07 30 02:49:28.749#Z#DEBUG#3ed74488-8bc1-11f1-85f0-eeee0a91cfe7.OPERATION#flowable-async-job-executor-thread-62798#
[CheckServiceBindingOperationStep] Executing task "checkForServiceBindingOperationInProgress" of process "488a7b39-8bc1-11f1-85f0-eeee0a91cfe7"...#
#2026 07 30 02:49:28.750#Z#DEBUG#3ed74488-8bc1-11f1-85f0-eeee0a91cfe7.OPERATION#flowable-async-job-executor-thread-62798#
[CheckServiceBindingOperationStep] Checking for service binding operation in progress between app "myfranchise-srv" and service instance "myfranchise-destination"#
#2026 07 30 02:49:28.751#Z#DEBUG#3ed74488-8bc1-11f1-85f0-eeee0a91cfe7.OPERATION#flowable-async-job-executor-thread-62798#
[CheckServiceBindingOperationStep] Getting application guid "myfranchise-srv"...#
#2026 07 30 02:49:28.782#Z#DEBUG#3ed74488-8bc1-11f1-85f0-eeee0a91cfe7.OPERATION#flowable-async-job-executor-thread-62798#
[CheckServiceBindingOperationStep] Getting GUID of required service instance "myfranchise-destination"...#
#2026 07 30 02:49:28.815#Z#DEBUG#3ed74488-8bc1-11f1-85f0-eeee0a91cfe7.OPERATION#flowable-async-job-executor-thread-62798#
[CheckServiceBindingOperationStep] Getting binding of service instance "753530f2-16d8-4ec4-bd58-fbc4988a0f56" with application "f3901205-c849-4715-a90c-c13290448bb6"...#
#2026 07 30 02:49:28.846#Z#DEBUG#3ed74488-8bc1-11f1-85f0-eeee0a91cfe7.OPERATION#flowable-async-job-executor-thread-62798#
[CheckServiceBindingOperationStep] Service binding operation "1491cc6e-075d-49d3-a4e5-5e4f0d1ec188" with type "create" is in state "succeeded"#
#2026 07 30 02:49:28.846#Z#DEBUG#3ed74488-8bc1-11f1-85f0-eeee0a91cfe7.OPERATION#flowable-async-job-executor-thread-62798#
Step "Check For Service Binding Operation In Progress" finished#
#2026 07 30 02:49:28.872#Z#DEBUG#3ed74488-8bc1-11f1-85f0-eeee0a91cfe7.OPERATION#flowable-async-job-executor-thread-62799#
[DetermineApplicationServiceBindingActionsStep] Executing task "determineApplicationServiceBindingActionsTask" of process "488a7b39-8bc1-11f1-85f0-eeee0a91cfe7"...#
#2026 07 30 02:49:28.873#Z#DEBUG#3ed74488-8bc1-11f1-85f0-eeee0a91cfe7.OPERATION#flowable-async-job-executor-thread-62799#
[DetermineApplicationServiceBindingActionsStep] Determine bind/unbind operations of application "myfranchise-srv" to service instance "myfranchise-destination"#
#2026 07 30 02:49:28.873#Z#DEBUG#3ed74488-8bc1-11f1-85f0-eeee0a91cfe7.OPERATION#flowable-async-job-executor-thread-62799#
[DetermineApplicationServiceBindingActionsStep] Getting application "myfranchise-srv"...#
#2026 07 30 02:49:28.909#Z#DEBUG#3ed74488-8bc1-11f1-85f0-eeee0a91cfe7.OPERATION#flowable-async-job-executor-thread-62799#
[DetermineApplicationServiceBindingActionsStep] Binding parameters for application "myfranchise-srv": { }#
#2026 07 30 02:49:28.947#Z#DEBUG#3ed74488-8bc1-11f1-85f0-eeee0a91cfe7.OPERATION#flowable-async-job-executor-thread-62799#
[DetermineApplicationServiceBindingActionsStep] Check should rebind application "myfranchise-srv" and service instance "myfranchise-destination"#
#2026 07 30 02:49:28.947#Z#DEBUG#3ed74488-8bc1-11f1-85f0-eeee0a91cfe7.OPERATION#flowable-async-job-executor-thread-62799#
[DetermineApplicationServiceBindingActionsStep] Getting GUID of required service instance "myfranchise-destination"...#
#2026 07 30 02:49:28.983#Z#DEBUG#3ed74488-8bc1-11f1-85f0-eeee0a91cfe7.OPERATION#flowable-async-job-executor-thread-62799#
[DetermineApplicationServiceBindingActionsStep] Getting binding of service instance "753530f2-16d8-4ec4-bd58-fbc4988a0f56" with application "f3901205-c849-4715-a90c-c13290448bb6"...#
#2026 07 30 02:49:29.019#Z#DEBUG#3ed74488-8bc1-11f1-85f0-eeee0a91cfe7.OPERATION#flowable-async-job-executor-thread-62799#
[DetermineApplicationServiceBindingActionsStep] Getting parameters of service binding "1491cc6e-075d-49d3-a4e5-5e4f0d1ec188"...#
#2026 07 30 02:49:29.052#Z#WARN#3ed74488-8bc1-11f1-85f0-eeee0a91cfe7.OPERATION#flowable-async-job-executor-thread-62799#
[DetermineApplicationServiceBindingActionsStep] Cannot retrieve parameters of binding between application "myfranchise-srv" and service instance "myfranchise-destination"#
#2026 07 30 02:49:29.054#Z#DEBUG#3ed74488-8bc1-11f1-85f0-eeee0a91cfe7.OPERATION#flowable-async-job-executor-thread-62799#
[DetermineApplicationServiceBindingActionsStep] Calculated binding operations between application "myfranchise-srv" and service instance "myfranchise-destination": unbind - true bind - true#
#2026 07 30 02:49:29.054#Z#DEBUG#3ed74488-8bc1-11f1-85f0-eeee0a91cfe7.OPERATION#flowable-async-job-executor-thread-62799#
Step "Determine Application Service Binding Actions" finished#
#2026 07 30 02:49:29.029#Z#DEBUG#3ed74488-8bc1-11f1-85f0-eeee0a91cfe7.OPERATION#flowable-async-job-executor-thread-31547#
[CheckServiceBindingOperationStep] Executing task "checkForServiceBindingOperationInProgress" of process "48b29c87-8bc1-11f1-949f-eeee0a998610"...#
#2026 07 30 02:49:29.029#Z#DEBUG#3ed74488-8bc1-11f1-85f0-eeee0a91cfe7.OPERATION#flowable-async-job-executor-thread-31547#
[CheckServiceBindingOperationStep] Checking for service binding operation in progress between app "myfranchise-srv" and service instance "myfranchise-auth"#
#2026 07 30 02:49:29.030#Z#DEBUG#3ed74488-8bc1-11f1-85f0-eeee0a91cfe7.OPERATION#flowable-async-job-executor-thread-31547#
[CheckServiceBindingOperationStep] Getting application guid "myfranchise-srv"...#
#2026 07 30 02:49:29.070#Z#DEBUG#3ed74488-8bc1-11f1-85f0-eeee0a91cfe7.OPERATION#flowable-async-job-executor-thread-31547#
[CheckServiceBindingOperationStep] Getting GUID of required service instance "myfranchise-auth"...#
#2026 07 30 02:49:29.109#Z#DEBUG#3ed74488-8bc1-11f1-85f0-eeee0a91cfe7.OPERATION#flowable-async-job-executor-thread-31547#
[CheckServiceBindingOperationStep] Getting binding of service instance "43409aaf-ce01-4f37-b880-a9e7852e4d7e" with application "f3901205-c849-4715-a90c-c13290448bb6"...#
#2026 07 30 02:49:29.146#Z#DEBUG#3ed74488-8bc1-11f1-85f0-eeee0a91cfe7.OPERATION#flowable-async-job-executor-thread-31547#
[CheckServiceBindingOperationStep] Service binding operation "d0d18d5a-fff2-4420-9b7a-67d349f36930" with type "create" is in state "succeeded"#
#2026 07 30 02:49:29.146#Z#DEBUG#3ed74488-8bc1-11f1-85f0-eeee0a91cfe7.OPERATION#flowable-async-job-executor-thread-31547#
Step "Check For Service Binding Operation In Progress" finished#
#2026 07 30 02:49:29.083#Z#DEBUG#3ed74488-8bc1-11f1-85f0-eeee0a91cfe7.OPERATION#flowable-async-job-executor-thread-62800#
[UnbindServiceFromApplicationStep] Executing task "unbindServiceFromApplicationTask" of process "488a7b39-8bc1-11f1-85f0-eeee0a91cfe7"...#
#2026 07 30 02:49:29.085#Z#INFO#3ed74488-8bc1-11f1-85f0-eeee0a91cfe7.OPERATION#flowable-async-job-executor-thread-62800#
[UnbindServiceFromApplicationStep] Unbinding service instance "myfranchise-destination" from application "myfranchise-srv"...#
#2026 07 30 02:49:29.090#Z#DEBUG#3ed74488-8bc1-11f1-85f0-eeee0a91cfe7.OPERATION#flowable-async-job-executor-thread-62800#
[UnbindServiceFromApplicationStep] Unbinding application "myfranchise-srv" from service instance "myfranchise-destination"...#
#2026 07 30 02:49:29.256#Z#DEBUG#3ed74488-8bc1-11f1-85f0-eeee0a91cfe7.OPERATION#flowable-async-job-executor-thread-62800#
Step "Unbind Service from Application" finished#
#2026 07 30 02:49:29.182#Z#DEBUG#3ed74488-8bc1-11f1-85f0-eeee0a91cfe7.OPERATION#flowable-async-job-executor-thread-31548#
[DetermineApplicationServiceBindingActionsStep] Executing task "determineApplicationServiceBindingActionsTask" of process "48b29c87-8bc1-11f1-949f-eeee0a998610"...#
#2026 07 30 02:49:29.184#Z#DEBUG#3ed74488-8bc1-11f1-85f0-eeee0a91cfe7.OPERATION#flowable-async-job-executor-thread-31548#
[DetermineApplicationServiceBindingActionsStep] Determine bind/unbind operations of application "myfranchise-srv" to service instance "myfranchise-auth"#
#2026 07 30 02:49:29.184#Z#DEBUG#3ed74488-8bc1-11f1-85f0-eeee0a91cfe7.OPERATION#flowable-async-job-executor-thread-31548#
[DetermineApplicationServiceBindingActionsStep] Getting application "myfranchise-srv"...#
#2026 07 30 02:49:29.222#Z#DEBUG#3ed74488-8bc1-11f1-85f0-eeee0a91cfe7.OPERATION#flowable-async-job-executor-thread-31548#
[DetermineApplicationServiceBindingActionsStep] Binding parameters for application "myfranchise-srv": { }#
#2026 07 30 02:49:29.256#Z#DEBUG#3ed74488-8bc1-11f1-85f0-eeee0a91cfe7.OPERATION#flowable-async-job-executor-thread-31548#
[DetermineApplicationServiceBindingActionsStep] Check should rebind application "myfranchise-srv" and service instance "myfranchise-auth"#
#2026 07 30 02:49:29.256#Z#DEBUG#3ed74488-8bc1-11f1-85f0-eeee0a91cfe7.OPERATION#flowable-async-job-executor-thread-31548#
[DetermineApplicationServiceBindingActionsStep] Getting GUID of required service instance "myfranchise-auth"...#
#2026 07 30 02:49:29.291#Z#DEBUG#3ed74488-8bc1-11f1-85f0-eeee0a91cfe7.OPERATION#flowable-async-job-executor-thread-31548#
[DetermineApplicationServiceBindingActionsStep] Getting binding of service instance "43409aaf-ce01-4f37-b880-a9e7852e4d7e" with application "f3901205-c849-4715-a90c-c13290448bb6"...#
#2026 07 30 02:49:29.324#Z#DEBUG#3ed74488-8bc1-11f1-85f0-eeee0a91cfe7.OPERATION#flowable-async-job-executor-thread-31548#
[DetermineApplicationServiceBindingActionsStep] Getting parameters of service binding "d0d18d5a-fff2-4420-9b7a-67d349f36930"...#
#2026 07 30 02:49:29.358#Z#WARN#3ed74488-8bc1-11f1-85f0-eeee0a91cfe7.OPERATION#flowable-async-job-executor-thread-31548#
[DetermineApplicationServiceBindingActionsStep] Cannot retrieve parameters of binding between application "myfranchise-srv" and service instance "myfranchise-auth"#
#2026 07 30 02:49:29.359#Z#DEBUG#3ed74488-8bc1-11f1-85f0-eeee0a91cfe7.OPERATION#flowable-async-job-executor-thread-31548#
[DetermineApplicationServiceBindingActionsStep] Calculated binding operations between application "myfranchise-srv" and service instance "myfranchise-auth": unbind - true bind - true#
#2026 07 30 02:49:29.359#Z#DEBUG#3ed74488-8bc1-11f1-85f0-eeee0a91cfe7.OPERATION#flowable-async-job-executor-thread-31548#
Step "Determine Application Service Binding Actions" finished#
#2026 07 30 02:49:29.340#Z#DEBUG#3ed74488-8bc1-11f1-85f0-eeee0a91cfe7.OPERATION#flowable-async-job-executor-thread-27492#
[CheckServiceBindingOperationStep] Executing task "checkForServiceBindingOperationInProgress" of process "48e0b17d-8bc1-11f1-a9c8-eeee0a9b2538"...#
#2026 07 30 02:49:29.340#Z#DEBUG#3ed74488-8bc1-11f1-85f0-eeee0a91cfe7.OPERATION#flowable-async-job-executor-thread-27492#
[CheckServiceBindingOperationStep] Checking for service binding operation in progress between app "myfranchise-srv" and service instance "default_aicore"#
#2026 07 30 02:49:29.342#Z#DEBUG#3ed74488-8bc1-11f1-85f0-eeee0a91cfe7.OPERATION#flowable-async-job-executor-thread-27492#
[CheckServiceBindingOperationStep] Getting application guid "myfranchise-srv"...#
#2026 07 30 02:49:29.376#Z#DEBUG#3ed74488-8bc1-11f1-85f0-eeee0a91cfe7.OPERATION#flowable-async-job-executor-thread-27492#
[CheckServiceBindingOperationStep] Getting GUID of required service instance "default_aicore"...#
#2026 07 30 02:49:29.415#Z#DEBUG#3ed74488-8bc1-11f1-85f0-eeee0a91cfe7.OPERATION#flowable-async-job-executor-thread-27492#
[CheckServiceBindingOperationStep] Getting binding of service instance "cdea00a8-9f73-4126-a0a5-4a8bae7d2986" with application "f3901205-c849-4715-a90c-c13290448bb6"...#
#2026 07 30 02:49:29.455#Z#DEBUG#3ed74488-8bc1-11f1-85f0-eeee0a91cfe7.OPERATION#flowable-async-job-executor-thread-27492#
[CheckServiceBindingOperationStep] Service binding operation "e0911469-0b6b-4115-b506-4fe6a2866f30" with type "create" is in state "succeeded"#
#2026 07 30 02:49:29.455#Z#DEBUG#3ed74488-8bc1-11f1-85f0-eeee0a91cfe7.OPERATION#flowable-async-job-executor-thread-27492#
Step "Check For Service Binding Operation In Progress" finished#
#2026 07 30 02:49:29.403#Z#DEBUG#3ed74488-8bc1-11f1-85f0-eeee0a91cfe7.OPERATION#flowable-async-job-executor-thread-31549#
[UnbindServiceFromApplicationStep] Executing task "unbindServiceFromApplicationTask" of process "48b29c87-8bc1-11f1-949f-eeee0a998610"...#
#2026 07 30 02:49:29.407#Z#INFO#3ed74488-8bc1-11f1-85f0-eeee0a91cfe7.OPERATION#flowable-async-job-executor-thread-31549#
[UnbindServiceFromApplicationStep] Unbinding service instance "myfranchise-auth" from application "myfranchise-srv"...#
#2026 07 30 02:49:29.412#Z#DEBUG#3ed74488-8bc1-11f1-85f0-eeee0a91cfe7.OPERATION#flowable-async-job-executor-thread-31549#
[UnbindServiceFromApplicationStep] Unbinding application "myfranchise-srv" from service instance "myfranchise-auth"...#
#2026 07 30 02:49:29.583#Z#DEBUG#3ed74488-8bc1-11f1-85f0-eeee0a91cfe7.OPERATION#flowable-async-job-executor-thread-31549#
Step "Unbind Service from Application" finished#
#2026 07 30 02:49:29.499#Z#DEBUG#3ed74488-8bc1-11f1-85f0-eeee0a91cfe7.OPERATION#flowable-async-job-executor-thread-27493#
[DetermineApplicationServiceBindingActionsStep] Executing task "determineApplicationServiceBindingActionsTask" of process "48e0b17d-8bc1-11f1-a9c8-eeee0a9b2538"...#
#2026 07 30 02:49:29.502#Z#DEBUG#3ed74488-8bc1-11f1-85f0-eeee0a91cfe7.OPERATION#flowable-async-job-executor-thread-27493#
[DetermineApplicationServiceBindingActionsStep] Determine bind/unbind operations of application "myfranchise-srv" to service instance "default_aicore"#
#2026 07 30 02:49:29.502#Z#DEBUG#3ed74488-8bc1-11f1-85f0-eeee0a91cfe7.OPERATION#flowable-async-job-executor-thread-27493#
[DetermineApplicationServiceBindingActionsStep] Getting application "myfranchise-srv"...#
#2026 07 30 02:49:29.559#Z#DEBUG#3ed74488-8bc1-11f1-85f0-eeee0a91cfe7.OPERATION#flowable-async-job-executor-thread-27493#
[DetermineApplicationServiceBindingActionsStep] Binding parameters for application "myfranchise-srv": { }#
#2026 07 30 02:49:29.600#Z#DEBUG#3ed74488-8bc1-11f1-85f0-eeee0a91cfe7.OPERATION#flowable-async-job-executor-thread-27493#
[DetermineApplicationServiceBindingActionsStep] Check should rebind application "myfranchise-srv" and service instance "default_aicore"#
#2026 07 30 02:49:29.600#Z#DEBUG#3ed74488-8bc1-11f1-85f0-eeee0a91cfe7.OPERATION#flowable-async-job-executor-thread-27493#
[DetermineApplicationServiceBindingActionsStep] Getting GUID of required service instance "default_aicore"...#
#2026 07 30 02:49:29.638#Z#DEBUG#3ed74488-8bc1-11f1-85f0-eeee0a91cfe7.OPERATION#flowable-async-job-executor-thread-27493#
[DetermineApplicationServiceBindingActionsStep] Getting binding of service instance "cdea00a8-9f73-4126-a0a5-4a8bae7d2986" with application "f3901205-c849-4715-a90c-c13290448bb6"...#
#2026 07 30 02:49:29.681#Z#DEBUG#3ed74488-8bc1-11f1-85f0-eeee0a91cfe7.OPERATION#flowable-async-job-executor-thread-27493#
[DetermineApplicationServiceBindingActionsStep] Getting parameters of service binding "e0911469-0b6b-4115-b506-4fe6a2866f30"...#
#2026 07 30 02:49:29.723#Z#WARN#3ed74488-8bc1-11f1-85f0-eeee0a91cfe7.OPERATION#flowable-async-job-executor-thread-27493#
[DetermineApplicationServiceBindingActionsStep] Cannot retrieve parameters of binding between application "myfranchise-srv" and service instance "default_aicore"#
#2026 07 30 02:49:29.725#Z#DEBUG#3ed74488-8bc1-11f1-85f0-eeee0a91cfe7.OPERATION#flowable-async-job-executor-thread-27493#
[DetermineApplicationServiceBindingActionsStep] Calculated binding operations between application "myfranchise-srv" and service instance "default_aicore": unbind - true bind - true#
#2026 07 30 02:49:29.725#Z#DEBUG#3ed74488-8bc1-11f1-85f0-eeee0a91cfe7.OPERATION#flowable-async-job-executor-thread-27493#
Step "Determine Application Service Binding Actions" finished#
#2026 07 30 02:49:29.783#Z#DEBUG#3ed74488-8bc1-11f1-85f0-eeee0a91cfe7.OPERATION#flowable-async-job-executor-thread-27494#
[UnbindServiceFromApplicationStep] Executing task "unbindServiceFromApplicationTask" of process "48e0b17d-8bc1-11f1-a9c8-eeee0a9b2538"...#
#2026 07 30 02:49:29.787#Z#INFO#3ed74488-8bc1-11f1-85f0-eeee0a91cfe7.OPERATION#flowable-async-job-executor-thread-27494#
[UnbindServiceFromApplicationStep] Unbinding service instance "default_aicore" from application "myfranchise-srv"...#
#2026 07 30 02:49:29.793#Z#DEBUG#3ed74488-8bc1-11f1-85f0-eeee0a91cfe7.OPERATION#flowable-async-job-executor-thread-27494#
[UnbindServiceFromApplicationStep] Unbinding application "myfranchise-srv" from service instance "default_aicore"...#
#2026 07 30 02:49:29.962#Z#DEBUG#3ed74488-8bc1-11f1-85f0-eeee0a91cfe7.OPERATION#flowable-async-job-executor-thread-27494#
Step "Unbind Service from Application" finished#
#2026 07 30 02:49:33.935#Z#DEBUG#3ed74488-8bc1-11f1-85f0-eeee0a91cfe7.OPERATION#flowable-async-job-executor-thread-62802#
[StartContentDeployStep] Executing task "startContentDeployTask" of process "47502632-8bc1-11f1-a9c8-eeee0a9b2538"...#
#2026 07 30 02:49:33.936#Z#DEBUG#3ed74488-8bc1-11f1-85f0-eeee0a91cfe7.OPERATION#flowable-async-job-executor-thread-62802#
[StartContentDeployStep] Checking status of module content deployment "myfranchise-app-deployer" in service "myfranchise-html5-repo-host"...#
#2026 07 30 02:49:34.336#Z#DEBUG#3ed74488-8bc1-11f1-85f0-eeee0a91cfe7.OPERATION#flowable-async-job-executor-thread-62802#
[StartContentDeployStep] Deleting content deployment resource "bf0e92af-7e21-4c96-9bfa-8ef448a2c831"...#
#2026 07 30 02:49:34.367#Z#DEBUG#3ed74488-8bc1-11f1-85f0-eeee0a91cfe7.OPERATION#flowable-async-job-executor-thread-62802#
Step "Start Content Deploy" finished#
#2026 07 30 02:49:33.971#Z#DEBUG#3ed74488-8bc1-11f1-85f0-eeee0a91cfe7.OPERATION#flowable-async-job-executor-thread-27496#
[UploadAppStep] Executing task "uploadAppTask" of process "46bc71ff-8bc1-11f1-85f0-eeee0a91cfe7"...#
#2026 07 30 02:49:33.974#Z#DEBUG#3ed74488-8bc1-11f1-85f0-eeee0a91cfe7.OPERATION#flowable-async-job-executor-thread-27496#
[UploadAppStep] Application upload timeout is default one: 3,600 seconds#
#2026 07 30 02:49:33.977#Z#DEBUG#3ed74488-8bc1-11f1-85f0-eeee0a91cfe7.OPERATION#pool-21-thread-5#
[UploadAppStep] Upload of application: myfranchise-db-deployer started on instance: 2#
#2026 07 30 02:49:33.977#Z#DEBUG#3ed74488-8bc1-11f1-85f0-eeee0a91cfe7.OPERATION#pool-21-thread-5#
[UploadAppStep] Uploading file "myfranchise-db-deployer/data.zip" for application "myfranchise-db-deployer"#
#2026 07 30 02:49:34.026#Z#INFO#3ed74488-8bc1-11f1-85f0-eeee0a91cfe7.OPERATION#pool-21-thread-5#
[UploadAppStep] Time elapsed for app binary download: 48 in millis#
#2026 07 30 02:49:34.027#Z#INFO#3ed74488-8bc1-11f1-85f0-eeee0a91cfe7.OPERATION#pool-21-thread-5#
[UploadAppStep] Size of app myfranchise-db-deployer is 2,565,383 bytes#
#2026 07 30 02:49:34.027#Z#DEBUG#3ed74488-8bc1-11f1-85f0-eeee0a91cfe7.OPERATION#pool-21-thread-5#
[UploadAppStep] Asynchronously uploading binaries for application "myfranchise-db-deployer"...#
#2026 07 30 02:49:34.250#Z#INFO#3ed74488-8bc1-11f1-85f0-eeee0a91cfe7.OPERATION#pool-21-thread-5#
[UploadAppStep] Started async upload of application "myfranchise-db-deployer"#
#2026 07 30 02:49:34.257#Z#INFO#3ed74488-8bc1-11f1-85f0-eeee0a91cfe7.OPERATION#flowable-async-job-executor-thread-27496#
[UploadAppStep] Time elapsed for upload: 282 in millis#
#2026 07 30 02:49:34.257#Z#DEBUG#3ed74488-8bc1-11f1-85f0-eeee0a91cfe7.OPERATION#flowable-async-job-executor-thread-27496#
[UploadAppStep] Getting application "myfranchise-db-deployer"...#
#2026 07 30 02:49:34.291#Z#DEBUG#3ed74488-8bc1-11f1-85f0-eeee0a91cfe7.OPERATION#App upload monitor: 5d1a41b4-6ed8-4bf2-90ee-f29fe46ac048#
[UploadAppStep] Upload status: PROCESSING_UPLOAD#
#2026 07 30 02:49:34.294#Z#DEBUG#3ed74488-8bc1-11f1-85f0-eeee0a91cfe7.OPERATION#flowable-async-job-executor-thread-27496#
[UploadAppStep] Getting environment of application "29787a82-7f21-42fb-b29e-68fef013f5a1"...#
#2026 07 30 02:49:34.330#Z#DEBUG#3ed74488-8bc1-11f1-85f0-eeee0a91cfe7.OPERATION#flowable-async-job-executor-thread-27496#
[UploadAppStep] Updating environment of application "myfranchise-db-deployer"#
#2026 07 30 02:49:34.440#Z#DEBUG#3ed74488-8bc1-11f1-85f0-eeee0a91cfe7.OPERATION#flowable-async-job-executor-thread-27496#
Step "Upload App" finished#
#2026 07 30 02:49:27.508#Z#DEBUG#3ed74488-8bc1-11f1-85f0-eeee0a91cfe7.OPERATION#flowable-async-job-executor-thread-62794#
[SynchronousContentDeployStep] Executing task "synchronousContentDeployTask" of process "47b7c1ba-8bc1-11f1-85f0-eeee0a91cfe7"...#
#2026 07 30 02:49:27.508#Z#INFO#3ed74488-8bc1-11f1-85f0-eeee0a91cfe7.OPERATION#flowable-async-job-executor-thread-62794#
[SynchronousContentDeployStep] Deploying content module "myfranchise-workzone-deployer" in target service "myfranchise-workzone"...#
#2026 07 30 02:49:27.687#Z#DEBUG#3ed74488-8bc1-11f1-85f0-eeee0a91cfe7.OPERATION#flowable-async-job-executor-thread-62794#
[SynchronousContentDeployStep] Processing inline content upload for module: myfranchise-workzone-deployer#
#2026 07 30 02:49:37.804#Z#ERROR#3ed74488-8bc1-11f1-85f0-eeee0a91cfe7.OPERATION#flowable-async-job-executor-thread-62794#
Exception caught#
org.cloudfoundry.multiapps.common.SLException: Content deployment for module "myfranchise-workzone-deployer" to resource "myfranchise-workzone" failed: Operation 'Deploy synchronously' to the URL 'https://portal-service.cfapps.us10.hana.ondemand.com/dts/gacd/v2/deploySync' failed. Remote server responded with HTTP status code 500, error message: 'Internal server error', error type 'null' 
	at org.cloudfoundry.multiapps.controller.process.steps.SyncFlowableStep.processException(SyncFlowableStep.java:156)
	at org.cloudfoundry.multiapps.controller.process.steps.SyncFlowableStep.onStepError(SyncFlowableStep.java:151)
	at org.cloudfoundry.multiapps.controller.process.steps.SyncFlowableStep.handleException(SyncFlowableStep.java:127)
	at org.cloudfoundry.multiapps.controller.process.steps.SyncFlowableStep.executeInternal(SyncFlowableStep.java:88)
	at org.cloudfoundry.multiapps.controller.process.steps.SyncFlowableStep.lambda$execute$0(SyncFlowableStep.java:72)
	at org.cloudfoundry.multiapps.controller.core.util.LoggingUtil.logWithCorrelationId(LoggingUtil.java:14)
	at org.cloudfoundry.multiapps.controller.process.steps.SyncFlowableStep.execute(SyncFlowableStep.java:72)
	at org.flowable.engine.impl.delegate.invocation.JavaDelegateInvocation.invoke(JavaDelegateInvocation.java:35)
	at org.flowable.engine.impl.delegate.invocation.DelegateInvocation.proceed(DelegateInvocation.java:32)
	at org.flowable.engine.impl.delegate.invocation.DefaultDelegateInterceptor.handleInvocation(DefaultDelegateInterceptor.java:26)
	at org.flowable.engine.impl.bpmn.behavior.ServiceTaskDelegateExpressionActivityBehavior.execute(ServiceTaskDelegateExpressionActivityBehavior.java:177)
	at org.flowable.engine.impl.agenda.ContinueProcessOperation.executeActivityBehavior(ContinueProcessOperation.java:298)
	at org.flowable.engine.impl.agenda.ContinueProcessOperation.executeSynchronous(ContinueProcessOperation.java:175)
	at org.flowable.engine.impl.agenda.ContinueProcessOperation.continueThroughFlowNode(ContinueProcessOperation.java:125)
	at org.flowable.engine.impl.agenda.ContinueProcessOperation.run(ContinueProcessOperation.java:88)
	at org.flowable.common.engine.impl.AbstractEngineConfiguration.lambda$new$0(AbstractEngineConfiguration.java:198)
	at org.flowable.engine.impl.interceptor.CommandInvoker.executeOperation(CommandInvoker.java:189)
	at org.flowable.engine.impl.interceptor.CommandInvoker.executeOperations(CommandInvoker.java:128)
	at org.flowable.engine.impl.interceptor.CommandInvoker.execute(CommandInvoker.java:80)
	at org.flowable.engine.impl.interceptor.BpmnOverrideContextInterceptor.execute(BpmnOverrideContextInterceptor.java:26)
	at org.flowable.common.engine.impl.interceptor.TransactionContextInterceptor.execute(TransactionContextInterceptor.java:53)
	at org.flowable.common.engine.impl.interceptor.CommandContextInterceptor.execute(CommandContextInterceptor.java:105)
	at org.flowable.common.spring.SpringTransactionInterceptor.lambda$execute$0(SpringTransactionInterceptor.java:57)
	at org.springframework.transaction.support.TransactionTemplate.execute(TransactionTemplate.java:140)
	at org.flowable.common.spring.SpringTransactionInterceptor.execute(SpringTransactionInterceptor.java:57)
	at org.flowable.common.engine.impl.interceptor.LogInterceptor.execute(LogInterceptor.java:30)
	at org.flowable.common.engine.impl.cfg.CommandExecutorImpl.execute(CommandExecutorImpl.java:56)
	at org.flowable.common.engine.impl.cfg.CommandExecutorImpl.execute(CommandExecutorImpl.java:51)
	at org.flowable.job.service.impl.asyncexecutor.ExecuteAsyncRunnable.handleTransactionalJob(ExecuteAsyncRunnable.java:177)
	at org.flowable.job.service.impl.asyncexecutor.ExecuteAsyncRunnable.executeJob(ExecuteAsyncRunnable.java:146)
	at org.flowable.job.service.impl.asyncexecutor.ExecuteAsyncRunnable.runInternally(ExecuteAsyncRunnable.java:122)
	at org.flowable.job.service.impl.asyncexecutor.ExecuteAsyncRunnable.run(ExecuteAsyncRunnable.java:96)
	at java.base/java.util.concurrent.ThreadPoolExecutor.runWorker(ThreadPoolExecutor.java:1090)
	at java.base/java.util.concurrent.ThreadPoolExecutor$Worker.run(ThreadPoolExecutor.java:614)
	at java.base/java.lang.Thread.run(Thread.java:1474)
Caused by: com.sap.cloud.lm.sl.cf.sap.content.client.ContentDeployerException: Operation 'Deploy synchronously' to the URL 'https://portal-service.cfapps.us10.hana.ondemand.com/dts/gacd/v2/deploySync' failed. Remote server responded with HTTP status code 500, error message: 'Internal server error', error type 'null'
	at com.sap.cloud.lm.sl.cf.sap.content.client.impl.GACDClientV2Impl.deployInlineContent(GACDClientV2Impl.java:151)
	at com.sap.cloud.lm.sl.cf.sap.content.client.impl.ResilientGACDClientV2Impl.lambda$deployInlineContent$0(ResilientGACDClientV2Impl.java:32)
	at org.cloudfoundry.multiapps.controller.client.util.ResilientOperationExecutor.execute(ResilientOperationExecutor.java:48)
	at com.sap.cloud.lm.sl.cf.sap.content.client.impl.ResilientGACDClientV2Impl.deployInlineContent(ResilientGACDClientV2Impl.java:31)
	at com.sap.cloud.lm.sl.cf.sap.process.steps.SynchronousContentDeployStep.deployInlineContent(SynchronousContentDeployStep.java:98)
	at com.sap.cloud.lm.sl.cf.sap.process.steps.SynchronousContentDeployStep.deployContent(SynchronousContentDeployStep.java:85)
	at com.sap.cloud.lm.sl.cf.sap.process.steps.SynchronousContentDeployStep.executeStep(SynchronousContentDeployStep.java:54)
	at org.cloudfoundry.multiapps.controller.process.steps.SyncFlowableStep.executeInternal(SyncFlowableStep.java:82)
	... 31 more
Caused by: com.sap.lm.sl.alm.ts.gacd.client.GacClientException: Operation 'Deploy synchronously' to the URL 'https://portal-service.cfapps.us10.hana.ondemand.com/dts/gacd/v2/deploySync' failed. Remote server responded with HTTP status code 500, error message: 'Internal server error', error type 'null'
	at com.sap.lm.sl.alm.ts.gacd.client.RestHelper.handleResponse(RestHelper.java:84)
	at com.sap.lm.sl.alm.ts.gacd.client.RestHelper.doMultipartPost(RestHelper.java:245)
	at com.sap.lm.sl.alm.ts.gacd.client.v2.GacDeployClientV2.deploySync(GacDeployClientV2.java:215)
	at com.sap.cloud.lm.sl.cf.sap.content.client.impl.GACDClientV2Impl.deployInlineContent(GACDClientV2Impl.java:147)
	... 38 more
#2026 07 30 02:49:37.812#Z#DEBUG#3ed74488-8bc1-11f1-85f0-eeee0a91cfe7.OPERATION#flowable-async-job-executor-thread-62794#
Step "Synchronous Deploy" finished#
#2026 07 30 02:49:39.002#Z#DEBUG#3ed74488-8bc1-11f1-85f0-eeee0a91cfe7.OPERATION#flowable-async-job-executor-thread-62805#
[BuildContentDeploymentConfigurationStep] Executing task "buildContentDeploymentConfigurationTask" of process "46c0b862-8bc1-11f1-85f0-eeee0a91cfe7"...#
#2026 07 30 02:49:39.086#Z#DEBUG#3ed74488-8bc1-11f1-85f0-eeee0a91cfe7.OPERATION#ForkJoinPool-117-worker-1#
[BuildContentDeploymentConfigurationStep] Getting service key "myfranchise-workzone-key" for service instance "myfranchise-workzone"...#
#2026 07 30 02:49:39.087#Z#DEBUG#3ed74488-8bc1-11f1-85f0-eeee0a91cfe7.OPERATION#ForkJoinPool-117-worker-3#
[BuildContentDeploymentConfigurationStep] Getting service key "myfranchise-auth-key" for service instance "myfranchise-auth"...#
#2026 07 30 02:49:39.087#Z#DEBUG#3ed74488-8bc1-11f1-85f0-eeee0a91cfe7.OPERATION#ForkJoinPool-117-worker-2#
[BuildContentDeploymentConfigurationStep] Getting service key "myfranchise-html5-repo-host-key" for service instance "myfranchise-html5-repo-host"...#
#2026 07 30 02:49:39.276#Z#INFO#3ed74488-8bc1-11f1-85f0-eeee0a91cfe7.OPERATION#ForkJoinPool-117-worker-1#
[BuildContentDeploymentConfigurationStep] Service key "myfranchise-workzone-key" for service "myfranchise-workzone" already exists#
#2026 07 30 02:49:39.309#Z#INFO#3ed74488-8bc1-11f1-85f0-eeee0a91cfe7.OPERATION#ForkJoinPool-117-worker-3#
[BuildContentDeploymentConfigurationStep] Service key "myfranchise-auth-key" for service "myfranchise-auth" already exists#
#2026 07 30 02:49:39.325#Z#INFO#3ed74488-8bc1-11f1-85f0-eeee0a91cfe7.OPERATION#ForkJoinPool-117-worker-2#
[BuildContentDeploymentConfigurationStep] Service key "myfranchise-html5-repo-host-key" for service "myfranchise-html5-repo-host" already exists#
#2026 07 30 02:49:39.332#Z#DEBUG#3ed74488-8bc1-11f1-85f0-eeee0a91cfe7.OPERATION#flowable-async-job-executor-thread-62805#
Step "Build Content Deployment Configuration" finished#
#2026 07 30 02:49:39.337#Z#DEBUG#3ed74488-8bc1-11f1-85f0-eeee0a91cfe7.OPERATION#flowable-async-job-executor-thread-62805#
[CreateContentDeployClientConfigurationStep] Executing task "createContentDeployClientConfigurationTask" of process "4edea924-8bc1-11f1-85f0-eeee0a91cfe7"...#
#2026 07 30 02:49:39.337#Z#DEBUG#3ed74488-8bc1-11f1-85f0-eeee0a91cfe7.OPERATION#flowable-async-job-executor-thread-62805#
[CreateContentDeployClientConfigurationStep] Content deployer client configuration: {
  "contentDeployerUrl" : "https://portal-service.cfapps.us10.hana.ondemand.com/dts/gacd",
  "uaaClientConfiguration" : {
    "url" : "********",
    "credentials" : "********",
    "authenticationStrategyType" : "********"
  },
  "httpRequestHeaders" : {
    "X-CorrelationID" : "3ed74488-8bc1-11f1-85f0-eeee0a91cfe7"
  },
  "spaceId" : "87beb70a-51f1-4835-b470-a7ccd9062962",
  "serviceName" : "myfranchise-workzone"
}#
#2026 07 30 02:49:39.501#Z#DEBUG#3ed74488-8bc1-11f1-85f0-eeee0a91cfe7.OPERATION#flowable-async-job-executor-thread-62805#
Step "Create Content Deploy Client Configuration" finished#
#2026 07 30 02:49:39.502#Z#DEBUG#3ed74488-8bc1-11f1-85f0-eeee0a91cfe7.OPERATION#flowable-async-job-executor-thread-62805#
[GetContentFromDeploymentDescriptorStep] Executing task "getContentFromDeploymentDescriptorTask" of process "4edea924-8bc1-11f1-85f0-eeee0a91cfe7"...#
#2026 07 30 02:49:39.502#Z#DEBUG#3ed74488-8bc1-11f1-85f0-eeee0a91cfe7.OPERATION#flowable-async-job-executor-thread-62805#
[GetContentFromDeploymentDescriptorStep] Content for module: "myfranchise-workzone-deployer" is: "{
  "id" : "10238e80-7e64-4dec-97d8-de6954e1beb9",
  "contentType" : "EMBEDDED",
  "content" : {
    "instance" : {
      "destinations" : [ {
        "Name" : "myfranchise-html5-repository",
        "ServiceInstanceName" : "myfranchise-html5-repo-host",
        "ServiceKeyName" : "********",
        "sap.cloud.service" : "myfranchise.service"
      }, {
        "Authentication" : "********",
        "Name" : "********",
        "ServiceInstanceName" : "********",
        "ServiceKeyName" : "********",
        "sap.cloud.service" : "myfranchise.service"
      } ],
      "existing_destinations_policy" : "update"
    }
  }
}"#
#2026 07 30 02:49:39.502#Z#DEBUG#3ed74488-8bc1-11f1-85f0-eeee0a91cfe7.OPERATION#flowable-async-job-executor-thread-62805#
Step "Get Content From Deployment Descriptor" finished#
#2026 07 30 02:49:43.987#Z#DEBUG#3ed74488-8bc1-11f1-85f0-eeee0a91cfe7.OPERATION#flowable-async-job-executor-thread-62815#
[UploadAppStep] Executing task "uploadAppTask" of process "46bc71ff-8bc1-11f1-85f0-eeee0a91cfe7"...#
#2026 07 30 02:49:43.989#Z#DEBUG#3ed74488-8bc1-11f1-85f0-eeee0a91cfe7.OPERATION#flowable-async-job-executor-thread-62815#
[UploadAppStep] Application upload timeout is default one: 3,600 seconds#
#2026 07 30 02:49:43.989#Z#DEBUG#3ed74488-8bc1-11f1-85f0-eeee0a91cfe7.OPERATION#flowable-async-job-executor-thread-62815#
[UploadAppStep] Checking upload status of application "myfranchise-db-deployer"...#
#2026 07 30 02:49:43.990#Z#DEBUG#3ed74488-8bc1-11f1-85f0-eeee0a91cfe7.OPERATION#flowable-async-job-executor-thread-62815#
[UploadAppStep] Getting package "5d1a41b4-6ed8-4bf2-90ee-f29fe46ac048"...#
#2026 07 30 02:49:44.018#Z#DEBUG#3ed74488-8bc1-11f1-85f0-eeee0a91cfe7.OPERATION#flowable-async-job-executor-thread-62815#
[UploadAppStep] Application "myfranchise-db-deployer" uploaded#
#2026 07 30 02:49:44.019#Z#DEBUG#3ed74488-8bc1-11f1-85f0-eeee0a91cfe7.OPERATION#flowable-async-job-executor-thread-62815#
Step "Upload App" finished#
#2026 07 30 02:49:43.962#Z#DEBUG#3ed74488-8bc1-11f1-85f0-eeee0a91cfe7.OPERATION#flowable-async-job-executor-thread-62811#
[UnbindServiceFromApplicationStep] Executing task "unbindServiceFromApplicationTask" of process "488a7b39-8bc1-11f1-85f0-eeee0a91cfe7"...#
#2026 07 30 02:49:43.964#Z#DEBUG#3ed74488-8bc1-11f1-85f0-eeee0a91cfe7.OPERATION#flowable-async-job-executor-thread-62812#
[UnbindServiceFromApplicationStep] Executing task "unbindServiceFromApplicationTask" of process "48b29c87-8bc1-11f1-949f-eeee0a998610"...#
#2026 07 30 02:49:43.965#Z#DEBUG#3ed74488-8bc1-11f1-85f0-eeee0a91cfe7.OPERATION#flowable-async-job-executor-thread-62811#
[UnbindServiceFromApplicationStep] Getting async job "a2bc26cc-be97-4242-b242-3a5c1f7e7149"#
#2026 07 30 02:49:43.966#Z#DEBUG#3ed74488-8bc1-11f1-85f0-eeee0a91cfe7.OPERATION#flowable-async-job-executor-thread-62812#
[UnbindServiceFromApplicationStep] Getting async job "d4eaaed5-8145-4353-b64e-60701cda0e77"#
#2026 07 30 02:49:43.973#Z#DEBUG#3ed74488-8bc1-11f1-85f0-eeee0a91cfe7.OPERATION#flowable-async-job-executor-thread-62813#
[UnbindServiceFromApplicationStep] Executing task "unbindServiceFromApplicationTask" of process "48e0b17d-8bc1-11f1-a9c8-eeee0a9b2538"...#
#2026 07 30 02:49:43.976#Z#DEBUG#3ed74488-8bc1-11f1-85f0-eeee0a91cfe7.OPERATION#flowable-async-job-executor-thread-62813#
[UnbindServiceFromApplicationStep] Getting async job "9612d6d2-c178-4b22-8a2b-4ced06682cea"#
#2026 07 30 02:49:43.995#Z#DEBUG#3ed74488-8bc1-11f1-85f0-eeee0a91cfe7.OPERATION#flowable-async-job-executor-thread-62812#
[UnbindServiceFromApplicationStep] Getting service instance "myfranchise-auth"...#
#2026 07 30 02:49:43.995#Z#DEBUG#3ed74488-8bc1-11f1-85f0-eeee0a91cfe7.OPERATION#flowable-async-job-executor-thread-62811#
[UnbindServiceFromApplicationStep] Getting service instance "myfranchise-destination"...#
#2026 07 30 02:49:44.010#Z#DEBUG#3ed74488-8bc1-11f1-85f0-eeee0a91cfe7.OPERATION#flowable-async-job-executor-thread-62813#
[UnbindServiceFromApplicationStep] Getting service instance "default_aicore"...#
#2026 07 30 02:49:44.104#Z#DEBUG#3ed74488-8bc1-11f1-85f0-eeee0a91cfe7.OPERATION#flowable-async-job-executor-thread-62813#
[UnbindServiceFromApplicationStep] Async service binding operation with id "9612d6d2-c178-4b22-8a2b-4ced06682cea" finished#
#2026 07 30 02:49:44.108#Z#DEBUG#3ed74488-8bc1-11f1-85f0-eeee0a91cfe7.OPERATION#flowable-async-job-executor-thread-62813#
Step "Unbind Service from Application" finished#
#2026 07 30 02:49:44.048#Z#DEBUG#3ed74488-8bc1-11f1-85f0-eeee0a91cfe7.OPERATION#flowable-async-job-executor-thread-62816#
[ScaleAppStep] Executing task "scaleAppTask" of process "46bc71ff-8bc1-11f1-85f0-eeee0a91cfe7"...#
#2026 07 30 02:49:44.050#Z#DEBUG#3ed74488-8bc1-11f1-85f0-eeee0a91cfe7.OPERATION#flowable-async-job-executor-thread-62816#
[ScaleAppStep] Scaling application "myfranchise-db-deployer"...#
#2026 07 30 02:49:44.050#Z#DEBUG#3ed74488-8bc1-11f1-85f0-eeee0a91cfe7.OPERATION#flowable-async-job-executor-thread-62816#
[ScaleAppStep] Getting application guid "myfranchise-db-deployer"...#
#2026 07 30 02:49:44.086#Z#DEBUG#3ed74488-8bc1-11f1-85f0-eeee0a91cfe7.OPERATION#flowable-async-job-executor-thread-62816#
[ScaleAppStep] Getting process for application "29787a82-7f21-42fb-b29e-68fef013f5a1"...#
#2026 07 30 02:49:44.113#Z#DEBUG#3ed74488-8bc1-11f1-85f0-eeee0a91cfe7.OPERATION#flowable-async-job-executor-thread-62816#
[ScaleAppStep] Application "myfranchise-db-deployer" scaled#
#2026 07 30 02:49:44.113#Z#DEBUG#3ed74488-8bc1-11f1-85f0-eeee0a91cfe7.OPERATION#flowable-async-job-executor-thread-62816#
Step "Scale App" finished#
#2026 07 30 02:49:44.117#Z#DEBUG#3ed74488-8bc1-11f1-85f0-eeee0a91cfe7.OPERATION#flowable-async-job-executor-thread-62812#
[UnbindServiceFromApplicationStep] Async service binding operation with id "d4eaaed5-8145-4353-b64e-60701cda0e77" finished#
#2026 07 30 02:49:44.119#Z#DEBUG#3ed74488-8bc1-11f1-85f0-eeee0a91cfe7.OPERATION#flowable-async-job-executor-thread-62812#
Step "Unbind Service from Application" finished#
#2026 07 30 02:49:44.120#Z#DEBUG#3ed74488-8bc1-11f1-85f0-eeee0a91cfe7.OPERATION#flowable-async-job-executor-thread-62811#
[UnbindServiceFromApplicationStep] Async service binding operation with id "a2bc26cc-be97-4242-b242-3a5c1f7e7149" finished#
#2026 07 30 02:49:44.124#Z#DEBUG#3ed74488-8bc1-11f1-85f0-eeee0a91cfe7.OPERATION#flowable-async-job-executor-thread-62811#
Step "Unbind Service from Application" finished#
#2026 07 30 02:49:44.147#Z#DEBUG#3ed74488-8bc1-11f1-85f0-eeee0a91cfe7.OPERATION#flowable-async-job-executor-thread-62817#
[DetermineDesiredStateAchievingActionsStep] Executing task "determineDesiredStateAchievingActionsTask" of process "46bc71ff-8bc1-11f1-85f0-eeee0a91cfe7"...#
#2026 07 30 02:49:44.149#Z#DEBUG#3ed74488-8bc1-11f1-85f0-eeee0a91cfe7.OPERATION#flowable-async-job-executor-thread-62817#
[DetermineDesiredStateAchievingActionsStep] Getting application "myfranchise-db-deployer"...#
#2026 07 30 02:49:44.183#Z#DEBUG#3ed74488-8bc1-11f1-85f0-eeee0a91cfe7.OPERATION#flowable-async-job-executor-thread-62817#
[DetermineDesiredStateAchievingActionsStep] Getting instances for application "myfranchise-db-deployer"...#
#2026 07 30 02:49:44.183#Z#DEBUG#3ed74488-8bc1-11f1-85f0-eeee0a91cfe7.OPERATION#flowable-async-job-executor-thread-62817#
[DetermineDesiredStateAchievingActionsStep] Getting environment of application "29787a82-7f21-42fb-b29e-68fef013f5a1"...#
#2026 07 30 02:49:44.221#Z#DEBUG#3ed74488-8bc1-11f1-85f0-eeee0a91cfe7.OPERATION#flowable-async-job-executor-thread-62817#
[DetermineDesiredStateAchievingActionsStep] Current state of application myfranchise-db-deployer: STOPPED#
#2026 07 30 02:49:44.222#Z#DEBUG#3ed74488-8bc1-11f1-85f0-eeee0a91cfe7.OPERATION#flowable-async-job-executor-thread-62817#
[DetermineDesiredStateAchievingActionsStep] Desired state of application myfranchise-db-deployer: STOPPED#
#2026 07 30 02:49:44.222#Z#DEBUG#3ed74488-8bc1-11f1-85f0-eeee0a91cfe7.OPERATION#flowable-async-job-executor-thread-62817#
[DetermineDesiredStateAchievingActionsStep] Actions that should be executed on application myfranchise-db-deployer: [STAGE]#
#2026 07 30 02:49:44.222#Z#DEBUG#3ed74488-8bc1-11f1-85f0-eeee0a91cfe7.OPERATION#flowable-async-job-executor-thread-62817#
Step "Determine Desired State Achieving Actions" finished#
#2026 07 30 02:49:44.149#Z#DEBUG#3ed74488-8bc1-11f1-85f0-eeee0a91cfe7.OPERATION#flowable-async-job-executor-thread-62818#
[BindServiceToApplicationStep] Executing task "bindServiceToApplicationTask" of process "48e0b17d-8bc1-11f1-a9c8-eeee0a9b2538"...#
#2026 07 30 02:49:44.150#Z#INFO#3ed74488-8bc1-11f1-85f0-eeee0a91cfe7.OPERATION#flowable-async-job-executor-thread-62818#
[BindServiceToApplicationStep] Binding service instance "default_aicore" to application "myfranchise-srv"...#
#2026 07 30 02:49:44.157#Z#DEBUG#3ed74488-8bc1-11f1-85f0-eeee0a91cfe7.OPERATION#flowable-async-job-executor-thread-62818#
[BindServiceToApplicationStep] Binding service instance "default_aicore" to application "myfranchise-srv" with parameters: { }#
#2026 07 30 02:49:44.158#Z#DEBUG#3ed74488-8bc1-11f1-85f0-eeee0a91cfe7.OPERATION#flowable-async-job-executor-thread-62819#
[BindServiceToApplicationStep] Executing task "bindServiceToApplicationTask" of process "48b29c87-8bc1-11f1-949f-eeee0a998610"...#
#2026 07 30 02:49:44.160#Z#INFO#3ed74488-8bc1-11f1-85f0-eeee0a91cfe7.OPERATION#flowable-async-job-executor-thread-62819#
[BindServiceToApplicationStep] Binding service instance "myfranchise-auth" to application "myfranchise-srv"...#
#2026 07 30 02:49:44.162#Z#DEBUG#3ed74488-8bc1-11f1-85f0-eeee0a91cfe7.OPERATION#flowable-async-job-executor-thread-62820#
[BindServiceToApplicationStep] Executing task "bindServiceToApplicationTask" of process "488a7b39-8bc1-11f1-85f0-eeee0a91cfe7"...#
#2026 07 30 02:49:44.164#Z#INFO#3ed74488-8bc1-11f1-85f0-eeee0a91cfe7.OPERATION#flowable-async-job-executor-thread-62820#
[BindServiceToApplicationStep] Binding service instance "myfranchise-destination" to application "myfranchise-srv"...#
#2026 07 30 02:49:44.166#Z#DEBUG#3ed74488-8bc1-11f1-85f0-eeee0a91cfe7.OPERATION#flowable-async-job-executor-thread-62819#
[BindServiceToApplicationStep] Binding service instance "myfranchise-auth" to application "myfranchise-srv" with parameters: { }#
#2026 07 30 02:49:44.171#Z#DEBUG#3ed74488-8bc1-11f1-85f0-eeee0a91cfe7.OPERATION#flowable-async-job-executor-thread-62820#
[BindServiceToApplicationStep] Binding service instance "myfranchise-destination" to application "myfranchise-srv" with parameters: { }#
#2026 07 30 02:49:44.295#Z#DEBUG#3ed74488-8bc1-11f1-85f0-eeee0a91cfe7.OPERATION#flowable-async-job-executor-thread-62818#
Step "Bind Service to Application" finished#
#2026 07 30 02:49:44.313#Z#DEBUG#3ed74488-8bc1-11f1-85f0-eeee0a91cfe7.OPERATION#flowable-async-job-executor-thread-62819#
Step "Bind Service to Application" finished#
#2026 07 30 02:49:44.330#Z#DEBUG#3ed74488-8bc1-11f1-85f0-eeee0a91cfe7.OPERATION#flowable-async-job-executor-thread-62820#
Step "Bind Service to Application" finished#
#2026 07 30 02:49:39.325#Z#DEBUG#3ed74488-8bc1-11f1-85f0-eeee0a91cfe7.OPERATION#App upload monitor: 5d1a41b4-6ed8-4bf2-90ee-f29fe46ac048#
[UploadAppStep] Upload status: PROCESSING_UPLOAD#
#2026 07 30 02:49:44.367#Z#DEBUG#3ed74488-8bc1-11f1-85f0-eeee0a91cfe7.OPERATION#App upload monitor: 5d1a41b4-6ed8-4bf2-90ee-f29fe46ac048#
[UploadAppStep] Upload status: READY#
#2026 07 30 02:49:44.253#Z#DEBUG#3ed74488-8bc1-11f1-85f0-eeee0a91cfe7.OPERATION#flowable-async-job-executor-thread-62821#
[StageAppStep] Executing task "stageAppTask" of process "46bc71ff-8bc1-11f1-85f0-eeee0a91cfe7"...#
#2026 07 30 02:49:44.255#Z#DEBUG#3ed74488-8bc1-11f1-85f0-eeee0a91cfe7.OPERATION#flowable-async-job-executor-thread-62821#
[StageAppStep] Application stage timeout is default one: 3,600 seconds#
#2026 07 30 02:49:44.256#Z#INFO#3ed74488-8bc1-11f1-85f0-eeee0a91cfe7.OPERATION#flowable-async-job-executor-thread-62821#
[StageAppStep] Staging application "myfranchise-db-deployer"...#
#2026 07 30 02:49:44.260#Z#DEBUG#3ed74488-8bc1-11f1-85f0-eeee0a91cfe7.OPERATION#flowable-async-job-executor-thread-62821#
[StageAppStep] Creating build for package "5d1a41b4-6ed8-4bf2-90ee-f29fe46ac048"...#
#2026 07 30 02:49:44.687#Z#DEBUG#3ed74488-8bc1-11f1-85f0-eeee0a91cfe7.OPERATION#flowable-async-job-executor-thread-62821#
Step "Stage App" finished#
#2026 07 30 02:49:39.503#Z#DEBUG#3ed74488-8bc1-11f1-85f0-eeee0a91cfe7.OPERATION#flowable-async-job-executor-thread-62805#
[SynchronousContentDeployStep] Executing task "synchronousContentDeployTask" of process "4edea924-8bc1-11f1-85f0-eeee0a91cfe7"...#
#2026 07 30 02:49:39.503#Z#INFO#3ed74488-8bc1-11f1-85f0-eeee0a91cfe7.OPERATION#flowable-async-job-executor-thread-62805#
[SynchronousContentDeployStep] Deploying content module "myfranchise-workzone-deployer" in target service "myfranchise-workzone"...#
#2026 07 30 02:49:39.682#Z#DEBUG#3ed74488-8bc1-11f1-85f0-eeee0a91cfe7.OPERATION#flowable-async-job-executor-thread-62805#
[SynchronousContentDeployStep] Processing inline content upload for module: myfranchise-workzone-deployer#
#2026 07 30 02:49:49.770#Z#ERROR#3ed74488-8bc1-11f1-85f0-eeee0a91cfe7.OPERATION#flowable-async-job-executor-thread-62805#
Exception caught#
org.cloudfoundry.multiapps.common.SLException: Content deployment for module "myfranchise-workzone-deployer" to resource "myfranchise-workzone" failed: Operation 'Deploy synchronously' to the URL 'https://portal-service.cfapps.us10.hana.ondemand.com/dts/gacd/v2/deploySync' failed. Remote server responded with HTTP status code 500, error message: 'Internal server error', error type 'null' 
	at org.cloudfoundry.multiapps.controller.process.steps.SyncFlowableStep.processException(SyncFlowableStep.java:156)
	at org.cloudfoundry.multiapps.controller.process.steps.SyncFlowableStep.onStepError(SyncFlowableStep.java:151)
	at org.cloudfoundry.multiapps.controller.process.steps.SyncFlowableStep.handleException(SyncFlowableStep.java:127)
	at org.cloudfoundry.multiapps.controller.process.steps.SyncFlowableStep.executeInternal(SyncFlowableStep.java:88)
	at org.cloudfoundry.multiapps.controller.process.steps.SyncFlowableStep.lambda$execute$0(SyncFlowableStep.java:72)
	at org.cloudfoundry.multiapps.controller.core.util.LoggingUtil.logWithCorrelationId(LoggingUtil.java:14)
	at org.cloudfoundry.multiapps.controller.process.steps.SyncFlowableStep.execute(SyncFlowableStep.java:72)
	at org.flowable.engine.impl.delegate.invocation.JavaDelegateInvocation.invoke(JavaDelegateInvocation.java:35)
	at org.flowable.engine.impl.delegate.invocation.DelegateInvocation.proceed(DelegateInvocation.java:32)
	at org.flowable.engine.impl.delegate.invocation.DefaultDelegateInterceptor.handleInvocation(DefaultDelegateInterceptor.java:26)
	at org.flowable.engine.impl.bpmn.behavior.ServiceTaskDelegateExpressionActivityBehavior.execute(ServiceTaskDelegateExpressionActivityBehavior.java:177)
	at org.flowable.engine.impl.agenda.ContinueProcessOperation.executeActivityBehavior(ContinueProcessOperation.java:298)
	at org.flowable.engine.impl.agenda.ContinueProcessOperation.executeSynchronous(ContinueProcessOperation.java:175)
	at org.flowable.engine.impl.agenda.ContinueProcessOperation.continueThroughFlowNode(ContinueProcessOperation.java:125)
	at org.flowable.engine.impl.agenda.ContinueProcessOperation.run(ContinueProcessOperation.java:88)
	at org.flowable.common.engine.impl.AbstractEngineConfiguration.lambda$new$0(AbstractEngineConfiguration.java:198)
	at org.flowable.engine.impl.interceptor.CommandInvoker.executeOperation(CommandInvoker.java:189)
	at org.flowable.engine.impl.interceptor.CommandInvoker.executeOperations(CommandInvoker.java:128)
	at org.flowable.engine.impl.interceptor.CommandInvoker.execute(CommandInvoker.java:80)
	at org.flowable.engine.impl.interceptor.BpmnOverrideContextInterceptor.execute(BpmnOverrideContextInterceptor.java:26)
	at org.flowable.common.engine.impl.interceptor.TransactionContextInterceptor.execute(TransactionContextInterceptor.java:53)
	at org.flowable.common.engine.impl.interceptor.CommandContextInterceptor.execute(CommandContextInterceptor.java:105)
	at org.flowable.common.spring.SpringTransactionInterceptor.lambda$execute$0(SpringTransactionInterceptor.java:57)
	at org.springframework.transaction.support.TransactionTemplate.execute(TransactionTemplate.java:140)
	at org.flowable.common.spring.SpringTransactionInterceptor.execute(SpringTransactionInterceptor.java:57)
	at org.flowable.common.engine.impl.interceptor.LogInterceptor.execute(LogInterceptor.java:30)
	at org.flowable.common.engine.impl.cfg.CommandExecutorImpl.execute(CommandExecutorImpl.java:56)
	at org.flowable.common.engine.impl.cfg.CommandExecutorImpl.execute(CommandExecutorImpl.java:51)
	at org.flowable.job.service.impl.asyncexecutor.ExecuteAsyncRunnable.handleTransactionalJob(ExecuteAsyncRunnable.java:177)
	at org.flowable.job.service.impl.asyncexecutor.ExecuteAsyncRunnable.executeJob(ExecuteAsyncRunnable.java:146)
	at org.flowable.job.service.impl.asyncexecutor.ExecuteAsyncRunnable.runInternally(ExecuteAsyncRunnable.java:122)
	at org.flowable.job.service.impl.asyncexecutor.ExecuteAsyncRunnable.run(ExecuteAsyncRunnable.java:96)
	at java.base/java.util.concurrent.ThreadPoolExecutor.runWorker(ThreadPoolExecutor.java:1090)
	at java.base/java.util.concurrent.ThreadPoolExecutor$Worker.run(ThreadPoolExecutor.java:614)
	at java.base/java.lang.Thread.run(Thread.java:1474)
Caused by: com.sap.cloud.lm.sl.cf.sap.content.client.ContentDeployerException: Operation 'Deploy synchronously' to the URL 'https://portal-service.cfapps.us10.hana.ondemand.com/dts/gacd/v2/deploySync' failed. Remote server responded with HTTP status code 500, error message: 'Internal server error', error type 'null'
	at com.sap.cloud.lm.sl.cf.sap.content.client.impl.GACDClientV2Impl.deployInlineContent(GACDClientV2Impl.java:151)
	at com.sap.cloud.lm.sl.cf.sap.content.client.impl.ResilientGACDClientV2Impl.lambda$deployInlineContent$0(ResilientGACDClientV2Impl.java:32)
	at org.cloudfoundry.multiapps.controller.client.util.ResilientOperationExecutor.execute(ResilientOperationExecutor.java:48)
	at com.sap.cloud.lm.sl.cf.sap.content.client.impl.ResilientGACDClientV2Impl.deployInlineContent(ResilientGACDClientV2Impl.java:31)
	at com.sap.cloud.lm.sl.cf.sap.process.steps.SynchronousContentDeployStep.deployInlineContent(SynchronousContentDeployStep.java:98)
	at com.sap.cloud.lm.sl.cf.sap.process.steps.SynchronousContentDeployStep.deployContent(SynchronousContentDeployStep.java:85)
	at com.sap.cloud.lm.sl.cf.sap.process.steps.SynchronousContentDeployStep.executeStep(SynchronousContentDeployStep.java:54)
	at org.cloudfoundry.multiapps.controller.process.steps.SyncFlowableStep.executeInternal(SyncFlowableStep.java:82)
	... 31 more
Caused by: com.sap.lm.sl.alm.ts.gacd.client.GacClientException: Operation 'Deploy synchronously' to the URL 'https://portal-service.cfapps.us10.hana.ondemand.com/dts/gacd/v2/deploySync' failed. Remote server responded with HTTP status code 500, error message: 'Internal server error', error type 'null'
	at com.sap.lm.sl.alm.ts.gacd.client.RestHelper.handleResponse(RestHelper.java:84)
	at com.sap.lm.sl.alm.ts.gacd.client.RestHelper.doMultipartPost(RestHelper.java:245)
	at com.sap.lm.sl.alm.ts.gacd.client.v2.GacDeployClientV2.deploySync(GacDeployClientV2.java:215)
	at com.sap.cloud.lm.sl.cf.sap.content.client.impl.GACDClientV2Impl.deployInlineContent(GACDClientV2Impl.java:147)
	... 38 more
#2026 07 30 02:49:49.777#Z#DEBUG#3ed74488-8bc1-11f1-85f0-eeee0a91cfe7.OPERATION#flowable-async-job-executor-thread-62805#
Step "Synchronous Deploy" finished#
#2026 07 30 02:49:52.400#Z#DEBUG#3ed74488-8bc1-11f1-85f0-eeee0a91cfe7.OPERATION#flowable-async-job-executor-thread-62822#
[BuildContentDeploymentConfigurationStep] Executing task "buildContentDeploymentConfigurationTask" of process "46c0b862-8bc1-11f1-85f0-eeee0a91cfe7"...#
#2026 07 30 02:49:52.480#Z#DEBUG#3ed74488-8bc1-11f1-85f0-eeee0a91cfe7.OPERATION#ForkJoinPool-118-worker-1#
[BuildContentDeploymentConfigurationStep] Getting service key "myfranchise-workzone-key" for service instance "myfranchise-workzone"...#
#2026 07 30 02:49:52.481#Z#DEBUG#3ed74488-8bc1-11f1-85f0-eeee0a91cfe7.OPERATION#ForkJoinPool-118-worker-2#
[BuildContentDeploymentConfigurationStep] Getting service key "myfranchise-html5-repo-host-key" for service instance "myfranchise-html5-repo-host"...#
#2026 07 30 02:49:52.482#Z#DEBUG#3ed74488-8bc1-11f1-85f0-eeee0a91cfe7.OPERATION#ForkJoinPool-118-worker-3#
[BuildContentDeploymentConfigurationStep] Getting service key "myfranchise-auth-key" for service instance "myfranchise-auth"...#
#2026 07 30 02:49:52.684#Z#INFO#3ed74488-8bc1-11f1-85f0-eeee0a91cfe7.OPERATION#ForkJoinPool-118-worker-1#
[BuildContentDeploymentConfigurationStep] Service key "myfranchise-workzone-key" for service "myfranchise-workzone" already exists#
#2026 07 30 02:49:52.717#Z#INFO#3ed74488-8bc1-11f1-85f0-eeee0a91cfe7.OPERATION#ForkJoinPool-118-worker-3#
[BuildContentDeploymentConfigurationStep] Service key "myfranchise-auth-key" for service "myfranchise-auth" already exists#
#2026 07 30 02:49:52.723#Z#INFO#3ed74488-8bc1-11f1-85f0-eeee0a91cfe7.OPERATION#ForkJoinPool-118-worker-2#
[BuildContentDeploymentConfigurationStep] Service key "myfranchise-html5-repo-host-key" for service "myfranchise-html5-repo-host" already exists#
#2026 07 30 02:49:52.728#Z#DEBUG#3ed74488-8bc1-11f1-85f0-eeee0a91cfe7.OPERATION#flowable-async-job-executor-thread-62822#
Step "Build Content Deployment Configuration" finished#
#2026 07 30 02:49:52.731#Z#DEBUG#3ed74488-8bc1-11f1-85f0-eeee0a91cfe7.OPERATION#flowable-async-job-executor-thread-62822#
[CreateContentDeployClientConfigurationStep] Executing task "createContentDeployClientConfigurationTask" of process "56da6bce-8bc1-11f1-85f0-eeee0a91cfe7"...#
#2026 07 30 02:49:52.731#Z#DEBUG#3ed74488-8bc1-11f1-85f0-eeee0a91cfe7.OPERATION#flowable-async-job-executor-thread-62822#
[CreateContentDeployClientConfigurationStep] Content deployer client configuration: {
  "contentDeployerUrl" : "https://portal-service.cfapps.us10.hana.ondemand.com/dts/gacd",
  "uaaClientConfiguration" : {
    "url" : "********",
    "credentials" : "********",
    "authenticationStrategyType" : "********"
  },
  "httpRequestHeaders" : {
    "X-CorrelationID" : "3ed74488-8bc1-11f1-85f0-eeee0a91cfe7"
  },
  "spaceId" : "87beb70a-51f1-4835-b470-a7ccd9062962",
  "serviceName" : "myfranchise-workzone"
}#
#2026 07 30 02:49:52.875#Z#DEBUG#3ed74488-8bc1-11f1-85f0-eeee0a91cfe7.OPERATION#flowable-async-job-executor-thread-62822#
Step "Create Content Deploy Client Configuration" finished#
#2026 07 30 02:49:52.876#Z#DEBUG#3ed74488-8bc1-11f1-85f0-eeee0a91cfe7.OPERATION#flowable-async-job-executor-thread-62822#
[GetContentFromDeploymentDescriptorStep] Executing task "getContentFromDeploymentDescriptorTask" of process "56da6bce-8bc1-11f1-85f0-eeee0a91cfe7"...#
#2026 07 30 02:49:52.876#Z#DEBUG#3ed74488-8bc1-11f1-85f0-eeee0a91cfe7.OPERATION#flowable-async-job-executor-thread-62822#
[GetContentFromDeploymentDescriptorStep] Content for module: "myfranchise-workzone-deployer" is: "{
  "id" : "e30e6db0-d52f-4925-ba60-40992ece47d5",
  "contentType" : "EMBEDDED",
  "content" : {
    "instance" : {
      "destinations" : [ {
        "Name" : "myfranchise-html5-repository",
        "ServiceInstanceName" : "myfranchise-html5-repo-host",
        "ServiceKeyName" : "********",
        "sap.cloud.service" : "myfranchise.service"
      }, {
        "Authentication" : "********",
        "Name" : "********",
        "ServiceInstanceName" : "********",
        "ServiceKeyName" : "********",
        "sap.cloud.service" : "myfranchise.service"
      } ],
      "existing_destinations_policy" : "update"
    }
  }
}"#
#2026 07 30 02:49:52.876#Z#DEBUG#3ed74488-8bc1-11f1-85f0-eeee0a91cfe7.OPERATION#flowable-async-job-executor-thread-62822#
Step "Get Content From Deployment Descriptor" finished#
#2026 07 30 02:49:54.016#Z#DEBUG#3ed74488-8bc1-11f1-85f0-eeee0a91cfe7.OPERATION#flowable-async-job-executor-thread-31551#
[BindServiceToApplicationStep] Executing task "bindServiceToApplicationTask" of process "48e0b17d-8bc1-11f1-a9c8-eeee0a9b2538"...#
#2026 07 30 02:49:54.018#Z#DEBUG#3ed74488-8bc1-11f1-85f0-eeee0a91cfe7.OPERATION#flowable-async-job-executor-thread-31551#
[BindServiceToApplicationStep] Getting async job "ae0ee38c-f4e8-4f70-9f3b-6993d44213bf"#
#2026 07 30 02:49:54.051#Z#DEBUG#3ed74488-8bc1-11f1-85f0-eeee0a91cfe7.OPERATION#flowable-async-job-executor-thread-31551#
[BindServiceToApplicationStep] Getting service instance "default_aicore"...#
#2026 07 30 02:49:54.157#Z#DEBUG#3ed74488-8bc1-11f1-85f0-eeee0a91cfe7.OPERATION#flowable-async-job-executor-thread-31551#
[BindServiceToApplicationStep] Async service binding operation with id "ae0ee38c-f4e8-4f70-9f3b-6993d44213bf" finished#
#2026 07 30 02:49:54.158#Z#DEBUG#3ed74488-8bc1-11f1-85f0-eeee0a91cfe7.OPERATION#flowable-async-job-executor-thread-31551#
Step "Bind Service to Application" finished#
#2026 07 30 02:49:54.012#Z#DEBUG#3ed74488-8bc1-11f1-85f0-eeee0a91cfe7.OPERATION#flowable-async-job-executor-thread-62828#
[BindServiceToApplicationStep] Executing task "bindServiceToApplicationTask" of process "48b29c87-8bc1-11f1-949f-eeee0a998610"...#
#2026 07 30 02:49:54.014#Z#DEBUG#3ed74488-8bc1-11f1-85f0-eeee0a91cfe7.OPERATION#flowable-async-job-executor-thread-62828#
[BindServiceToApplicationStep] Getting async job "1f0ab0d8-819f-438e-b3f0-59d7d2e5fbcf"#
#2026 07 30 02:49:54.018#Z#DEBUG#3ed74488-8bc1-11f1-85f0-eeee0a91cfe7.OPERATION#flowable-async-job-executor-thread-62829#
[BindServiceToApplicationStep] Executing task "bindServiceToApplicationTask" of process "488a7b39-8bc1-11f1-85f0-eeee0a91cfe7"...#
#2026 07 30 02:49:54.020#Z#DEBUG#3ed74488-8bc1-11f1-85f0-eeee0a91cfe7.OPERATION#flowable-async-job-executor-thread-62829#
[BindServiceToApplicationStep] Getting async job "11b82b52-f089-4602-908b-b3d9fb57bae4"#
#2026 07 30 02:49:54.049#Z#DEBUG#3ed74488-8bc1-11f1-85f0-eeee0a91cfe7.OPERATION#flowable-async-job-executor-thread-62829#
[BindServiceToApplicationStep] Getting service instance "myfranchise-destination"...#
#2026 07 30 02:49:54.049#Z#DEBUG#3ed74488-8bc1-11f1-85f0-eeee0a91cfe7.OPERATION#flowable-async-job-executor-thread-62828#
[BindServiceToApplicationStep] Getting service instance "myfranchise-auth"...#
#2026 07 30 02:49:54.176#Z#DEBUG#3ed74488-8bc1-11f1-85f0-eeee0a91cfe7.OPERATION#flowable-async-job-executor-thread-62829#
[BindServiceToApplicationStep] Async service binding operation with id "11b82b52-f089-4602-908b-b3d9fb57bae4" finished#
#2026 07 30 02:49:54.177#Z#DEBUG#3ed74488-8bc1-11f1-85f0-eeee0a91cfe7.OPERATION#flowable-async-job-executor-thread-62829#
Step "Bind Service to Application" finished#
#2026 07 30 02:49:54.180#Z#DEBUG#3ed74488-8bc1-11f1-85f0-eeee0a91cfe7.OPERATION#flowable-async-job-executor-thread-62828#
[BindServiceToApplicationStep] Async service binding operation with id "1f0ab0d8-819f-438e-b3f0-59d7d2e5fbcf" finished#
#2026 07 30 02:49:54.181#Z#DEBUG#3ed74488-8bc1-11f1-85f0-eeee0a91cfe7.OPERATION#flowable-async-job-executor-thread-62828#
Step "Bind Service to Application" finished#
#2026 07 30 02:49:54.024#Z#DEBUG#3ed74488-8bc1-11f1-85f0-eeee0a91cfe7.OPERATION#flowable-async-job-executor-thread-62830#
[StageAppStep] Executing task "stageAppTask" of process "46bc71ff-8bc1-11f1-85f0-eeee0a91cfe7"...#
#2026 07 30 02:49:54.026#Z#DEBUG#3ed74488-8bc1-11f1-85f0-eeee0a91cfe7.OPERATION#flowable-async-job-executor-thread-62830#
[StageAppStep] Application stage timeout is default one: 3,600 seconds#
#2026 07 30 02:49:54.027#Z#DEBUG#3ed74488-8bc1-11f1-85f0-eeee0a91cfe7.OPERATION#flowable-async-job-executor-thread-62830#
[StageAppStep] Checking status of application "myfranchise-db-deployer"...#
#2026 07 30 02:49:54.027#Z#DEBUG#3ed74488-8bc1-11f1-85f0-eeee0a91cfe7.OPERATION#flowable-async-job-executor-thread-62830#
[StageAppStep] Getting build "a8988b68-ca3c-4f40-8f64-87366845b96f"...#
#2026 07 30 02:49:54.068#Z#DEBUG#3ed74488-8bc1-11f1-85f0-eeee0a91cfe7.OPERATION#flowable-async-job-executor-thread-62830#
[StageAppStep] Staging status of application "myfranchise-db-deployer": PENDING#
#2026 07 30 02:49:54.071#Z#DEBUG#3ed74488-8bc1-11f1-85f0-eeee0a91cfe7.OPERATION#flowable-async-job-executor-thread-62830#
[StageAppStep] Getting application guid "myfranchise-db-deployer"...#
#2026 07 30 02:49:54.233#Z#DEBUG#3ed74488-8bc1-11f1-85f0-eeee0a91cfe7.OPERATION#flowable-async-job-executor-thread-62830#
Step "Stage App" finished#
#2026 07 30 02:49:56.166#Z#DEBUG#3ed74488-8bc1-11f1-85f0-eeee0a91cfe7.OPERATION#flowable-async-job-executor-thread-31554#
[DetermineVcapServicesPropertiesChangedStep] Executing task "determineVcapServicesPropertiesChangedTask" of process "58da5ab4-8bc1-11f1-949f-eeee0a998610"...#
#2026 07 30 02:49:56.169#Z#DEBUG#3ed74488-8bc1-11f1-85f0-eeee0a91cfe7.OPERATION#flowable-async-job-executor-thread-31554#
[DetermineVcapServicesPropertiesChangedStep] VCAP_SERVICES properties for application "myfranchise-srv" changed: true#
#2026 07 30 02:49:56.169#Z#DEBUG#3ed74488-8bc1-11f1-85f0-eeee0a91cfe7.OPERATION#flowable-async-job-executor-thread-31554#
Step "Determine vcap services properties changed" finished#
#2026 07 30 02:49:56.210#Z#DEBUG#3ed74488-8bc1-11f1-85f0-eeee0a91cfe7.OPERATION#flowable-async-job-executor-thread-31555#
[UploadAppStep] Executing task "uploadAppTask" of process "58da5ab4-8bc1-11f1-949f-eeee0a998610"...#
#2026 07 30 02:49:56.212#Z#DEBUG#3ed74488-8bc1-11f1-85f0-eeee0a91cfe7.OPERATION#flowable-async-job-executor-thread-31555#
[UploadAppStep] Application upload timeout is default one: 3,600 seconds#
#2026 07 30 02:49:56.212#Z#INFO#3ed74488-8bc1-11f1-85f0-eeee0a91cfe7.OPERATION#flowable-async-job-executor-thread-31555#
[UploadAppStep] Uploading application "myfranchise-srv"...#
#2026 07 30 02:49:56.219#Z#DEBUG#3ed74488-8bc1-11f1-85f0-eeee0a91cfe7.OPERATION#flowable-async-job-executor-thread-31555#
[UploadAppStep] Getting application "myfranchise-srv"...#
#2026 07 30 02:49:56.251#Z#DEBUG#3ed74488-8bc1-11f1-85f0-eeee0a91cfe7.OPERATION#flowable-async-job-executor-thread-31555#
[UploadAppStep] Getting environment of application "f3901205-c849-4715-a90c-c13290448bb6"...#
#2026 07 30 02:49:56.291#Z#INFO#3ed74488-8bc1-11f1-85f0-eeee0a91cfe7.OPERATION#flowable-async-job-executor-thread-31555#
[UploadAppStep] Calculating application digest: "myfranchise-srv"#
#2026 07 30 02:49:56.418#Z#DEBUG#3ed74488-8bc1-11f1-85f0-eeee0a91cfe7.OPERATION#flowable-async-job-executor-thread-31555#
Step "Upload App" finished#
#2026 07 30 02:49:52.877#Z#DEBUG#3ed74488-8bc1-11f1-85f0-eeee0a91cfe7.OPERATION#flowable-async-job-executor-thread-62822#
[SynchronousContentDeployStep] Executing task "synchronousContentDeployTask" of process "56da6bce-8bc1-11f1-85f0-eeee0a91cfe7"...#
#2026 07 30 02:49:52.877#Z#INFO#3ed74488-8bc1-11f1-85f0-eeee0a91cfe7.OPERATION#flowable-async-job-executor-thread-62822#
[SynchronousContentDeployStep] Deploying content module "myfranchise-workzone-deployer" in target service "myfranchise-workzone"...#
#2026 07 30 02:49:53.021#Z#DEBUG#3ed74488-8bc1-11f1-85f0-eeee0a91cfe7.OPERATION#flowable-async-job-executor-thread-62822#
[SynchronousContentDeployStep] Processing inline content upload for module: myfranchise-workzone-deployer#
#2026 07 30 02:50:03.103#Z#ERROR#3ed74488-8bc1-11f1-85f0-eeee0a91cfe7.OPERATION#flowable-async-job-executor-thread-62822#
Exception caught#
org.cloudfoundry.multiapps.common.SLException: Content deployment for module "myfranchise-workzone-deployer" to resource "myfranchise-workzone" failed: Operation 'Deploy synchronously' to the URL 'https://portal-service.cfapps.us10.hana.ondemand.com/dts/gacd/v2/deploySync' failed. Remote server responded with HTTP status code 500, error message: 'Internal server error', error type 'null' 
	at org.cloudfoundry.multiapps.controller.process.steps.SyncFlowableStep.processException(SyncFlowableStep.java:156)
	at org.cloudfoundry.multiapps.controller.process.steps.SyncFlowableStep.onStepError(SyncFlowableStep.java:151)
	at org.cloudfoundry.multiapps.controller.process.steps.SyncFlowableStep.handleException(SyncFlowableStep.java:127)
	at org.cloudfoundry.multiapps.controller.process.steps.SyncFlowableStep.executeInternal(SyncFlowableStep.java:88)
	at org.cloudfoundry.multiapps.controller.process.steps.SyncFlowableStep.lambda$execute$0(SyncFlowableStep.java:72)
	at org.cloudfoundry.multiapps.controller.core.util.LoggingUtil.logWithCorrelationId(LoggingUtil.java:14)
	at org.cloudfoundry.multiapps.controller.process.steps.SyncFlowableStep.execute(SyncFlowableStep.java:72)
	at org.flowable.engine.impl.delegate.invocation.JavaDelegateInvocation.invoke(JavaDelegateInvocation.java:35)
	at org.flowable.engine.impl.delegate.invocation.DelegateInvocation.proceed(DelegateInvocation.java:32)
	at org.flowable.engine.impl.delegate.invocation.DefaultDelegateInterceptor.handleInvocation(DefaultDelegateInterceptor.java:26)
	at org.flowable.engine.impl.bpmn.behavior.ServiceTaskDelegateExpressionActivityBehavior.execute(ServiceTaskDelegateExpressionActivityBehavior.java:177)
	at org.flowable.engine.impl.agenda.ContinueProcessOperation.executeActivityBehavior(ContinueProcessOperation.java:298)
	at org.flowable.engine.impl.agenda.ContinueProcessOperation.executeSynchronous(ContinueProcessOperation.java:175)
	at org.flowable.engine.impl.agenda.ContinueProcessOperation.continueThroughFlowNode(ContinueProcessOperation.java:125)
	at org.flowable.engine.impl.agenda.ContinueProcessOperation.run(ContinueProcessOperation.java:88)
	at org.flowable.common.engine.impl.AbstractEngineConfiguration.lambda$new$0(AbstractEngineConfiguration.java:198)
	at org.flowable.engine.impl.interceptor.CommandInvoker.executeOperation(CommandInvoker.java:189)
	at org.flowable.engine.impl.interceptor.CommandInvoker.executeOperations(CommandInvoker.java:128)
	at org.flowable.engine.impl.interceptor.CommandInvoker.execute(CommandInvoker.java:80)
	at org.flowable.engine.impl.interceptor.BpmnOverrideContextInterceptor.execute(BpmnOverrideContextInterceptor.java:26)
	at org.flowable.common.engine.impl.interceptor.TransactionContextInterceptor.execute(TransactionContextInterceptor.java:53)
	at org.flowable.common.engine.impl.interceptor.CommandContextInterceptor.execute(CommandContextInterceptor.java:105)
	at org.flowable.common.spring.SpringTransactionInterceptor.lambda$execute$0(SpringTransactionInterceptor.java:57)
	at org.springframework.transaction.support.TransactionTemplate.execute(TransactionTemplate.java:140)
	at org.flowable.common.spring.SpringTransactionInterceptor.execute(SpringTransactionInterceptor.java:57)
	at org.flowable.common.engine.impl.interceptor.LogInterceptor.execute(LogInterceptor.java:30)
	at org.flowable.common.engine.impl.cfg.CommandExecutorImpl.execute(CommandExecutorImpl.java:56)
	at org.flowable.common.engine.impl.cfg.CommandExecutorImpl.execute(CommandExecutorImpl.java:51)
	at org.flowable.job.service.impl.asyncexecutor.ExecuteAsyncRunnable.handleTransactionalJob(ExecuteAsyncRunnable.java:177)
	at org.flowable.job.service.impl.asyncexecutor.ExecuteAsyncRunnable.executeJob(ExecuteAsyncRunnable.java:146)
	at org.flowable.job.service.impl.asyncexecutor.ExecuteAsyncRunnable.runInternally(ExecuteAsyncRunnable.java:122)
	at org.flowable.job.service.impl.asyncexecutor.ExecuteAsyncRunnable.run(ExecuteAsyncRunnable.java:96)
	at java.base/java.util.concurrent.ThreadPoolExecutor.runWorker(ThreadPoolExecutor.java:1090)
	at java.base/java.util.concurrent.ThreadPoolExecutor$Worker.run(ThreadPoolExecutor.java:614)
	at java.base/java.lang.Thread.run(Thread.java:1474)
Caused by: com.sap.cloud.lm.sl.cf.sap.content.client.ContentDeployerException: Operation 'Deploy synchronously' to the URL 'https://portal-service.cfapps.us10.hana.ondemand.com/dts/gacd/v2/deploySync' failed. Remote server responded with HTTP status code 500, error message: 'Internal server error', error type 'null'
	at com.sap.cloud.lm.sl.cf.sap.content.client.impl.GACDClientV2Impl.deployInlineContent(GACDClientV2Impl.java:151)
	at com.sap.cloud.lm.sl.cf.sap.content.client.impl.ResilientGACDClientV2Impl.lambda$deployInlineContent$0(ResilientGACDClientV2Impl.java:32)
	at org.cloudfoundry.multiapps.controller.client.util.ResilientOperationExecutor.execute(ResilientOperationExecutor.java:48)
	at com.sap.cloud.lm.sl.cf.sap.content.client.impl.ResilientGACDClientV2Impl.deployInlineContent(ResilientGACDClientV2Impl.java:31)
	at com.sap.cloud.lm.sl.cf.sap.process.steps.SynchronousContentDeployStep.deployInlineContent(SynchronousContentDeployStep.java:98)
	at com.sap.cloud.lm.sl.cf.sap.process.steps.SynchronousContentDeployStep.deployContent(SynchronousContentDeployStep.java:85)
	at com.sap.cloud.lm.sl.cf.sap.process.steps.SynchronousContentDeployStep.executeStep(SynchronousContentDeployStep.java:54)
	at org.cloudfoundry.multiapps.controller.process.steps.SyncFlowableStep.executeInternal(SyncFlowableStep.java:82)
	... 31 more
Caused by: com.sap.lm.sl.alm.ts.gacd.client.GacClientException: Operation 'Deploy synchronously' to the URL 'https://portal-service.cfapps.us10.hana.ondemand.com/dts/gacd/v2/deploySync' failed. Remote server responded with HTTP status code 500, error message: 'Internal server error', error type 'null'
	at com.sap.lm.sl.alm.ts.gacd.client.RestHelper.handleResponse(RestHelper.java:84)
	at com.sap.lm.sl.alm.ts.gacd.client.RestHelper.doMultipartPost(RestHelper.java:245)
	at com.sap.lm.sl.alm.ts.gacd.client.v2.GacDeployClientV2.deploySync(GacDeployClientV2.java:215)
	at com.sap.cloud.lm.sl.cf.sap.content.client.impl.GACDClientV2Impl.deployInlineContent(GACDClientV2Impl.java:147)
	... 38 more
#2026 07 30 02:50:03.110#Z#DEBUG#3ed74488-8bc1-11f1-85f0-eeee0a91cfe7.OPERATION#flowable-async-job-executor-thread-62822#
Step "Synchronous Deploy" finished#
#2026 07 30 02:50:04.028#Z#DEBUG#3ed74488-8bc1-11f1-85f0-eeee0a91cfe7.OPERATION#flowable-async-job-executor-thread-62839#
[StageAppStep] Executing task "stageAppTask" of process "46bc71ff-8bc1-11f1-85f0-eeee0a91cfe7"...#
#2026 07 30 02:50:04.031#Z#DEBUG#3ed74488-8bc1-11f1-85f0-eeee0a91cfe7.OPERATION#flowable-async-job-executor-thread-62839#
[StageAppStep] Application stage timeout is default one: 3,600 seconds#
#2026 07 30 02:50:04.098#Z#DEBUG#3ed74488-8bc1-11f1-85f0-eeee0a91cfe7.OPERATION#flowable-async-job-executor-thread-62839#
[StageAppStep] Checking status of application "myfranchise-db-deployer"...#
#2026 07 30 02:50:04.098#Z#DEBUG#3ed74488-8bc1-11f1-85f0-eeee0a91cfe7.OPERATION#flowable-async-job-executor-thread-62839#
[StageAppStep] Getting build "a8988b68-ca3c-4f40-8f64-87366845b96f"...#
#2026 07 30 02:50:04.146#Z#DEBUG#3ed74488-8bc1-11f1-85f0-eeee0a91cfe7.OPERATION#flowable-async-job-executor-thread-62839#
[StageAppStep] Staging status of application "myfranchise-db-deployer": PENDING#
#2026 07 30 02:50:04.147#Z#DEBUG#3ed74488-8bc1-11f1-85f0-eeee0a91cfe7.OPERATION#flowable-async-job-executor-thread-62839#
[StageAppStep] Getting application guid "myfranchise-db-deployer"...#
#2026 07 30 02:50:04.268#Z#DEBUG#3ed74488-8bc1-11f1-85f0-eeee0a91cfe7.OPERATION#flowable-async-job-executor-thread-62839#
Step "Stage App" finished#
#2026 07 30 02:50:04.032#Z#DEBUG#3ed74488-8bc1-11f1-85f0-eeee0a91cfe7.OPERATION#flowable-async-job-executor-thread-62840#
[UploadAppStep] Executing task "uploadAppTask" of process "58da5ab4-8bc1-11f1-949f-eeee0a998610"...#
#2026 07 30 02:50:04.034#Z#DEBUG#3ed74488-8bc1-11f1-85f0-eeee0a91cfe7.OPERATION#flowable-async-job-executor-thread-62840#
[UploadAppStep] Application upload timeout is default one: 3,600 seconds#
#2026 07 30 02:50:04.110#Z#DEBUG#3ed74488-8bc1-11f1-85f0-eeee0a91cfe7.OPERATION#pool-21-thread-3#
[UploadAppStep] Upload of application: myfranchise-srv started on instance: 1#
#2026 07 30 02:50:04.110#Z#DEBUG#3ed74488-8bc1-11f1-85f0-eeee0a91cfe7.OPERATION#pool-21-thread-3#
[UploadAppStep] Uploading file "myfranchise-srv/data.zip" for application "myfranchise-srv"#
#2026 07 30 02:50:04.262#Z#INFO#3ed74488-8bc1-11f1-85f0-eeee0a91cfe7.OPERATION#pool-21-thread-3#
[UploadAppStep] Time elapsed for app binary download: 151 in millis#
#2026 07 30 02:50:04.262#Z#INFO#3ed74488-8bc1-11f1-85f0-eeee0a91cfe7.OPERATION#pool-21-thread-3#
[UploadAppStep] Size of app myfranchise-srv is 10,758,828 bytes#
#2026 07 30 02:50:04.262#Z#DEBUG#3ed74488-8bc1-11f1-85f0-eeee0a91cfe7.OPERATION#pool-21-thread-3#
[UploadAppStep] Asynchronously uploading binaries for application "myfranchise-srv"...#
#2026 07 30 02:50:04.573#Z#INFO#3ed74488-8bc1-11f1-85f0-eeee0a91cfe7.OPERATION#pool-21-thread-3#
[UploadAppStep] Started async upload of application "myfranchise-srv"#
#2026 07 30 02:50:04.578#Z#INFO#3ed74488-8bc1-11f1-85f0-eeee0a91cfe7.OPERATION#flowable-async-job-executor-thread-62840#
[UploadAppStep] Time elapsed for upload: 543 in millis#
#2026 07 30 02:50:04.578#Z#DEBUG#3ed74488-8bc1-11f1-85f0-eeee0a91cfe7.OPERATION#flowable-async-job-executor-thread-62840#
[UploadAppStep] Getting application "myfranchise-srv"...#
#2026 07 30 02:50:04.603#Z#DEBUG#3ed74488-8bc1-11f1-85f0-eeee0a91cfe7.OPERATION#App upload monitor: dfc44723-e2da-4e29-ac6e-432a97cc803a#
[UploadAppStep] Upload status: PROCESSING_UPLOAD#
#2026 07 30 02:50:04.612#Z#DEBUG#3ed74488-8bc1-11f1-85f0-eeee0a91cfe7.OPERATION#flowable-async-job-executor-thread-62840#
[UploadAppStep] Getting environment of application "f3901205-c849-4715-a90c-c13290448bb6"...#
#2026 07 30 02:50:04.653#Z#DEBUG#3ed74488-8bc1-11f1-85f0-eeee0a91cfe7.OPERATION#flowable-async-job-executor-thread-62840#
[UploadAppStep] Updating environment of application "myfranchise-srv"#
#2026 07 30 02:50:04.763#Z#DEBUG#3ed74488-8bc1-11f1-85f0-eeee0a91cfe7.OPERATION#flowable-async-job-executor-thread-62840#
Step "Upload App" finished#
#2026 07 30 02:50:06.494#Z#DEBUG#3ed74488-8bc1-11f1-85f0-eeee0a91cfe7.OPERATION#flowable-async-job-executor-thread-62841#
[BuildContentDeploymentConfigurationStep] Executing task "buildContentDeploymentConfigurationTask" of process "46c0b862-8bc1-11f1-85f0-eeee0a91cfe7"...#
#2026 07 30 02:50:06.499#Z#DEBUG#3ed74488-8bc1-11f1-85f0-eeee0a91cfe7.OPERATION#ForkJoinPool-119-worker-1#
[BuildContentDeploymentConfigurationStep] Getting service key "myfranchise-workzone-key" for service instance "myfranchise-workzone"...#
#2026 07 30 02:50:06.499#Z#DEBUG#3ed74488-8bc1-11f1-85f0-eeee0a91cfe7.OPERATION#ForkJoinPool-119-worker-2#
[BuildContentDeploymentConfigurationStep] Getting service key "myfranchise-html5-repo-host-key" for service instance "myfranchise-html5-repo-host"...#
#2026 07 30 02:50:06.500#Z#DEBUG#3ed74488-8bc1-11f1-85f0-eeee0a91cfe7.OPERATION#ForkJoinPool-119-worker-3#
[BuildContentDeploymentConfigurationStep] Getting service key "myfranchise-auth-key" for service instance "myfranchise-auth"...#
#2026 07 30 02:50:06.692#Z#INFO#3ed74488-8bc1-11f1-85f0-eeee0a91cfe7.OPERATION#ForkJoinPool-119-worker-1#
[BuildContentDeploymentConfigurationStep] Service key "myfranchise-workzone-key" for service "myfranchise-workzone" already exists#
#2026 07 30 02:50:06.701#Z#INFO#3ed74488-8bc1-11f1-85f0-eeee0a91cfe7.OPERATION#ForkJoinPool-119-worker-3#
[BuildContentDeploymentConfigurationStep] Service key "myfranchise-auth-key" for service "myfranchise-auth" already exists#
#2026 07 30 02:50:06.701#Z#INFO#3ed74488-8bc1-11f1-85f0-eeee0a91cfe7.OPERATION#ForkJoinPool-119-worker-2#
[BuildContentDeploymentConfigurationStep] Service key "myfranchise-html5-repo-host-key" for service "myfranchise-html5-repo-host" already exists#
#2026 07 30 02:50:06.709#Z#DEBUG#3ed74488-8bc1-11f1-85f0-eeee0a91cfe7.OPERATION#flowable-async-job-executor-thread-62841#
Step "Build Content Deployment Configuration" finished#
#2026 07 30 02:50:06.712#Z#DEBUG#3ed74488-8bc1-11f1-85f0-eeee0a91cfe7.OPERATION#flowable-async-job-executor-thread-62841#
[CreateContentDeployClientConfigurationStep] Executing task "createContentDeployClientConfigurationTask" of process "5f2fc10b-8bc1-11f1-85f0-eeee0a91cfe7"...#
#2026 07 30 02:50:06.712#Z#DEBUG#3ed74488-8bc1-11f1-85f0-eeee0a91cfe7.OPERATION#flowable-async-job-executor-thread-62841#
[CreateContentDeployClientConfigurationStep] Content deployer client configuration: {
  "contentDeployerUrl" : "https://portal-service.cfapps.us10.hana.ondemand.com/dts/gacd",
  "uaaClientConfiguration" : {
    "url" : "********",
    "credentials" : "********",
    "authenticationStrategyType" : "********"
  },
  "httpRequestHeaders" : {
    "X-CorrelationID" : "3ed74488-8bc1-11f1-85f0-eeee0a91cfe7"
  },
  "spaceId" : "87beb70a-51f1-4835-b470-a7ccd9062962",
  "serviceName" : "myfranchise-workzone"
}#
#2026 07 30 02:50:06.881#Z#DEBUG#3ed74488-8bc1-11f1-85f0-eeee0a91cfe7.OPERATION#flowable-async-job-executor-thread-62841#
Step "Create Content Deploy Client Configuration" finished#
#2026 07 30 02:50:06.882#Z#DEBUG#3ed74488-8bc1-11f1-85f0-eeee0a91cfe7.OPERATION#flowable-async-job-executor-thread-62841#
[GetContentFromDeploymentDescriptorStep] Executing task "getContentFromDeploymentDescriptorTask" of process "5f2fc10b-8bc1-11f1-85f0-eeee0a91cfe7"...#
#2026 07 30 02:50:06.883#Z#DEBUG#3ed74488-8bc1-11f1-85f0-eeee0a91cfe7.OPERATION#flowable-async-job-executor-thread-62841#
[GetContentFromDeploymentDescriptorStep] Content for module: "myfranchise-workzone-deployer" is: "{
  "id" : "f38f2d66-9027-4b22-a4a2-9642e2f919dd",
  "contentType" : "EMBEDDED",
  "content" : {
    "instance" : {
      "destinations" : [ {
        "Name" : "myfranchise-html5-repository",
        "ServiceInstanceName" : "myfranchise-html5-repo-host",
        "ServiceKeyName" : "********",
        "sap.cloud.service" : "myfranchise.service"
      }, {
        "Authentication" : "********",
        "Name" : "********",
        "ServiceInstanceName" : "********",
        "ServiceKeyName" : "********",
        "sap.cloud.service" : "myfranchise.service"
      } ],
      "existing_destinations_policy" : "update"
    }
  }
}"#
#2026 07 30 02:50:06.883#Z#DEBUG#3ed74488-8bc1-11f1-85f0-eeee0a91cfe7.OPERATION#flowable-async-job-executor-thread-62841#
Step "Get Content From Deployment Descriptor" finished#
#2026 07 30 02:50:14.065#Z#DEBUG#3ed74488-8bc1-11f1-85f0-eeee0a91cfe7.OPERATION#flowable-async-job-executor-thread-31557#
[UploadAppStep] Executing task "uploadAppTask" of process "58da5ab4-8bc1-11f1-949f-eeee0a998610"...#
#2026 07 30 02:50:14.068#Z#DEBUG#3ed74488-8bc1-11f1-85f0-eeee0a91cfe7.OPERATION#flowable-async-job-executor-thread-31557#
[UploadAppStep] Application upload timeout is default one: 3,600 seconds#
#2026 07 30 02:50:14.068#Z#DEBUG#3ed74488-8bc1-11f1-85f0-eeee0a91cfe7.OPERATION#flowable-async-job-executor-thread-31557#
[UploadAppStep] Checking upload status of application "myfranchise-srv"...#
#2026 07 30 02:50:14.069#Z#DEBUG#3ed74488-8bc1-11f1-85f0-eeee0a91cfe7.OPERATION#flowable-async-job-executor-thread-31557#
[UploadAppStep] Getting package "dfc44723-e2da-4e29-ac6e-432a97cc803a"...#
#2026 07 30 02:50:14.099#Z#DEBUG#3ed74488-8bc1-11f1-85f0-eeee0a91cfe7.OPERATION#flowable-async-job-executor-thread-31557#
[UploadAppStep] Application "myfranchise-srv" uploaded#
#2026 07 30 02:50:14.101#Z#DEBUG#3ed74488-8bc1-11f1-85f0-eeee0a91cfe7.OPERATION#flowable-async-job-executor-thread-31557#
Step "Upload App" finished#
#2026 07 30 02:50:14.044#Z#DEBUG#3ed74488-8bc1-11f1-85f0-eeee0a91cfe7.OPERATION#flowable-async-job-executor-thread-62844#
[StageAppStep] Executing task "stageAppTask" of process "46bc71ff-8bc1-11f1-85f0-eeee0a91cfe7"...#
#2026 07 30 02:50:14.046#Z#DEBUG#3ed74488-8bc1-11f1-85f0-eeee0a91cfe7.OPERATION#flowable-async-job-executor-thread-62844#
[StageAppStep] Application stage timeout is default one: 3,600 seconds#
#2026 07 30 02:50:14.047#Z#DEBUG#3ed74488-8bc1-11f1-85f0-eeee0a91cfe7.OPERATION#flowable-async-job-executor-thread-62844#
[StageAppStep] Checking status of application "myfranchise-db-deployer"...#
#2026 07 30 02:50:14.047#Z#DEBUG#3ed74488-8bc1-11f1-85f0-eeee0a91cfe7.OPERATION#flowable-async-job-executor-thread-62844#
[StageAppStep] Getting build "a8988b68-ca3c-4f40-8f64-87366845b96f"...#
#2026 07 30 02:50:14.079#Z#DEBUG#3ed74488-8bc1-11f1-85f0-eeee0a91cfe7.OPERATION#flowable-async-job-executor-thread-62844#
[StageAppStep] Staging status of application "myfranchise-db-deployer": PENDING#
#2026 07 30 02:50:14.080#Z#DEBUG#3ed74488-8bc1-11f1-85f0-eeee0a91cfe7.OPERATION#flowable-async-job-executor-thread-62844#
[StageAppStep] Getting application guid "myfranchise-db-deployer"...#
#2026 07 30 02:50:14.169#Z#DEBUG#3ed74488-8bc1-11f1-85f0-eeee0a91cfe7.OPERATION#flowable-async-job-executor-thread-62844#
Step "Stage App" finished#
#2026 07 30 02:50:14.144#Z#DEBUG#3ed74488-8bc1-11f1-85f0-eeee0a91cfe7.OPERATION#flowable-async-job-executor-thread-31558#
[ScaleAppStep] Executing task "scaleAppTask" of process "58da5ab4-8bc1-11f1-949f-eeee0a998610"...#
#2026 07 30 02:50:14.147#Z#DEBUG#3ed74488-8bc1-11f1-85f0-eeee0a91cfe7.OPERATION#flowable-async-job-executor-thread-31558#
[ScaleAppStep] Scaling application "myfranchise-srv"...#
#2026 07 30 02:50:14.147#Z#DEBUG#3ed74488-8bc1-11f1-85f0-eeee0a91cfe7.OPERATION#flowable-async-job-executor-thread-31558#
[ScaleAppStep] Getting application guid "myfranchise-srv"...#
#2026 07 30 02:50:14.179#Z#DEBUG#3ed74488-8bc1-11f1-85f0-eeee0a91cfe7.OPERATION#flowable-async-job-executor-thread-31558#
[ScaleAppStep] Getting process for application "f3901205-c849-4715-a90c-c13290448bb6"...#
#2026 07 30 02:50:14.212#Z#DEBUG#3ed74488-8bc1-11f1-85f0-eeee0a91cfe7.OPERATION#flowable-async-job-executor-thread-31558#
[ScaleAppStep] Application "myfranchise-srv" scaled#
#2026 07 30 02:50:14.212#Z#DEBUG#3ed74488-8bc1-11f1-85f0-eeee0a91cfe7.OPERATION#flowable-async-job-executor-thread-31558#
Step "Scale App" finished#
#2026 07 30 02:50:14.249#Z#DEBUG#3ed74488-8bc1-11f1-85f0-eeee0a91cfe7.OPERATION#flowable-async-job-executor-thread-31559#
[DetermineDesiredStateAchievingActionsStep] Executing task "determineDesiredStateAchievingActionsTask" of process "58da5ab4-8bc1-11f1-949f-eeee0a998610"...#
#2026 07 30 02:50:14.251#Z#DEBUG#3ed74488-8bc1-11f1-85f0-eeee0a91cfe7.OPERATION#flowable-async-job-executor-thread-31559#
[DetermineDesiredStateAchievingActionsStep] Getting application "myfranchise-srv"...#
#2026 07 30 02:50:14.287#Z#DEBUG#3ed74488-8bc1-11f1-85f0-eeee0a91cfe7.OPERATION#flowable-async-job-executor-thread-31559#
[DetermineDesiredStateAchievingActionsStep] Getting instances for application "myfranchise-srv"...#
#2026 07 30 02:50:14.344#Z#DEBUG#3ed74488-8bc1-11f1-85f0-eeee0a91cfe7.OPERATION#flowable-async-job-executor-thread-31559#
[DetermineDesiredStateAchievingActionsStep] Getting environment of application "f3901205-c849-4715-a90c-c13290448bb6"...#
#2026 07 30 02:50:14.382#Z#DEBUG#3ed74488-8bc1-11f1-85f0-eeee0a91cfe7.OPERATION#flowable-async-job-executor-thread-31559#
[DetermineDesiredStateAchievingActionsStep] Current state of application myfranchise-srv: STARTED#
#2026 07 30 02:50:14.382#Z#DEBUG#3ed74488-8bc1-11f1-85f0-eeee0a91cfe7.OPERATION#flowable-async-job-executor-thread-31559#
[DetermineDesiredStateAchievingActionsStep] Desired state of application myfranchise-srv: STARTED#
#2026 07 30 02:50:14.382#Z#DEBUG#3ed74488-8bc1-11f1-85f0-eeee0a91cfe7.OPERATION#flowable-async-job-executor-thread-31559#
[DetermineDesiredStateAchievingActionsStep] Actions that should be executed on application myfranchise-srv: [STOP, STAGE, START]#
#2026 07 30 02:50:14.383#Z#DEBUG#3ed74488-8bc1-11f1-85f0-eeee0a91cfe7.OPERATION#flowable-async-job-executor-thread-31559#
Step "Determine Desired State Achieving Actions" finished#
#2026 07 30 02:50:14.421#Z#DEBUG#3ed74488-8bc1-11f1-85f0-eeee0a91cfe7.OPERATION#flowable-async-job-executor-thread-31560#
[StopAppStep] Executing task "stopAppTask" of process "58da5ab4-8bc1-11f1-949f-eeee0a998610"...#
#2026 07 30 02:50:14.425#Z#INFO#3ed74488-8bc1-11f1-85f0-eeee0a91cfe7.OPERATION#flowable-async-job-executor-thread-31560#
[StopAppStep] Stopping application "myfranchise-srv"...#
#2026 07 30 02:50:14.432#Z#DEBUG#3ed74488-8bc1-11f1-85f0-eeee0a91cfe7.OPERATION#flowable-async-job-executor-thread-31560#
[StopAppStep] Stopping application "myfranchise-srv"...#
#2026 07 30 02:50:14.588#Z#DEBUG#3ed74488-8bc1-11f1-85f0-eeee0a91cfe7.OPERATION#flowable-async-job-executor-thread-31560#
[StopAppStep] Application "myfranchise-srv" stopped#
#2026 07 30 02:50:14.588#Z#DEBUG#3ed74488-8bc1-11f1-85f0-eeee0a91cfe7.OPERATION#flowable-async-job-executor-thread-31560#
[StopAppStep] Getting environment of application "f3901205-c849-4715-a90c-c13290448bb6"...#
#2026 07 30 02:50:14.619#Z#DEBUG#3ed74488-8bc1-11f1-85f0-eeee0a91cfe7.OPERATION#flowable-async-job-executor-thread-31560#
Step "Stop App" finished#
#2026 07 30 02:50:09.628#Z#DEBUG#3ed74488-8bc1-11f1-85f0-eeee0a91cfe7.OPERATION#App upload monitor: dfc44723-e2da-4e29-ac6e-432a97cc803a#
[UploadAppStep] Upload status: PROCESSING_UPLOAD#
#2026 07 30 02:50:14.656#Z#DEBUG#3ed74488-8bc1-11f1-85f0-eeee0a91cfe7.OPERATION#App upload monitor: dfc44723-e2da-4e29-ac6e-432a97cc803a#
[UploadAppStep] Upload status: READY#
#2026 07 30 02:50:14.673#Z#DEBUG#3ed74488-8bc1-11f1-85f0-eeee0a91cfe7.OPERATION#flowable-async-job-executor-thread-31561#
[StageAppStep] Executing task "stageAppTask" of process "63e7078f-8bc1-11f1-949f-eeee0a998610"...#
#2026 07 30 02:50:14.676#Z#DEBUG#3ed74488-8bc1-11f1-85f0-eeee0a91cfe7.OPERATION#flowable-async-job-executor-thread-31561#
[StageAppStep] Application stage timeout is default one: 3,600 seconds#
#2026 07 30 02:50:14.679#Z#INFO#3ed74488-8bc1-11f1-85f0-eeee0a91cfe7.OPERATION#flowable-async-job-executor-thread-31561#
[StageAppStep] Staging application "myfranchise-srv"...#
#2026 07 30 02:50:14.684#Z#DEBUG#3ed74488-8bc1-11f1-85f0-eeee0a91cfe7.OPERATION#flowable-async-job-executor-thread-31561#
[StageAppStep] Creating build for package "dfc44723-e2da-4e29-ac6e-432a97cc803a"...#
#2026 07 30 02:50:15.099#Z#DEBUG#3ed74488-8bc1-11f1-85f0-eeee0a91cfe7.OPERATION#flowable-async-job-executor-thread-31561#
Step "Stage App" finished#
#2026 07 30 02:50:06.883#Z#DEBUG#3ed74488-8bc1-11f1-85f0-eeee0a91cfe7.OPERATION#flowable-async-job-executor-thread-62841#
[SynchronousContentDeployStep] Executing task "synchronousContentDeployTask" of process "5f2fc10b-8bc1-11f1-85f0-eeee0a91cfe7"...#
#2026 07 30 02:50:06.884#Z#INFO#3ed74488-8bc1-11f1-85f0-eeee0a91cfe7.OPERATION#flowable-async-job-executor-thread-62841#
[SynchronousContentDeployStep] Deploying content module "myfranchise-workzone-deployer" in target service "myfranchise-workzone"...#
#2026 07 30 02:50:06.953#Z#DEBUG#3ed74488-8bc1-11f1-85f0-eeee0a91cfe7.OPERATION#flowable-async-job-executor-thread-62841#
[SynchronousContentDeployStep] Processing inline content upload for module: myfranchise-workzone-deployer#
#2026 07 30 02:50:17.031#Z#ERROR#3ed74488-8bc1-11f1-85f0-eeee0a91cfe7.OPERATION#flowable-async-job-executor-thread-62841#
Exception caught#
org.cloudfoundry.multiapps.common.SLException: Content deployment for module "myfranchise-workzone-deployer" to resource "myfranchise-workzone" failed: Operation 'Deploy synchronously' to the URL 'https://portal-service.cfapps.us10.hana.ondemand.com/dts/gacd/v2/deploySync' failed. Remote server responded with HTTP status code 500, error message: 'Internal server error', error type 'null' 
	at org.cloudfoundry.multiapps.controller.process.steps.SyncFlowableStep.processException(SyncFlowableStep.java:156)
	at org.cloudfoundry.multiapps.controller.process.steps.SyncFlowableStep.onStepError(SyncFlowableStep.java:151)
	at org.cloudfoundry.multiapps.controller.process.steps.SyncFlowableStep.handleException(SyncFlowableStep.java:127)
	at org.cloudfoundry.multiapps.controller.process.steps.SyncFlowableStep.executeInternal(SyncFlowableStep.java:88)
	at org.cloudfoundry.multiapps.controller.process.steps.SyncFlowableStep.lambda$execute$0(SyncFlowableStep.java:72)
	at org.cloudfoundry.multiapps.controller.core.util.LoggingUtil.logWithCorrelationId(LoggingUtil.java:14)
	at org.cloudfoundry.multiapps.controller.process.steps.SyncFlowableStep.execute(SyncFlowableStep.java:72)
	at org.flowable.engine.impl.delegate.invocation.JavaDelegateInvocation.invoke(JavaDelegateInvocation.java:35)
	at org.flowable.engine.impl.delegate.invocation.DelegateInvocation.proceed(DelegateInvocation.java:32)
	at org.flowable.engine.impl.delegate.invocation.DefaultDelegateInterceptor.handleInvocation(DefaultDelegateInterceptor.java:26)
	at org.flowable.engine.impl.bpmn.behavior.ServiceTaskDelegateExpressionActivityBehavior.execute(ServiceTaskDelegateExpressionActivityBehavior.java:177)
	at org.flowable.engine.impl.agenda.ContinueProcessOperation.executeActivityBehavior(ContinueProcessOperation.java:298)
	at org.flowable.engine.impl.agenda.ContinueProcessOperation.executeSynchronous(ContinueProcessOperation.java:175)
	at org.flowable.engine.impl.agenda.ContinueProcessOperation.continueThroughFlowNode(ContinueProcessOperation.java:125)
	at org.flowable.engine.impl.agenda.ContinueProcessOperation.run(ContinueProcessOperation.java:88)
	at org.flowable.common.engine.impl.AbstractEngineConfiguration.lambda$new$0(AbstractEngineConfiguration.java:198)
	at org.flowable.engine.impl.interceptor.CommandInvoker.executeOperation(CommandInvoker.java:189)
	at org.flowable.engine.impl.interceptor.CommandInvoker.executeOperations(CommandInvoker.java:128)
	at org.flowable.engine.impl.interceptor.CommandInvoker.execute(CommandInvoker.java:80)
	at org.flowable.engine.impl.interceptor.BpmnOverrideContextInterceptor.execute(BpmnOverrideContextInterceptor.java:26)
	at org.flowable.common.engine.impl.interceptor.TransactionContextInterceptor.execute(TransactionContextInterceptor.java:53)
	at org.flowable.common.engine.impl.interceptor.CommandContextInterceptor.execute(CommandContextInterceptor.java:105)
	at org.flowable.common.spring.SpringTransactionInterceptor.lambda$execute$0(SpringTransactionInterceptor.java:57)
	at org.springframework.transaction.support.TransactionTemplate.execute(TransactionTemplate.java:140)
	at org.flowable.common.spring.SpringTransactionInterceptor.execute(SpringTransactionInterceptor.java:57)
	at org.flowable.common.engine.impl.interceptor.LogInterceptor.execute(LogInterceptor.java:30)
	at org.flowable.common.engine.impl.cfg.CommandExecutorImpl.execute(CommandExecutorImpl.java:56)
	at org.flowable.common.engine.impl.cfg.CommandExecutorImpl.execute(CommandExecutorImpl.java:51)
	at org.flowable.job.service.impl.asyncexecutor.ExecuteAsyncRunnable.handleTransactionalJob(ExecuteAsyncRunnable.java:177)
	at org.flowable.job.service.impl.asyncexecutor.ExecuteAsyncRunnable.executeJob(ExecuteAsyncRunnable.java:146)
	at org.flowable.job.service.impl.asyncexecutor.ExecuteAsyncRunnable.runInternally(ExecuteAsyncRunnable.java:122)
	at org.flowable.job.service.impl.asyncexecutor.ExecuteAsyncRunnable.run(ExecuteAsyncRunnable.java:96)
	at java.base/java.util.concurrent.ThreadPoolExecutor.runWorker(ThreadPoolExecutor.java:1090)
	at java.base/java.util.concurrent.ThreadPoolExecutor$Worker.run(ThreadPoolExecutor.java:614)
	at java.base/java.lang.Thread.run(Thread.java:1474)
Caused by: com.sap.cloud.lm.sl.cf.sap.content.client.ContentDeployerException: Operation 'Deploy synchronously' to the URL 'https://portal-service.cfapps.us10.hana.ondemand.com/dts/gacd/v2/deploySync' failed. Remote server responded with HTTP status code 500, error message: 'Internal server error', error type 'null'
	at com.sap.cloud.lm.sl.cf.sap.content.client.impl.GACDClientV2Impl.deployInlineContent(GACDClientV2Impl.java:151)
	at com.sap.cloud.lm.sl.cf.sap.content.client.impl.ResilientGACDClientV2Impl.lambda$deployInlineContent$0(ResilientGACDClientV2Impl.java:32)
	at org.cloudfoundry.multiapps.controller.client.util.ResilientOperationExecutor.execute(ResilientOperationExecutor.java:48)
	at com.sap.cloud.lm.sl.cf.sap.content.client.impl.ResilientGACDClientV2Impl.deployInlineContent(ResilientGACDClientV2Impl.java:31)
	at com.sap.cloud.lm.sl.cf.sap.process.steps.SynchronousContentDeployStep.deployInlineContent(SynchronousContentDeployStep.java:98)
	at com.sap.cloud.lm.sl.cf.sap.process.steps.SynchronousContentDeployStep.deployContent(SynchronousContentDeployStep.java:85)
	at com.sap.cloud.lm.sl.cf.sap.process.steps.SynchronousContentDeployStep.executeStep(SynchronousContentDeployStep.java:54)
	at org.cloudfoundry.multiapps.controller.process.steps.SyncFlowableStep.executeInternal(SyncFlowableStep.java:82)
	... 31 more
Caused by: com.sap.lm.sl.alm.ts.gacd.client.GacClientException: Operation 'Deploy synchronously' to the URL 'https://portal-service.cfapps.us10.hana.ondemand.com/dts/gacd/v2/deploySync' failed. Remote server responded with HTTP status code 500, error message: 'Internal server error', error type 'null'
	at com.sap.lm.sl.alm.ts.gacd.client.RestHelper.handleResponse(RestHelper.java:84)
	at com.sap.lm.sl.alm.ts.gacd.client.RestHelper.doMultipartPost(RestHelper.java:245)
	at com.sap.lm.sl.alm.ts.gacd.client.v2.GacDeployClientV2.deploySync(GacDeployClientV2.java:215)
	at com.sap.cloud.lm.sl.cf.sap.content.client.impl.GACDClientV2Impl.deployInlineContent(GACDClientV2Impl.java:147)
	... 38 more
#2026 07 30 02:50:17.037#Z#DEBUG#3ed74488-8bc1-11f1-85f0-eeee0a91cfe7.OPERATION#flowable-async-job-executor-thread-62841#
Step "Synchronous Deploy" finished#
#2026 07 30 02:50:24.061#Z#DEBUG#3ed74488-8bc1-11f1-85f0-eeee0a91cfe7.OPERATION#flowable-async-job-executor-thread-62849#
[StageAppStep] Executing task "stageAppTask" of process "46bc71ff-8bc1-11f1-85f0-eeee0a91cfe7"...#
#2026 07 30 02:50:24.063#Z#DEBUG#3ed74488-8bc1-11f1-85f0-eeee0a91cfe7.OPERATION#flowable-async-job-executor-thread-62849#
[StageAppStep] Application stage timeout is default one: 3,600 seconds#
#2026 07 30 02:50:24.068#Z#DEBUG#3ed74488-8bc1-11f1-85f0-eeee0a91cfe7.OPERATION#flowable-async-job-executor-thread-62850#
[StageAppStep] Executing task "stageAppTask" of process "63e7078f-8bc1-11f1-949f-eeee0a998610"...#
#2026 07 30 02:50:24.070#Z#DEBUG#3ed74488-8bc1-11f1-85f0-eeee0a91cfe7.OPERATION#flowable-async-job-executor-thread-62850#
[StageAppStep] Application stage timeout is default one: 3,600 seconds#
#2026 07 30 02:50:24.140#Z#DEBUG#3ed74488-8bc1-11f1-85f0-eeee0a91cfe7.OPERATION#flowable-async-job-executor-thread-62849#
[StageAppStep] Checking status of application "myfranchise-db-deployer"...#
#2026 07 30 02:50:24.140#Z#DEBUG#3ed74488-8bc1-11f1-85f0-eeee0a91cfe7.OPERATION#flowable-async-job-executor-thread-62849#
[StageAppStep] Getting build "a8988b68-ca3c-4f40-8f64-87366845b96f"...#
#2026 07 30 02:50:24.141#Z#DEBUG#3ed74488-8bc1-11f1-85f0-eeee0a91cfe7.OPERATION#flowable-async-job-executor-thread-62850#
[StageAppStep] Checking status of application "myfranchise-srv"...#
#2026 07 30 02:50:24.141#Z#DEBUG#3ed74488-8bc1-11f1-85f0-eeee0a91cfe7.OPERATION#flowable-async-job-executor-thread-62850#
[StageAppStep] Getting build "dd417963-2b66-4427-a09e-4e390bda68fe"...#
#2026 07 30 02:50:24.190#Z#DEBUG#3ed74488-8bc1-11f1-85f0-eeee0a91cfe7.OPERATION#flowable-async-job-executor-thread-62850#
[StageAppStep] Staging status of application "myfranchise-srv": PENDING#
#2026 07 30 02:50:24.191#Z#DEBUG#3ed74488-8bc1-11f1-85f0-eeee0a91cfe7.OPERATION#flowable-async-job-executor-thread-62850#
[StageAppStep] Getting application guid "myfranchise-srv"...#
#2026 07 30 02:50:24.198#Z#DEBUG#3ed74488-8bc1-11f1-85f0-eeee0a91cfe7.OPERATION#flowable-async-job-executor-thread-62849#
[StageAppStep] Staging status of application "myfranchise-db-deployer": STAGED#
#2026 07 30 02:50:24.200#Z#DEBUG#3ed74488-8bc1-11f1-85f0-eeee0a91cfe7.OPERATION#flowable-async-job-executor-thread-62849#
[StageAppStep] Getting application guid "myfranchise-db-deployer"...#
#2026 07 30 02:50:24.288#Z#DEBUG#3ed74488-8bc1-11f1-85f0-eeee0a91cfe7.OPERATION#flowable-async-job-executor-thread-62849#
[StageAppStep] Getting build "a8988b68-ca3c-4f40-8f64-87366845b96f"...#
#2026 07 30 02:50:24.311#Z#DEBUG#3ed74488-8bc1-11f1-85f0-eeee0a91cfe7.OPERATION#flowable-async-job-executor-thread-62850#
Step "Stage App" finished#
#2026 07 30 02:50:24.322#Z#DEBUG#3ed74488-8bc1-11f1-85f0-eeee0a91cfe7.OPERATION#flowable-async-job-executor-thread-62849#
[StageAppStep] Binding droplet "2d077f34-b105-443f-bc3e-b6874673f36b" to application "29787a82-7f21-42fb-b29e-68fef013f5a1"...#
#2026 07 30 02:50:24.391#Z#INFO#3ed74488-8bc1-11f1-85f0-eeee0a91cfe7.OPERATION#flowable-async-job-executor-thread-62849#
[StageAppStep] Application "myfranchise-db-deployer" staged#
#2026 07 30 02:50:24.397#Z#DEBUG#3ed74488-8bc1-11f1-85f0-eeee0a91cfe7.OPERATION#flowable-async-job-executor-thread-62849#
Step "Stage App" finished#
#2026 07 30 02:50:24.476#Z#DEBUG#3ed74488-8bc1-11f1-85f0-eeee0a91cfe7.OPERATION#flowable-async-job-executor-thread-62853#
[PrepareToExecuteTasksStep] Executing task "prepareToExecuteTasksTask" of process "69c0fc7b-8bc1-11f1-85f0-eeee0a91cfe7"...#
#2026 07 30 02:50:24.478#Z#DEBUG#3ed74488-8bc1-11f1-85f0-eeee0a91cfe7.OPERATION#flowable-async-job-executor-thread-62853#
Step "Prepare To Execute Tasks" finished#
#2026 07 30 02:50:24.509#Z#DEBUG#3ed74488-8bc1-11f1-85f0-eeee0a91cfe7.OPERATION#flowable-async-job-executor-thread-62854#
[ExecuteTaskStep] Executing task "executeTaskTask" of process "69c0fc7b-8bc1-11f1-85f0-eeee0a91cfe7"...#
#2026 07 30 02:50:24.511#Z#DEBUG#3ed74488-8bc1-11f1-85f0-eeee0a91cfe7.OPERATION#flowable-async-job-executor-thread-62854#
[ExecuteTaskStep] Application task execution timeout is default one: 43,200 seconds#
#2026 07 30 02:50:24.513#Z#INFO#3ed74488-8bc1-11f1-85f0-eeee0a91cfe7.OPERATION#flowable-async-job-executor-thread-62854#
[ExecuteTaskStep] Executing task "deploy" on application "myfranchise-db-deployer"...#
#2026 07 30 02:50:24.518#Z#DEBUG#3ed74488-8bc1-11f1-85f0-eeee0a91cfe7.OPERATION#flowable-async-job-executor-thread-62854#
[ExecuteTaskStep] Running task on application "myfranchise-db-deployer": {
  "name" : "deploy",
  "command" : "npm start",
  "limits" : {
    "memory" : 256
  }
}#
#2026 07 30 02:50:24.835#Z#DEBUG#3ed74488-8bc1-11f1-85f0-eeee0a91cfe7.OPERATION#flowable-async-job-executor-thread-62854#
Step "Execute Task" finished#
#2026 07 30 02:50:34.119#Z#DEBUG#3ed74488-8bc1-11f1-85f0-eeee0a91cfe7.OPERATION#flowable-async-job-executor-thread-27498#
[StageAppStep] Executing task "stageAppTask" of process "63e7078f-8bc1-11f1-949f-eeee0a998610"...#
#2026 07 30 02:50:34.122#Z#DEBUG#3ed74488-8bc1-11f1-85f0-eeee0a91cfe7.OPERATION#flowable-async-job-executor-thread-27498#
[StageAppStep] Application stage timeout is default one: 3,600 seconds#
#2026 07 30 02:50:34.124#Z#DEBUG#3ed74488-8bc1-11f1-85f0-eeee0a91cfe7.OPERATION#flowable-async-job-executor-thread-27498#
[StageAppStep] Checking status of application "myfranchise-srv"...#
#2026 07 30 02:50:34.124#Z#DEBUG#3ed74488-8bc1-11f1-85f0-eeee0a91cfe7.OPERATION#flowable-async-job-executor-thread-27498#
[StageAppStep] Getting build "dd417963-2b66-4427-a09e-4e390bda68fe"...#
#2026 07 30 02:50:34.160#Z#DEBUG#3ed74488-8bc1-11f1-85f0-eeee0a91cfe7.OPERATION#flowable-async-job-executor-thread-27498#
[StageAppStep] Staging status of application "myfranchise-srv": PENDING#
#2026 07 30 02:50:34.162#Z#DEBUG#3ed74488-8bc1-11f1-85f0-eeee0a91cfe7.OPERATION#flowable-async-job-executor-thread-27498#
[StageAppStep] Getting application guid "myfranchise-srv"...#
#2026 07 30 02:50:34.275#Z#DEBUG#3ed74488-8bc1-11f1-85f0-eeee0a91cfe7.OPERATION#flowable-async-job-executor-thread-27498#
Step "Stage App" finished#
#2026 07 30 02:50:34.094#Z#DEBUG#3ed74488-8bc1-11f1-85f0-eeee0a91cfe7.OPERATION#flowable-async-job-executor-thread-62858#
[ExecuteTaskStep] Executing task "executeTaskTask" of process "69c0fc7b-8bc1-11f1-85f0-eeee0a91cfe7"...#
#2026 07 30 02:50:34.096#Z#DEBUG#3ed74488-8bc1-11f1-85f0-eeee0a91cfe7.OPERATION#flowable-async-job-executor-thread-62858#
[ExecuteTaskStep] Application task execution timeout is default one: 43,200 seconds#
#2026 07 30 02:50:34.097#Z#DEBUG#3ed74488-8bc1-11f1-85f0-eeee0a91cfe7.OPERATION#flowable-async-job-executor-thread-62858#
[ExecuteTaskStep] Getting task "538b4286-6970-45d9-b971-a0ef96757e0c"...#
#2026 07 30 02:50:34.131#Z#DEBUG#3ed74488-8bc1-11f1-85f0-eeee0a91cfe7.OPERATION#flowable-async-job-executor-thread-62858#
[ExecuteTaskStep] Task execution status: succeeded#
#2026 07 30 02:50:34.133#Z#DEBUG#3ed74488-8bc1-11f1-85f0-eeee0a91cfe7.OPERATION#flowable-async-job-executor-thread-62858#
[ExecuteTaskStep] Getting application guid "myfranchise-db-deployer"...#
#2026 07 30 02:50:34.298#Z#DEBUG#3ed74488-8bc1-11f1-85f0-eeee0a91cfe7.OPERATION#flowable-async-job-executor-thread-62858#
Step "Execute Task" finished#
#2026 07 30 02:50:34.327#Z#DEBUG#3ed74488-8bc1-11f1-85f0-eeee0a91cfe7.OPERATION#flowable-async-job-executor-thread-62859#
[IncrementIndexStep] Executing task "incrementTaskIndexTask" of process "69c0fc7b-8bc1-11f1-85f0-eeee0a91cfe7"...#
#2026 07 30 02:50:34.329#Z#DEBUG#3ed74488-8bc1-11f1-85f0-eeee0a91cfe7.OPERATION#flowable-async-job-executor-thread-62859#
Step "Increment Task Index" finished#
#2026 07 30 02:50:34.380#Z#DEBUG#3ed74488-8bc1-11f1-85f0-eeee0a91cfe7.OPERATION#flowable-async-job-executor-thread-62860#
[PublishConfigurationEntriesStep] Executing task "publishProvidedDependenciesTask" of process "46bc71ff-8bc1-11f1-85f0-eeee0a91cfe7"...#
#2026 07 30 02:50:34.381#Z#DEBUG#3ed74488-8bc1-11f1-85f0-eeee0a91cfe7.OPERATION#flowable-async-job-executor-thread-62860#
[PublishConfigurationEntriesStep] Publishing public provided dependencies for application "myfranchise-db-deployer"...#
#2026 07 30 02:50:34.382#Z#DEBUG#3ed74488-8bc1-11f1-85f0-eeee0a91cfe7.OPERATION#flowable-async-job-executor-thread-62860#
[PublishConfigurationEntriesStep] No public provided dependencies for publishing#
#2026 07 30 02:50:34.382#Z#DEBUG#3ed74488-8bc1-11f1-85f0-eeee0a91cfe7.OPERATION#flowable-async-job-executor-thread-62860#
Step "Publish Provided Dependencies" finished#
#2026 07 30 02:50:34.410#Z#DEBUG#3ed74488-8bc1-11f1-85f0-eeee0a91cfe7.OPERATION#flowable-async-job-executor-thread-62861#
[CreateOrUpdateServiceBrokerStep] Executing task "createOrUpdateServiceBrokerTask" of process "46bc71ff-8bc1-11f1-85f0-eeee0a91cfe7"...#
#2026 07 30 02:50:34.411#Z#DEBUG#3ed74488-8bc1-11f1-85f0-eeee0a91cfe7.OPERATION#flowable-async-job-executor-thread-62861#
[CreateOrUpdateServiceBrokerStep] Creating service brokers...#
#2026 07 30 02:50:34.412#Z#DEBUG#3ed74488-8bc1-11f1-85f0-eeee0a91cfe7.OPERATION#flowable-async-job-executor-thread-62861#
Step "Create Or Update Service Broker " finished#
#2026 07 30 02:50:44.124#Z#DEBUG#3ed74488-8bc1-11f1-85f0-eeee0a91cfe7.OPERATION#flowable-async-job-executor-thread-31563#
[StageAppStep] Executing task "stageAppTask" of process "63e7078f-8bc1-11f1-949f-eeee0a998610"...#
#2026 07 30 02:50:44.127#Z#DEBUG#3ed74488-8bc1-11f1-85f0-eeee0a91cfe7.OPERATION#flowable-async-job-executor-thread-31563#
[StageAppStep] Application stage timeout is default one: 3,600 seconds#
#2026 07 30 02:50:44.128#Z#DEBUG#3ed74488-8bc1-11f1-85f0-eeee0a91cfe7.OPERATION#flowable-async-job-executor-thread-31563#
[StageAppStep] Checking status of application "myfranchise-srv"...#
#2026 07 30 02:50:44.128#Z#DEBUG#3ed74488-8bc1-11f1-85f0-eeee0a91cfe7.OPERATION#flowable-async-job-executor-thread-31563#
[StageAppStep] Getting build "dd417963-2b66-4427-a09e-4e390bda68fe"...#
#2026 07 30 02:50:44.165#Z#DEBUG#3ed74488-8bc1-11f1-85f0-eeee0a91cfe7.OPERATION#flowable-async-job-executor-thread-31563#
[StageAppStep] Staging status of application "myfranchise-srv": STAGED#
#2026 07 30 02:50:44.167#Z#DEBUG#3ed74488-8bc1-11f1-85f0-eeee0a91cfe7.OPERATION#flowable-async-job-executor-thread-31563#
[StageAppStep] Getting application guid "myfranchise-srv"...#
#2026 07 30 02:50:44.264#Z#DEBUG#3ed74488-8bc1-11f1-85f0-eeee0a91cfe7.OPERATION#flowable-async-job-executor-thread-31563#
[StageAppStep] Getting build "dd417963-2b66-4427-a09e-4e390bda68fe"...#
#2026 07 30 02:50:44.291#Z#DEBUG#3ed74488-8bc1-11f1-85f0-eeee0a91cfe7.OPERATION#flowable-async-job-executor-thread-31563#
[StageAppStep] Binding droplet "fb1b8a35-4e5e-4d07-ab75-d032bb092e47" to application "f3901205-c849-4715-a90c-c13290448bb6"...#
#2026 07 30 02:50:44.358#Z#INFO#3ed74488-8bc1-11f1-85f0-eeee0a91cfe7.OPERATION#flowable-async-job-executor-thread-31563#
[StageAppStep] Application "myfranchise-srv" staged#
#2026 07 30 02:50:44.365#Z#DEBUG#3ed74488-8bc1-11f1-85f0-eeee0a91cfe7.OPERATION#flowable-async-job-executor-thread-31563#
Step "Stage App" finished#
#2026 07 30 02:50:44.413#Z#DEBUG#3ed74488-8bc1-11f1-85f0-eeee0a91cfe7.OPERATION#flowable-async-job-executor-thread-31564#
[RestartAppStep] Executing task "startAppTask" of process "63e7078f-8bc1-11f1-949f-eeee0a998610"...#
#2026 07 30 02:50:44.418#Z#DEBUG#3ed74488-8bc1-11f1-85f0-eeee0a91cfe7.OPERATION#flowable-async-job-executor-thread-31564#
[RestartAppStep] Application start timeout is default one: 3,600 seconds#
#2026 07 30 02:50:44.430#Z#DEBUG#3ed74488-8bc1-11f1-85f0-eeee0a91cfe7.OPERATION#flowable-async-job-executor-thread-31564#
[RestartAppStep] Getting application "myfranchise-srv"...#
#2026 07 30 02:50:44.463#Z#INFO#3ed74488-8bc1-11f1-85f0-eeee0a91cfe7.OPERATION#flowable-async-job-executor-thread-31564#
[RestartAppStep] Starting application "myfranchise-srv"...#
#2026 07 30 02:50:44.468#Z#DEBUG#3ed74488-8bc1-11f1-85f0-eeee0a91cfe7.OPERATION#flowable-async-job-executor-thread-31564#
[RestartAppStep] Starting application "myfranchise-srv"...#
#2026 07 30 02:50:44.786#Z#DEBUG#3ed74488-8bc1-11f1-85f0-eeee0a91cfe7.OPERATION#flowable-async-job-executor-thread-31564#
Step "Start App" finished#
#2026 07 30 02:50:54.136#Z#DEBUG#3ed74488-8bc1-11f1-85f0-eeee0a91cfe7.OPERATION#flowable-async-job-executor-thread-31566#
[RestartAppStep] Executing task "startAppTask" of process "75e22622-8bc1-11f1-949f-eeee0a998610"...#
#2026 07 30 02:50:54.139#Z#DEBUG#3ed74488-8bc1-11f1-85f0-eeee0a91cfe7.OPERATION#flowable-async-job-executor-thread-31566#
[RestartAppStep] Application start timeout is default one: 3,600 seconds#
#2026 07 30 02:50:54.141#Z#DEBUG#3ed74488-8bc1-11f1-85f0-eeee0a91cfe7.OPERATION#flowable-async-job-executor-thread-31566#
[RestartAppStep] Checking status of application "myfranchise-srv"...#
#2026 07 30 02:50:54.141#Z#DEBUG#3ed74488-8bc1-11f1-85f0-eeee0a91cfe7.OPERATION#flowable-async-job-executor-thread-31566#
[RestartAppStep] Getting application "myfranchise-srv"...#
#2026 07 30 02:50:54.182#Z#DEBUG#3ed74488-8bc1-11f1-85f0-eeee0a91cfe7.OPERATION#flowable-async-job-executor-thread-31566#
[RestartAppStep] Getting instances for application "myfranchise-srv"...#
#2026 07 30 02:50:54.229#Z#DEBUG#3ed74488-8bc1-11f1-85f0-eeee0a91cfe7.OPERATION#flowable-async-job-executor-thread-31566#
[RestartAppStep] Application "myfranchise-srv": 1 of 1 instances running (1 running)#
#2026 07 30 02:50:54.301#Z#DEBUG#3ed74488-8bc1-11f1-85f0-eeee0a91cfe7.OPERATION#flowable-async-job-executor-thread-31566#
[RestartAppStep] Getting routes for application "f3901205-c849-4715-a90c-c13290448bb6"...#
#2026 07 30 02:50:54.344#Z#INFO#3ed74488-8bc1-11f1-85f0-eeee0a91cfe7.OPERATION#flowable-async-job-executor-thread-31566#
[RestartAppStep] Application "myfranchise-srv" started and available at "sa-build-platform-org-dev-myfranchise-srv.cfapps.us10.hana.ondemand.com"#
#2026 07 30 02:50:54.352#Z#DEBUG#3ed74488-8bc1-11f1-85f0-eeee0a91cfe7.OPERATION#flowable-async-job-executor-thread-31566#
Step "Start App" finished#
